{
  "layer_0": {
    "task0": 0.5000210863697706,
    "task1": 0.0851889338731444,
    "task2": 0.17354082321187583
  },
  "layer_1": {
    "task0": 0.49951501349527666,
    "task1": 0.1253162955465587,
    "task2": 0.07360197368421052
  },
  "layer_10": {
    "task0": 0.5364056174089069,
    "task1": 0.08620107962213225,
    "task2": 0.14269146423751686
  },
  "layer_11": {
    "task0": 0.49910382928475033,
    "task1": 0.1537618083670715,
    "task2": 0.16702513495276652
  },
  "layer_12": {
    "task0": 0.49290443657219973,
    "task1": 0.10225835020242915,
    "task2": 0.1714427294197031
  },
  "layer_13": {
    "task0": 0.4359923245614035,
    "task1": 0.1154689608636977,
    "task2": 0.11241143724696356
  },
  "layer_14": {
    "task0": 0.4987031882591093,
    "task1": 0.11311783063427801,
    "task2": 0.09559505735492578
  },
  "layer_15": {
    "task0": 0.4997680499325236,
    "task1": 0.13993969298245615,
    "task2": 0.12860576923076922
  },
  "layer_16": {
    "task0": 0.4551914642375169,
    "task1": 0.13070386302294196,
    "task2": 0.12866902834008098
  },
  "layer_17": {
    "task0": 0.4522710020242915,
    "task1": 0.09202091767881242,
    "task2": 0.10082447705802969
  },
  "layer_18": {
    "task0": 0.4643218623481781,
    "task1": 0.09071356275303644,
    "task2": 0.11030280026990553
  },
  "layer_19": {
    "task0": 0.47744812753036436,
    "task1": 0.1099127024291498,
    "task2": 0.12260669703103913
  },
  "layer_2": {
    "task0": 0.5000210863697706,
    "task1": 0.1253162955465587,
    "task2": 0.11959134615384616
  },
  "layer_20": {
    "task0": 0.5005693319838057,
    "task1": 0.10244812753036438,
    "task2": 0.14209050269905532
  },
  "layer_21": {
    "task0": 0.4819184379217274,
    "task1": 0.11650219298245613,
    "task2": 0.12934379217273953
  },
  "layer_22": {
    "task0": 0.49522393724696356,
    "task1": 0.11562710863697706,
    "task2": 0.11592231781376518
  },
  "layer_23": {
    "task0": 0.508793016194332,
    "task1": 0.11819964574898785,
    "task2": 0.1253162955465587
  },
  "layer_3": {
    "task0": 0.5000738022941971,
    "task1": 0.08611673414304993,
    "task2": 0.17923414304993252
  },
  "layer_4": {
    "task0": 0.4996942476383266,
    "task1": 0.08611673414304993,
    "task2": 0.11957025978407558
  },
  "layer_5": {
    "task0": 0.49181848852901483,
    "task1": 0.1253162955465587,
    "task2": 0.1818277665317139
  },
  "layer_6": {
    "task0": 0.5000210863697706,
    "task1": 0.1253162955465587,
    "task2": 0.11959134615384616
  },
  "layer_7": {
    "task0": 0.49940958164642374,
    "task1": 0.08611673414304993,
    "task2": 0.11989709851551957
  },
  "layer_8": {
    "task0": 0.5007801956815114,
    "task1": 0.08611673414304993,
    "task2": 0.16596027327935223
  },
  "layer_9": {
    "task0": 0.49697410593792174,
    "task1": 0.16571778002699056,
    "task2": 0.11979166666666667
  }
}