{
  "layer_0": {
    "task0": 0.5,
    "task1": 0.11775369956574898,
    "task2": 0.17355284792782158
  },
  "layer_1": {
    "task0": 0.5000421602934356,
    "task1": 0.11781694000590244,
    "task2": 0.11960875247691724
  },
  "layer_10": {
    "task0": 0.4996943378725916,
    "task1": 0.08636536110291328,
    "task2": 0.0932585690796408
  },
  "layer_11": {
    "task0": 0.502245035625448,
    "task1": 0.12980100341498377,
    "task2": 0.14394578186264176
  },
  "layer_12": {
    "task0": 0.49998945992664107,
    "task1": 0.13675745183186475,
    "task2": 0.15965049116741853
  },
  "layer_13": {
    "task0": 0.5016020911505544,
    "task1": 0.09043382941945276,
    "task2": 0.15197731776213164
  },
  "layer_14": {
    "task0": 0.5,
    "task1": 0.1136852312492095,
    "task2": 0.1150870610059446
  },
  "layer_15": {
    "task0": 0.5008010455752772,
    "task1": 0.15143977402082717,
    "task2": 0.11863906572789747
  },
  "layer_16": {
    "task0": 0.5,
    "task1": 0.16048315696277246,
    "task2": 0.11970361313714743
  },
  "layer_17": {
    "task0": 0.49998945992664107,
    "task1": 0.14926851890889162,
    "task2": 0.13923436907120873
  },
  "layer_18": {
    "task0": 0.5007272650617648,
    "task1": 0.13241494160799358,
    "task2": 0.15207217842236181
  },
  "layer_19": {
    "task0": 0.4990408533243391,
    "task1": 0.12035709768539989,
    "task2": 0.14869935494751044
  },
  "layer_2": {
    "task0": 0.5,
    "task1": 0.12532147223744677,
    "task2": 0.11958767233019942
  },
  "layer_20": {
    "task0": 0.5003899827142797,
    "task1": 0.144978709051815,
    "task2": 0.11869176609469202
  },
  "layer_21": {
    "task0": 0.500126480880307,
    "task1": 0.12262321345756566,
    "task2": 0.11914498924912517
  },
  "layer_22": {
    "task0": 0.4981871073822674,
    "task1": 0.1316244361060753,
    "task2": 0.1192714701294321
  },
  "layer_23": {
    "task0": 0.4990197731776213,
    "task1": 0.13586154559635735,
    "task2": 0.11603566760824656
  },
  "layer_3": {
    "task0": 0.5,
    "task1": 0.08611239934229942,
    "task2": 0.18179518529448965
  },
  "layer_4": {
    "task0": 0.5,
    "task1": 0.14233315063872845,
    "task2": 0.11958767233019942
  },
  "layer_5": {
    "task0": 0.5,
    "task1": 0.12532147223744677,
    "task2": 0.18179518529448965
  },
  "layer_6": {
    "task0": 0.4993043551583119,
    "task1": 0.12532147223744677,
    "task2": 0.11961929255027615
  },
  "layer_7": {
    "task0": 0.5,
    "task1": 0.124351785488427,
    "task2": 0.11863906572789747
  },
  "layer_8": {
    "task0": 0.4999367595598465,
    "task1": 0.08611239934229942,
    "task2": 0.178453982039715
  },
  "layer_9": {
    "task0": 0.5,
    "task1": 0.12097896201357561,
    "task2": 0.13048610818331297
  }
}