{
  "layer_0": {
    "task0": 0.5,
    "task1": 0.08611239934229942,
    "task2": 0.18179518529448965
  },
  "layer_1": {
    "task0": 0.5,
    "task1": 0.11781694000590244,
    "task2": 0.18179518529448965
  },
  "layer_10": {
    "task0": 0.5,
    "task1": 0.08453138833846284,
    "task2": 0.16677558075804208
  },
  "layer_11": {
    "task0": 0.5062186432817573,
    "task1": 0.08623888022260635,
    "task2": 0.1801298537037818
  },
  "layer_12": {
    "task0": 0.49654285593827735,
    "task1": 0.11686833340360049,
    "task2": 0.26227918546313084
  },
  "layer_13": {
    "task0": 0.5,
    "task1": 0.12519499135713985,
    "task2": 0.1154875837935832
  },
  "layer_14": {
    "task0": 0.5,
    "task1": 0.0875880096125469,
    "task2": 0.14301825540705762
  },
  "layer_15": {
    "task0": 0.5049327543319702,
    "task1": 0.1357139845693326,
    "task2": 0.11958767233019942
  },
  "layer_16": {
    "task0": 0.4806062650196045,
    "task1": 0.1921033770395042,
    "task2": 0.1760613853872423
  },
  "layer_17": {
    "task0": 0.5,
    "task1": 0.08931658164340824,
    "task2": 0.1411948227159661
  },
  "layer_18": {
    "task0": 0.5000948606602302,
    "task1": 0.10056283991736582,
    "task2": 0.11958767233019942
  },
  "layer_19": {
    "task0": 0.5,
    "task1": 0.11863906572789747,
    "task2": 0.09244698343100467
  },
  "layer_2": {
    "task0": 0.5,
    "task1": 0.08611239934229942,
    "task2": 0.18179518529448965
  },
  "layer_20": {
    "task0": 0.5000105400733589,
    "task1": 0.15603524600531218,
    "task2": 0.18179518529448965
  },
  "layer_21": {
    "task0": 0.4951199460348244,
    "task1": 0.08611239934229942,
    "task2": 0.14595893587419367
  },
  "layer_22": {
    "task0": 0.49425566001939375,
    "task1": 0.14248071166575318,
    "task2": 0.11043888865466504
  },
  "layer_23": {
    "task0": 0.5,
    "task1": 0.08185420970529955,
    "task2": 0.18178464522113075
  },
  "layer_24": {
    "task0": 0.5000527003667945,
    "task1": 0.05684261562460475,
    "task2": 0.11940849108309794
  },
  "layer_25": {
    "task0": 0.5000210801467179,
    "task1": 0.1535583287659682,
    "task2": 0.17342636704751466
  },
  "layer_26": {
    "task0": 0.5,
    "task1": 0.09938235170116784,
    "task2": 0.14161642565032254
  },
  "layer_27": {
    "task0": 0.479014713942409,
    "task1": 0.13734769593996374,
    "task2": 0.07505586238880223
  },
  "layer_28": {
    "task0": 0.5,
    "task1": 0.09089759264724483,
    "task2": 0.1614317635650744
  },
  "layer_29": {
    "task0": 0.5,
    "task1": 0.18006661326362833,
    "task2": 0.13355326953075594
  },
  "layer_3": {
    "task0": 0.5,
    "task1": 0.12532147223744677,
    "task2": 0.11958767233019942
  },
  "layer_30": {
    "task0": 0.5,
    "task1": 0.14433576457692146,
    "task2": 0.12752434756945907
  },
  "layer_31": {
    "task0": 0.5,
    "task1": 0.1082149331759349,
    "task2": 0.1378114591677558
  },
  "layer_4": {
    "task0": 0.5,
    "task1": 0.12532147223744677,
    "task2": 0.12044141827227117
  },
  "layer_5": {
    "task0": 0.5,
    "task1": 0.12532147223744677,
    "task2": 0.11939795100973903
  },
  "layer_6": {
    "task0": 0.5,
    "task1": 0.12532147223744677,
    "task2": 0.1411948227159661
  },
  "layer_7": {
    "task0": 0.5,
    "task1": 0.12532147223744677,
    "task2": 0.18231164888907628
  },
  "layer_8": {
    "task0": 0.5,
    "task1": 0.11781694000590244,
    "task2": 0.18179518529448965
  },
  "layer_9": {
    "task0": 0.49998945992664107,
    "task1": 0.08611239934229942,
    "task2": 0.1408997006619166
  }
}