{
  "layer_0": {
    "task0": 0.4973017413332016,
    "task1": 0.21716767119297847,
    "task2": 0.19625616582559163
  },
  "layer_1": {
    "task0": 0.49608963185907884,
    "task1": 0.3590159786117434,
    "task2": 0.1988174034330233
  },
  "layer_10": {
    "task0": 0.9011657311968972,
    "task1": 0.9695708071555017,
    "task2": 0.9569332597126943
  },
  "layer_11": {
    "task0": 0.9115898638619425,
    "task1": 0.981091107175334,
    "task2": 0.9705721145832116
  },
  "layer_12": {
    "task0": 0.9163539770126313,
    "task1": 0.9800054796419828,
    "task2": 0.9714047799124134
  },
  "layer_13": {
    "task0": 0.9320797664534458,
    "task1": 0.9803743817056984,
    "task2": 0.9824296964919157
  },
  "layer_14": {
    "task0": 0.9285488415358214,
    "task1": 0.9795311758445243,
    "task2": 0.982587797340376
  },
  "layer_15": {
    "task0": 0.9290020652167175,
    "task1": 0.9825877971638415,
    "task2": 0.9841161084963421
  },
  "layer_16": {
    "task0": 0.9289915243800502,
    "task1": 0.9800054791532141,
    "task2": 0.9834626246887815
  },
  "layer_17": {
    "task0": 0.9276423952194163,
    "task1": 0.9818816119817937,
    "task2": 0.9849803945419283
  },
  "layer_18": {
    "task0": 0.9279691380049278,
    "task1": 0.9819870144411507,
    "task2": 0.985770899555078
  },
  "layer_19": {
    "task0": 0.9279164368974413,
    "task1": 0.9828302183246336,
    "task2": 0.986645726140175
  },
  "layer_2": {
    "task0": 0.5042687291882936,
    "task1": 0.4455499807461035,
    "task2": 0.21630338528466225
  },
  "layer_20": {
    "task0": 0.9283696612737962,
    "task1": 0.9835574844091687,
    "task2": 0.9879737749097067
  },
  "layer_21": {
    "task0": 0.9323116477701856,
    "task1": 0.9830199401489402,
    "task2": 0.9882583573942438
  },
  "layer_22": {
    "task0": 0.9308781970376042,
    "task1": 0.9832834422348362,
    "task2": 0.9885429388710879
  },
  "layer_23": {
    "task0": 0.9299401322042737,
    "task1": 0.982482396659559,
    "task2": 0.988469158861422
  },
  "layer_3": {
    "task0": 0.5216493100123284,
    "task1": 0.5307980943032213,
    "task2": 0.2437497362537817
  },
  "layer_4": {
    "task0": 0.5580968838636617,
    "task1": 0.709420716612017,
    "task2": 0.40048062702288056
  },
  "layer_5": {
    "task0": 0.5860702381718444,
    "task1": 0.845566845099381,
    "task2": 0.5821177106924084
  },
  "layer_6": {
    "task0": 0.5898225038666977,
    "task1": 0.9103250553183353,
    "task2": 0.7513385886814338
  },
  "layer_7": {
    "task0": 0.7069437999217525,
    "task1": 0.939183776284974,
    "task2": 0.8615561355505491
  },
  "layer_8": {
    "task0": 0.7798284072978806,
    "task1": 0.9466145283529341,
    "task2": 0.9276423952872659
  },
  "layer_9": {
    "task0": 0.8003815506040771,
    "task1": 0.955647370304294,
    "task2": 0.9390151343403842
  }
}