{
  "layer_0": {
    "task0": 0.5,
    "task1": 0.20033517433281336,
    "task2": 0.18009823348370504
  },
  "layer_1": {
    "task0": 0.5003372823474851,
    "task1": 0.2798705678991526,
    "task2": 0.18179518529448965
  },
  "layer_10": {
    "task0": 0.6210422024537291,
    "task1": 0.8778300096968675,
    "task2": 0.4869303090349509
  },
  "layer_11": {
    "task0": 0.5962097896201357,
    "task1": 0.8753320123108057,
    "task2": 0.49088283654454234
  },
  "layer_12": {
    "task0": 0.4728066107340107,
    "task1": 0.8920274885113201,
    "task2": 0.540305240524474
  },
  "layer_13": {
    "task0": 0.4361060752982841,
    "task1": 0.8706100594460138,
    "task2": 0.5135018339727645
  },
  "layer_14": {
    "task0": 0.45172646401618954,
    "task1": 0.8513217251992073,
    "task2": 0.5082634175133859
  },
  "layer_15": {
    "task0": 0.42840128167292046,
    "task1": 0.8743412454150681,
    "task2": 0.49155740123951264
  },
  "layer_16": {
    "task0": 0.4099877735149037,
    "task1": 0.8638854926430288,
    "task2": 0.5096125469033265
  },
  "layer_17": {
    "task0": 0.42165563472321765,
    "task1": 0.8665099709093975,
    "task2": 0.5175703022893039
  },
  "layer_18": {
    "task0": 0.41134744297820314,
    "task1": 0.8691766094692019,
    "task2": 0.5165584552468485
  },
  "layer_19": {
    "task0": 0.4327437918967916,
    "task1": 0.8573717273072221,
    "task2": 0.5105506134322695
  },
  "layer_2": {
    "task0": 0.5,
    "task1": 0.29492179265567686,
    "task2": 0.1843248029006282
  },
  "layer_20": {
    "task0": 0.444127071124415,
    "task1": 0.8619566592183482,
    "task2": 0.5346030608373035
  },
  "layer_21": {
    "task0": 0.39473628736456007,
    "task1": 0.8467051730680045,
    "task2": 0.5180024452970192
  },
  "layer_22": {
    "task0": 0.416079935916354,
    "task1": 0.8424364433576458,
    "task2": 0.5159471309920317
  },
  "layer_23": {
    "task0": 0.40885998566550025,
    "task1": 0.8596694632994646,
    "task2": 0.52486403305367
  },
  "layer_3": {
    "task0": 0.5,
    "task1": 0.37084194105990975,
    "task2": 0.17184535604367807
  },
  "layer_4": {
    "task0": 0.5,
    "task1": 0.5532273704624984,
    "task2": 0.1529364644377925
  },
  "layer_5": {
    "task0": 0.5175386820692272,
    "task1": 0.6569416923141785,
    "task2": 0.10847843500990767
  },
  "layer_6": {
    "task0": 0.5,
    "task1": 0.82933513217252,
    "task2": 0.16932627851089843
  },
  "layer_7": {
    "task0": 0.5525949660609638,
    "task1": 0.790779543825625,
    "task2": 0.16363463889708674
  },
  "layer_8": {
    "task0": 0.5353514060457861,
    "task1": 0.816476242674649,
    "task2": 0.188119229309836
  },
  "layer_9": {
    "task0": 0.537606981744593,
    "task1": 0.8474429782031283,
    "task2": 0.3896559720055652
  }
}