{
  "layer_0": {
    "task0": 0.5000210863697706,
    "task1": 0.07272688933873145,
    "task2": 0.17354082321187583
  },
  "layer_1": {
    "task0": 0.4999789136302294,
    "task1": 0.08611673414304993,
    "task2": 0.14291287112010798
  },
  "layer_10": {
    "task0": 0.5000421727395412,
    "task1": 0.1717695681511471,
    "task2": 0.09068193319838057
  },
  "layer_11": {
    "task0": 0.4996837044534413,
    "task1": 0.11103028002699056,
    "task2": 0.19690452091767882
  },
  "layer_12": {
    "task0": 0.48993125843454793,
    "task1": 0.12188976045883941,
    "task2": 0.1509256916329285
  },
  "layer_13": {
    "task0": 0.466314524291498,
    "task1": 0.13347672064777327,
    "task2": 0.1448001012145749
  },
  "layer_14": {
    "task0": 0.498692645074224,
    "task1": 0.1003922064777328,
    "task2": 0.11789389338731444
  },
  "layer_15": {
    "task0": 0.49966261808367074,
    "task1": 0.12989203778677463,
    "task2": 0.11935939608636977
  },
  "layer_16": {
    "task0": 0.4422022604588394,
    "task1": 0.1494074730094467,
    "task2": 0.09272731106612686
  },
  "layer_17": {
    "task0": 0.48647309379217274,
    "task1": 0.12276484480431848,
    "task2": 0.13309716599190283
  },
  "layer_18": {
    "task0": 0.48954116059379216,
    "task1": 0.12987095141700405,
    "task2": 0.11358173076923077
  },
  "layer_19": {
    "task0": 0.48849738529014847,
    "task1": 0.12313385627530364,
    "task2": 0.12256452429149797
  },
  "layer_2": {
    "task0": 0.5000210863697706,
    "task1": 0.07372849190283401,
    "task2": 0.11959134615384616
  },
  "layer_20": {
    "task0": 0.4961622807017544,
    "task1": 0.1306616902834008,
    "task2": 0.13908569500674764
  },
  "layer_21": {
    "task0": 0.4842906545209177,
    "task1": 0.12187921727395412,
    "task2": 0.13481570512820512
  },
  "layer_22": {
    "task0": 0.49306258434547906,
    "task1": 0.12299679487179487,
    "task2": 0.12076163967611336
  },
  "layer_23": {
    "task0": 0.5011492071524967,
    "task1": 0.12890097840755735,
    "task2": 0.1254217273954116
  },
  "layer_3": {
    "task0": 0.4998734817813765,
    "task1": 0.08611673414304993,
    "task2": 0.18144821187584345
  },
  "layer_4": {
    "task0": 0.5000210863697706,
    "task1": 0.08611673414304993,
    "task2": 0.1194437415654521
  },
  "layer_5": {
    "task0": 0.5000210863697706,
    "task1": 0.0956688596491228,
    "task2": 0.11941211201079623
  },
  "layer_6": {
    "task0": 0.5000210863697706,
    "task1": 0.0902180330634278,
    "task2": 0.1209408738191633
  },
  "layer_7": {
    "task0": 0.5000210863697706,
    "task1": 0.12475750674763833,
    "task2": 0.12471533400809717
  },
  "layer_8": {
    "task0": 0.5001054318488529,
    "task1": 0.12036099865047234,
    "task2": 0.1727289979757085
  },
  "layer_9": {
    "task0": 0.49919871794871795,
    "task1": 0.08613782051282051,
    "task2": 0.11085104588394062
  }
}