{
  "layer_0": {
    "task0": 0.4999789136302294,
    "task1": 0.08611673414304993,
    "task2": 0.17354082321187583
  },
  "layer_1": {
    "task0": 0.5000210863697706,
    "task1": 0.1363444669365722,
    "task2": 0.11959134615384616
  },
  "layer_10": {
    "task0": 0.5001265182186235,
    "task1": 0.08892122132253712,
    "task2": 0.17376223009446692
  },
  "layer_11": {
    "task0": 0.5120508603238867,
    "task1": 0.12240637651821862,
    "task2": 0.1793712044534413
  },
  "layer_12": {
    "task0": 0.4990511133603239,
    "task1": 0.11774628879892038,
    "task2": 0.1180309547908232
  },
  "layer_13": {
    "task0": 0.4837424089068826,
    "task1": 0.11456224696356275,
    "task2": 0.17115806342780027
  },
  "layer_14": {
    "task0": 0.47919829622132254,
    "task1": 0.1255377024291498,
    "task2": 0.12356612685560053
  },
  "layer_15": {
    "task0": 0.4564777327935223,
    "task1": 0.08806722334682861,
    "task2": 0.1407409750337382
  },
  "layer_16": {
    "task0": 0.4548119095816464,
    "task1": 0.09571103238866396,
    "task2": 0.1003922064777328
  },
  "layer_17": {
    "task0": 0.48998397435897434,
    "task1": 0.1136555330634278,
    "task2": 0.14195344129554655
  },
  "layer_18": {
    "task0": 0.5126729082321188,
    "task1": 0.11888495276653172,
    "task2": 0.11574308367071524
  },
  "layer_19": {
    "task0": 0.4970057354925776,
    "task1": 0.11789389338731444,
    "task2": 0.1416898616734143
  },
  "layer_2": {
    "task0": 0.5000210863697706,
    "task1": 0.12781503036437247,
    "task2": 0.17288714574898786
  },
  "layer_20": {
    "task0": 0.48923540823211875,
    "task1": 0.11734564777327935,
    "task2": 0.13672402159244265
  },
  "layer_21": {
    "task0": 0.49001560391363025,
    "task1": 0.10858426113360324,
    "task2": 0.11845268218623482
  },
  "layer_22": {
    "task0": 0.4969319331983806,
    "task1": 0.10558999662618083,
    "task2": 0.12586454116059378
  },
  "layer_23": {
    "task0": 0.5013917004048583,
    "task1": 0.11176830296896087,
    "task2": 0.14260711875843454
  },
  "layer_3": {
    "task0": 0.4999789136302294,
    "task1": 0.08611673414304993,
    "task2": 0.1818277665317139
  },
  "layer_4": {
    "task0": 0.4999789136302294,
    "task1": 0.12726678475033737,
    "task2": 0.11959134615384616
  },
  "layer_5": {
    "task0": 0.49606739203778677,
    "task1": 0.1253162955465587,
    "task2": 0.05194627192982456
  },
  "layer_6": {
    "task0": 0.5002952091767882,
    "task1": 0.1253162955465587,
    "task2": 0.11959134615384616
  },
  "layer_7": {
    "task0": 0.49039515856950067,
    "task1": 0.15262314439946018,
    "task2": 0.11960188933873145
  },
  "layer_8": {
    "task0": 0.4997680499325236,
    "task1": 0.12029773954116059,
    "task2": 0.17354082321187583
  },
  "layer_9": {
    "task0": 0.4936635458839406,
    "task1": 0.14497933535762483,
    "task2": 0.11551113360323886
  }
}