{
  "layer_0": {
    "task0": 0.5002952091767882,
    "task1": 0.08663335020242915,
    "task2": 0.1818277665317139
  },
  "layer_1": {
    "task0": 0.4999789136302294,
    "task1": 0.08636977058029689,
    "task2": 0.1818277665317139
  },
  "layer_10": {
    "task0": 0.5221090587044535,
    "task1": 0.6746900303643725,
    "task2": 0.503415991902834
  },
  "layer_11": {
    "task0": 0.6015519568151148,
    "task1": 0.7835062415654521,
    "task2": 0.5919365721997301
  },
  "layer_12": {
    "task0": 0.6999198717948718,
    "task1": 0.6862031882591093,
    "task2": 0.7281439777327935
  },
  "layer_13": {
    "task0": 0.8316253373819164,
    "task1": 0.6891974527665317,
    "task2": 0.7117704116059379
  },
  "layer_14": {
    "task0": 0.7638115721997301,
    "task1": 0.7259615384615384,
    "task2": 0.6869939271255061
  },
  "layer_15": {
    "task0": 0.7684927462887989,
    "task1": 0.7623038967611336,
    "task2": 0.7855516194331984
  },
  "layer_16": {
    "task0": 0.679213056680162,
    "task1": 0.7375906713900134,
    "task2": 0.7655617408906883
  },
  "layer_17": {
    "task0": 0.6439461032388664,
    "task1": 0.6877635796221323,
    "task2": 0.736409834682861
  },
  "layer_18": {
    "task0": 0.6491017206477733,
    "task1": 0.6675733805668016,
    "task2": 0.7206688596491229
  },
  "layer_19": {
    "task0": 0.6279942645074224,
    "task1": 0.6053369601889339,
    "task2": 0.6826079622132254
  },
  "layer_2": {
    "task0": 0.5000210863697706,
    "task1": 0.09816759446693657,
    "task2": 0.1818277665317139
  },
  "layer_20": {
    "task0": 0.612611757759784,
    "task1": 0.6186530026990553,
    "task2": 0.6744264507422402
  },
  "layer_21": {
    "task0": 0.5579558873144399,
    "task1": 0.5998861336032388,
    "task2": 0.670641447368421
  },
  "layer_22": {
    "task0": 0.572494939271255,
    "task1": 0.5602648448043185,
    "task2": 0.6311255904183536
  },
  "layer_23": {
    "task0": 0.5390941295546559,
    "task1": 0.5276864035087719,
    "task2": 0.6196756916329285
  },
  "layer_3": {
    "task0": 0.4999789136302294,
    "task1": 0.09932734480431848,
    "task2": 0.18184885290148448
  },
  "layer_4": {
    "task0": 0.4999789136302294,
    "task1": 0.16648743252361672,
    "task2": 0.18376771255060728
  },
  "layer_5": {
    "task0": 0.5018028846153846,
    "task1": 0.22592990890688258,
    "task2": 0.18156418690958165
  },
  "layer_6": {
    "task0": 0.500326838731444,
    "task1": 0.32615342442645073,
    "task2": 0.18339870107962214
  },
  "layer_7": {
    "task0": 0.5081077091767882,
    "task1": 0.5216767881241565,
    "task2": 0.17826417004048584
  },
  "layer_8": {
    "task0": 0.4875906713900135,
    "task1": 0.49362137314439947,
    "task2": 0.20345183873144398
  },
  "layer_9": {
    "task0": 0.4712909075573549,
    "task1": 0.40024038461538464,
    "task2": 0.407304318488529
  }
}