{
  "layer_0": {
    "task0": 0.5,
    "task1": 0.2065643576879295,
    "task2": 0.18179518529448965
  },
  "layer_1": {
    "task0": 0.5,
    "task1": 0.18705468190058602,
    "task2": 0.21698849023989206
  },
  "layer_10": {
    "task0": 0.5195202158607024,
    "task1": 0.3691871495425608,
    "task2": 0.2557548800539652
  },
  "layer_11": {
    "task0": 0.505881360934272,
    "task1": 0.49428728023947044,
    "task2": 0.2746953918799275
  },
  "layer_12": {
    "task0": 0.5229141194822716,
    "task1": 0.49162064167966607,
    "task2": 0.30864496816897846
  },
  "layer_13": {
    "task0": 0.533116910493697,
    "task1": 0.4216029343564231,
    "task2": 0.3170875669294658
  },
  "layer_14": {
    "task0": 0.5394093342889666,
    "task1": 0.3967705215228298,
    "task2": 0.29725114886799614
  },
  "layer_15": {
    "task0": 0.5390931320881993,
    "task1": 0.37876807622581055,
    "task2": 0.31231291369787934
  },
  "layer_16": {
    "task0": 0.5262974830304818,
    "task1": 0.3943990050170749,
    "task2": 0.3817614570597411
  },
  "layer_17": {
    "task0": 0.5263923436907121,
    "task1": 0.3689658080020237,
    "task2": 0.3812239133184367
  },
  "layer_18": {
    "task0": 0.533591213794848,
    "task1": 0.3779354104304566,
    "task2": 0.3822884607276867
  },
  "layer_19": {
    "task0": 0.539967958176989,
    "task1": 0.4209810700282474,
    "task2": 0.37915805894009025
  },
  "layer_2": {
    "task0": 0.5,
    "task1": 0.3728340149247439,
    "task2": 0.18179518529448965
  },
  "layer_20": {
    "task0": 0.5381445254858974,
    "task1": 0.4319322062481555,
    "task2": 0.4127176525148615
  },
  "layer_21": {
    "task0": 0.5314621189763481,
    "task1": 0.41075719887010415,
    "task2": 0.43140520258021
  },
  "layer_22": {
    "task0": 0.5349719634048653,
    "task1": 0.43860407268434587,
    "task2": 0.3791685990134491
  },
  "layer_23": {
    "task0": 0.5323685652852144,
    "task1": 0.42370040895484634,
    "task2": 0.38735823601332264
  },
  "layer_24": {
    "task0": 0.5257599392891774,
    "task1": 0.4180930899279059,
    "task2": 0.37987478392849616
  },
  "layer_25": {
    "task0": 0.5314621189763481,
    "task1": 0.42590328428685864,
    "task2": 0.3416459378557275
  },
  "layer_26": {
    "task0": 0.5270352881656056,
    "task1": 0.40824866141068344,
    "task2": 0.35467346852734094
  },
  "layer_27": {
    "task0": 0.5269404275053754,
    "task1": 0.46689362957966185,
    "task2": 0.39650701968885704
  },
  "layer_28": {
    "task0": 0.5152936464437793,
    "task1": 0.4172182638391163,
    "task2": 0.38276276402883763
  },
  "layer_29": {
    "task0": 0.5129959104515367,
    "task1": 0.4519478055567267,
    "task2": 0.37987478392849616
  },
  "layer_3": {
    "task0": 0.5,
    "task1": 0.4126017117079135,
    "task2": 0.22301741220118892
  },
  "layer_30": {
    "task0": 0.5287954804165437,
    "task1": 0.4638475483789367,
    "task2": 0.34959315316834605
  },
  "layer_31": {
    "task0": 0.5043741304439479,
    "task1": 0.5217336312660736,
    "task2": 0.4013554534339559
  },
  "layer_4": {
    "task0": 0.5,
    "task1": 0.45032463425945446,
    "task2": 0.20532062903157805
  },
  "layer_5": {
    "task0": 0.5,
    "task1": 0.6927252413676799,
    "task2": 0.2153336987225431
  },
  "layer_6": {
    "task0": 0.4999367595598465,
    "task1": 0.7100531219697289,
    "task2": 0.23242969771069608
  },
  "layer_7": {
    "task0": 0.50919094396897,
    "task1": 0.7737784054977023,
    "task2": 0.21226653737510012
  },
  "layer_8": {
    "task0": 0.5000105400733589,
    "task1": 0.5310932164087862,
    "task2": 0.20555251064547408
  },
  "layer_9": {
    "task0": 0.5160419916522619,
    "task1": 0.6204308781989123,
    "task2": 0.22985791981112189
  }
}