{
  "layer_0": {
    "task0": 0.5,
    "task1": 0.08611239934229942,
    "task2": 0.18179518529448965
  },
  "layer_1": {
    "task0": 0.5,
    "task1": 0.11781694000590244,
    "task2": 0.18179518529448965
  },
  "layer_10": {
    "task0": 0.5,
    "task1": 0.10702390488637802,
    "task2": 0.0944495973691977
  },
  "layer_11": {
    "task0": 0.5,
    "task1": 0.13226738058096885,
    "task2": 0.17355284792782158
  },
  "layer_12": {
    "task0": 0.5000105400733589,
    "task1": 0.09361693157384375,
    "task2": 0.18452506429444748
  },
  "layer_13": {
    "task0": 0.48349424511994604,
    "task1": 0.12532147223744677,
    "task2": 0.12679708250769425
  },
  "layer_14": {
    "task0": 0.5049959947721236,
    "task1": 0.08611239934229942,
    "task2": 0.1725831611788018
  },
  "layer_15": {
    "task0": 0.4810489481006788,
    "task1": 0.14659134027572832,
    "task2": 0.1421961296850626
  },
  "layer_16": {
    "task0": 0.4981238669421139,
    "task1": 0.13886546650364687,
    "task2": 0.10478940933428897
  },
  "layer_17": {
    "task0": 0.5,
    "task1": 0.08621780007588853,
    "task2": 0.18182680551456637
  },
  "layer_18": {
    "task0": 0.4839790884944559,
    "task1": 0.12534255238416458,
    "task2": 0.12486824908301362
  },
  "layer_19": {
    "task0": 0.5000210801467179,
    "task1": 0.1267338420675408,
    "task2": 0.11978793372401872
  },
  "layer_2": {
    "task0": 0.5,
    "task1": 0.08611239934229942,
    "task2": 0.18179518529448965
  },
  "layer_20": {
    "task0": 0.5,
    "task1": 0.11654159112947426,
    "task2": 0.07007040769003753
  },
  "layer_21": {
    "task0": 0.4826931995446688,
    "task1": 0.12231755133015726,
    "task2": 0.14355579914836208
  },
  "layer_22": {
    "task0": 0.5017496521775792,
    "task1": 0.1669126017117079,
    "task2": 0.1264492600868502
  },
  "layer_23": {
    "task0": 0.5,
    "task1": 0.12374046123361018,
    "task2": 0.09207808086344281
  },
  "layer_24": {
    "task0": 0.49955731691892574,
    "task1": 0.12159028626839243,
    "task2": 0.14085754036848097
  },
  "layer_25": {
    "task0": 0.4940237784054977,
    "task1": 0.15528690079682955,
    "task2": 0.1770626923563388
  },
  "layer_26": {
    "task0": 0.48080652641342386,
    "task1": 0.1662169568700198,
    "task2": 0.17374256924828196
  },
  "layer_27": {
    "task0": 0.48831105864496815,
    "task1": 0.13807496100172859,
    "task2": 0.11960875247691724
  },
  "layer_28": {
    "task0": 0.4848749947299633,
    "task1": 0.1722774990513934,
    "task2": 0.12319237741894684
  },
  "layer_29": {
    "task0": 0.5067351068763438,
    "task1": 0.15665711033348792,
    "task2": 0.10290273620304398
  },
  "layer_3": {
    "task0": 0.5,
    "task1": 0.12532147223744677,
    "task2": 0.11958767233019942
  },
  "layer_30": {
    "task0": 0.5017180319575024,
    "task1": 0.11489733968548421,
    "task2": 0.10891057801762301
  },
  "layer_31": {
    "task0": 0.49998945992664107,
    "task1": 0.09421771575530166,
    "task2": 0.10819385302921708
  },
  "layer_4": {
    "task0": 0.5,
    "task1": 0.12532147223744677,
    "task2": 0.11958767233019942
  },
  "layer_5": {
    "task0": 0.5,
    "task1": 0.11781694000590244,
    "task2": 0.11939795100973903
  },
  "layer_6": {
    "task0": 0.5,
    "task1": 0.12532147223744677,
    "task2": 0.1411948227159661
  },
  "layer_7": {
    "task0": 0.5,
    "task1": 0.08611239934229942,
    "task2": 0.11958767233019942
  },
  "layer_8": {
    "task0": 0.5,
    "task1": 0.08611239934229942,
    "task2": 0.18179518529448965
  },
  "layer_9": {
    "task0": 0.49305409165647796,
    "task1": 0.12732408617563978,
    "task2": 0.10366162148488553
  }
}