{
  "layer_0": {
    "task0": 0.5,
    "task1": 0.31452632910325057,
    "task2": 0.18179518529448965
  },
  "layer_1": {
    "task0": 0.5,
    "task1": 0.2629010497913066,
    "task2": 0.18179518529448965
  },
  "layer_10": {
    "task0": 0.5052067962393019,
    "task1": 0.6029132762764029,
    "task2": 0.22048779459505038
  },
  "layer_11": {
    "task0": 0.5110354568067794,
    "task1": 0.7300687212783001,
    "task2": 0.21906488469159746
  },
  "layer_12": {
    "task0": 0.5330325899068258,
    "task1": 0.8263206711918715,
    "task2": 0.2292887558497407
  },
  "layer_13": {
    "task0": 0.5626291158986466,
    "task1": 0.8271533369872255,
    "task2": 0.23739407226274295
  },
  "layer_14": {
    "task0": 0.5576963615666765,
    "task1": 0.8084974071419537,
    "task2": 0.24299085121632447
  },
  "layer_15": {
    "task0": 0.5689320797672752,
    "task1": 0.7975568109954045,
    "task2": 0.2506956448416881
  },
  "layer_16": {
    "task0": 0.5644630886630971,
    "task1": 0.8158227581263966,
    "task2": 0.27573885914245966
  },
  "layer_17": {
    "task0": 0.5630401787596442,
    "task1": 0.824265356886884,
    "task2": 0.28963067582950375
  },
  "layer_18": {
    "task0": 0.5614380876090898,
    "task1": 0.7925397360765631,
    "task2": 0.27136472869851175
  },
  "layer_19": {
    "task0": 0.5645157890298916,
    "task1": 0.8036068131034192,
    "task2": 0.2697204772545217
  },
  "layer_2": {
    "task0": 0.5,
    "task1": 0.3621147603187318,
    "task2": 0.19921792655676884
  },
  "layer_20": {
    "task0": 0.5590981913234117,
    "task1": 0.8311691049369704,
    "task2": 0.2861735317677811
  },
  "layer_21": {
    "task0": 0.5601311185125849,
    "task1": 0.8333614401956237,
    "task2": 0.30243686496058014
  },
  "layer_22": {
    "task0": 0.5568215354778869,
    "task1": 0.8474640583498461,
    "task2": 0.32538260466292845
  },
  "layer_23": {
    "task0": 0.5575593406130107,
    "task1": 0.843353429739871,
    "task2": 0.3312323453771238
  },
  "layer_24": {
    "task0": 0.5555883468948943,
    "task1": 0.8278489818289135,
    "task2": 0.32886082887136897
  },
  "layer_25": {
    "task0": 0.5491694422193178,
    "task1": 0.8255090855432354,
    "task2": 0.33573295670137865
  },
  "layer_26": {
    "task0": 0.5526160462076816,
    "task1": 0.8228846072768666,
    "task2": 0.3275222395547873
  },
  "layer_27": {
    "task0": 0.5511825962308697,
    "task1": 0.824254816813525,
    "task2": 0.3420886209368017
  },
  "layer_28": {
    "task0": 0.5514566381382014,
    "task1": 0.858446814789831,
    "task2": 0.33874741768202704
  },
  "layer_29": {
    "task0": 0.5505501918293352,
    "task1": 0.8631687676546229,
    "task2": 0.32705847632699525
  },
  "layer_3": {
    "task0": 0.5,
    "task1": 0.35677094312576413,
    "task2": 0.18708630212066277
  },
  "layer_30": {
    "task0": 0.5468400860069986,
    "task1": 0.8515641468864623,
    "task2": 0.3300834773810026
  },
  "layer_31": {
    "task0": 0.5456490577174418,
    "task1": 0.8665521312028331,
    "task2": 0.3240018550529112
  },
  "layer_4": {
    "task0": 0.4999578397065644,
    "task1": 0.31927990218811925,
    "task2": 0.21246679876891944
  },
  "layer_5": {
    "task0": 0.5007694253552005,
    "task1": 0.436590918672794,
    "task2": 0.19188203549896707
  },
  "layer_6": {
    "task0": 0.5017391121042203,
    "task1": 0.35944812175892743,
    "task2": 0.18311269446435346
  },
  "layer_7": {
    "task0": 0.5021607150385766,
    "task1": 0.326963615666765,
    "task2": 0.1923036384333235
  },
  "layer_8": {
    "task0": 0.5034466039883637,
    "task1": 0.38707365403263205,
    "task2": 0.19736287364560057
  },
  "layer_9": {
    "task0": 0.5032358025211855,
    "task1": 0.6199565748977612,
    "task2": 0.20615329482693198
  }
}