{
  "layer_0": {
    "task0": 0.5,
    "task1": 0.12527931194401112,
    "task2": 0.17355284792782158
  },
  "layer_1": {
    "task0": 0.5,
    "task1": 0.08611239934229942,
    "task2": 0.17355284792782158
  },
  "layer_10": {
    "task0": 0.5,
    "task1": 0.16700746237193811,
    "task2": 0.1020384501876133
  },
  "layer_11": {
    "task0": 0.4960369324170496,
    "task1": 0.1220540494961845,
    "task2": 0.18469370546819006
  },
  "layer_12": {
    "task0": 0.5254858973818458,
    "task1": 0.10458914794046967,
    "task2": 0.13906572789746616
  },
  "layer_13": {
    "task0": 0.3982566718664362,
    "task1": 0.14203802858467895,
    "task2": 0.12388802226063493
  },
  "layer_14": {
    "task0": 0.4610649690121843,
    "task1": 0.11092373202917492,
    "task2": 0.10135334541928412
  },
  "layer_15": {
    "task0": 0.4946878030271091,
    "task1": 0.15458071588178254,
    "task2": 0.12063113959273157
  },
  "layer_16": {
    "task0": 0.46081200725157045,
    "task1": 0.152641342383743,
    "task2": 0.16166364517897044
  },
  "layer_17": {
    "task0": 0.43470424554154896,
    "task1": 0.15140815380075046,
    "task2": 0.1779691386652051
  },
  "layer_18": {
    "task0": 0.3968232218896244,
    "task1": 0.1544436949281167,
    "task2": 0.22071967620894642
  },
  "layer_19": {
    "task0": 0.49069311522408193,
    "task1": 0.11410683418356592,
    "task2": 0.22430330115097602
  },
  "layer_2": {
    "task0": 0.5,
    "task1": 0.09022302795227455,
    "task2": 0.11958767233019942
  },
  "layer_20": {
    "task0": 0.4548884860238627,
    "task1": 0.1355348033222311,
    "task2": 0.18727602344112315
  },
  "layer_21": {
    "task0": 0.46656688730553564,
    "task1": 0.13144525485897382,
    "task2": 0.12135840465449639
  },
  "layer_22": {
    "task0": 0.5,
    "task1": 0.12117922340739491,
    "task2": 0.17949744930224715
  },
  "layer_23": {
    "task0": 0.46614528437117925,
    "task1": 0.14930013912896833,
    "task2": 0.18228002866899953
  },
  "layer_3": {
    "task0": 0.5,
    "task1": 0.08611239934229942,
    "task2": 0.1582275812639656
  },
  "layer_4": {
    "task0": 0.5,
    "task1": 0.08611239934229942,
    "task2": 0.11939795100973903
  },
  "layer_5": {
    "task0": 0.5,
    "task1": 0.08611239934229942,
    "task2": 0.11939795100973903
  },
  "layer_6": {
    "task0": 0.5,
    "task1": 0.09034950883258147,
    "task2": 0.11956659218348159
  },
  "layer_7": {
    "task0": 0.5,
    "task1": 0.1117985581179645,
    "task2": 0.12051519878578355
  },
  "layer_8": {
    "task0": 0.5003372823474851,
    "task1": 0.12309751675871664,
    "task2": 0.1465597200556516
  },
  "layer_9": {
    "task0": 0.5017496521775792,
    "task1": 0.0861967199291707,
    "task2": 0.0667608246553396
  }
}