{
  "layer_0": {
    "task0": 0.4999789136302294,
    "task1": 0.08611673414304993,
    "task2": 0.1818277665317139
  },
  "layer_1": {
    "task0": 0.5000210863697706,
    "task1": 0.1178200910931174,
    "task2": 0.1818277665317139
  },
  "layer_10": {
    "task0": 0.5000210863697706,
    "task1": 0.09328609986504724,
    "task2": 0.17530153508771928
  },
  "layer_11": {
    "task0": 0.5000210863697706,
    "task1": 0.1284476214574899,
    "task2": 0.17354082321187583
  },
  "layer_12": {
    "task0": 0.4996099021592443,
    "task1": 0.09956983805668017,
    "task2": 0.20670968286099864
  },
  "layer_13": {
    "task0": 0.48646255060728744,
    "task1": 0.12532683873144398,
    "task2": 0.12622300944669365
  },
  "layer_14": {
    "task0": 0.5003162955465587,
    "task1": 0.08615890688259109,
    "task2": 0.18446356275303644
  },
  "layer_15": {
    "task0": 0.48310981781376516,
    "task1": 0.1257380229419703,
    "task2": 0.15060939608636978
  },
  "layer_16": {
    "task0": 0.4849865047233468,
    "task1": 0.15747300944669365,
    "task2": 0.1700615721997301
  },
  "layer_17": {
    "task0": 0.49995782726045884,
    "task1": 0.09854714912280702,
    "task2": 0.18131115047233468
  },
  "layer_18": {
    "task0": 0.4974274628879892,
    "task1": 0.102943657219973,
    "task2": 0.12431469298245613
  },
  "layer_19": {
    "task0": 0.49666835357624833,
    "task1": 0.11720858636977058,
    "task2": 0.11285425101214575
  },
  "layer_2": {
    "task0": 0.4999789136302294,
    "task1": 0.08611673414304993,
    "task2": 0.1818277665317139
  },
  "layer_20": {
    "task0": 0.4812647604588394,
    "task1": 0.11683957489878542,
    "task2": 0.11714532726045884
  },
  "layer_21": {
    "task0": 0.49676324224021595,
    "task1": 0.08381831983805668,
    "task2": 0.15665064102564102
  },
  "layer_22": {
    "task0": 0.49505524628879893,
    "task1": 0.16832194669365722,
    "task2": 0.11670251349527665
  },
  "layer_23": {
    "task0": 0.4999789136302294,
    "task1": 0.08393429487179487,
    "task2": 0.08157262145748988
  },
  "layer_24": {
    "task0": 0.4994517543859649,
    "task1": 0.12160509446693657,
    "task2": 0.13760964912280702
  },
  "layer_25": {
    "task0": 0.4965418353576248,
    "task1": 0.13105178812415655,
    "task2": 0.13417257085020243
  },
  "layer_26": {
    "task0": 0.4879069669365722,
    "task1": 0.1469509109311741,
    "task2": 0.14044576585695007
  },
  "layer_27": {
    "task0": 0.4905849358974359,
    "task1": 0.14884868421052633,
    "task2": 0.1301345310391363
  },
  "layer_28": {
    "task0": 0.49105937921727394,
    "task1": 0.11825236167341431,
    "task2": 0.167805330634278
  },
  "layer_29": {
    "task0": 0.5011702935222672,
    "task1": 0.17931848852901486,
    "task2": 0.10288039811066127
  },
  "layer_3": {
    "task0": 0.5000210863697706,
    "task1": 0.1253162955465587,
    "task2": 0.11959134615384616
  },
  "layer_30": {
    "task0": 0.5000527159244265,
    "task1": 0.09176788124156546,
    "task2": 0.15812668690958165
  },
  "layer_31": {
    "task0": 0.49438048245614036,
    "task1": 0.1040296052631579,
    "task2": 0.11973895074224021
  },
  "layer_4": {
    "task0": 0.5000210863697706,
    "task1": 0.1253162955465587,
    "task2": 0.11959134615384616
  },
  "layer_5": {
    "task0": 0.5000210863697706,
    "task1": 0.1178200910931174,
    "task2": 0.11941211201079623
  },
  "layer_6": {
    "task0": 0.5000210863697706,
    "task1": 0.1253057523616734,
    "task2": 0.14119433198380565
  },
  "layer_7": {
    "task0": 0.4999789136302294,
    "task1": 0.08663335020242915,
    "task2": 0.1197494939271255
  },
  "layer_8": {
    "task0": 0.4999789136302294,
    "task1": 0.08611673414304993,
    "task2": 0.18181722334682862
  },
  "layer_9": {
    "task0": 0.5008856275303644,
    "task1": 0.12760416666666666,
    "task2": 0.13669239203778677
  }
}