{
  "layer_0": {
    "task0": 0.5,
    "task1": 0.07751169948142839,
    "task2": 0.17355284792782158
  },
  "layer_1": {
    "task0": 0.4990830136177748,
    "task1": 0.12532147223744677,
    "task2": 0.07359079219191365
  },
  "layer_10": {
    "task0": 0.5168008769341035,
    "task1": 0.08611239934229942,
    "task2": 0.16675450061132424
  },
  "layer_11": {
    "task0": 0.505428137779839,
    "task1": 0.13594586618322863,
    "task2": 0.13952949112525823
  },
  "layer_12": {
    "task0": 0.4762532147223745,
    "task1": 0.11115561364307096,
    "task2": 0.19222985791981112
  },
  "layer_13": {
    "task0": 0.4416923141785067,
    "task1": 0.0950609216240145,
    "task2": 0.17004300349930435
  },
  "layer_14": {
    "task0": 0.49367595598465364,
    "task1": 0.1188814874151524,
    "task2": 0.08863147687507905
  },
  "layer_15": {
    "task0": 0.4787617521817952,
    "task1": 0.13215143977402083,
    "task2": 0.1417850668240651
  },
  "layer_16": {
    "task0": 0.4755048695138918,
    "task1": 0.12739786668915215,
    "task2": 0.11078671107550908
  },
  "layer_17": {
    "task0": 0.47575783127450566,
    "task1": 0.10189088916058855,
    "task2": 0.15481259749567858
  },
  "layer_18": {
    "task0": 0.45889371390024875,
    "task1": 0.0948606602301952,
    "task2": 0.09313208819933387
  },
  "layer_19": {
    "task0": 0.5007694253552005,
    "task1": 0.12039925797883554,
    "task2": 0.10814115266242252
  },
  "layer_2": {
    "task0": 0.5,
    "task1": 0.12532147223744677,
    "task2": 0.11958767233019942
  },
  "layer_20": {
    "task0": 0.5086850204477423,
    "task1": 0.13006450524895652,
    "task2": 0.12830431299801848
  },
  "layer_21": {
    "task0": 0.4743770816644884,
    "task1": 0.1274294869092289,
    "task2": 0.1079092710485265
  },
  "layer_22": {
    "task0": 0.4943821408997007,
    "task1": 0.11679455289008811,
    "task2": 0.13854926430287956
  },
  "layer_23": {
    "task0": 0.49008179096926513,
    "task1": 0.11550866394030103,
    "task2": 0.14882583582781736
  },
  "layer_3": {
    "task0": 0.5,
    "task1": 0.08611239934229942,
    "task2": 0.18179518529448965
  },
  "layer_4": {
    "task0": 0.500115940806948,
    "task1": 0.09272102533833636,
    "task2": 0.11958767233019942
  },
  "layer_5": {
    "task0": 0.49923057464479953,
    "task1": 0.12532147223744677,
    "task2": 0.18179518529448965
  },
  "layer_6": {
    "task0": 0.4996310974324381,
    "task1": 0.12532147223744677,
    "task2": 0.11958767233019942
  },
  "layer_7": {
    "task0": 0.49893545259075,
    "task1": 0.08611239934229942,
    "task2": 0.11958767233019942
  },
  "layer_8": {
    "task0": 0.5006113242548168,
    "task1": 0.08611239934229942,
    "task2": 0.15790083898983936
  },
  "layer_9": {
    "task0": 0.5030460812007251,
    "task1": 0.16652261899742823,
    "task2": 0.11913444917576627
  }
}