{
  "layer_0": {
    "task0": 0.5,
    "task1": 0.08986466545807159,
    "task2": 0.1787491040937645
  },
  "layer_1": {
    "task0": 0.5,
    "task1": 0.08730342763185632,
    "task2": 0.18179518529448965
  },
  "layer_10": {
    "task0": 0.649806062650196,
    "task1": 0.5287849403431848,
    "task2": 0.3347211096589232
  },
  "layer_11": {
    "task0": 0.583445760782495,
    "task1": 0.45080947763396434,
    "task2": 0.3421940216703908
  },
  "layer_12": {
    "task0": 0.49426620009275263,
    "task1": 0.6417323664572705,
    "task2": 0.4163223576036089
  },
  "layer_13": {
    "task0": 0.35557991483620727,
    "task1": 0.7191492052784687,
    "task2": 0.365392723133353
  },
  "layer_14": {
    "task0": 0.42513385893165817,
    "task1": 0.639561111345335,
    "task2": 0.3788523968126818
  },
  "layer_15": {
    "task0": 0.42821156035246005,
    "task1": 0.671381592815886,
    "task2": 0.3791475188667313
  },
  "layer_16": {
    "task0": 0.4313525022134154,
    "task1": 0.7635439942662001,
    "task2": 0.3391479404696657
  },
  "layer_17": {
    "task0": 0.43270163160335595,
    "task1": 0.7814094186095535,
    "task2": 0.3929866351869809
  },
  "layer_18": {
    "task0": 0.40607740629874783,
    "task1": 0.7770458282389645,
    "task2": 0.39024621611366417
  },
  "layer_19": {
    "task0": 0.44374762848349425,
    "task1": 0.7873329398372613,
    "task2": 0.40189299717526034
  },
  "layer_2": {
    "task0": 0.5,
    "task1": 0.09644167123403179,
    "task2": 0.1818373455879253
  },
  "layer_20": {
    "task0": 0.48292508115856486,
    "task1": 0.7862578523546524,
    "task2": 0.39792992959230994
  },
  "layer_21": {
    "task0": 0.4927062692356339,
    "task1": 0.7748956532737468,
    "task2": 0.3867785319785826
  },
  "layer_22": {
    "task0": 0.4993254353050297,
    "task1": 0.7563978245288587,
    "task2": 0.37302373624520424
  },
  "layer_23": {
    "task0": 0.47046671444833255,
    "task1": 0.7116446730469244,
    "task2": 0.36384333234959315
  },
  "layer_3": {
    "task0": 0.5,
    "task1": 0.09381719296766305,
    "task2": 0.18257515072304903
  },
  "layer_4": {
    "task0": 0.5,
    "task1": 0.19477001559930857,
    "task2": 0.17838020152620263
  },
  "layer_5": {
    "task0": 0.5122897255364898,
    "task1": 0.24528858720856697,
    "task2": 0.16395084109785404
  },
  "layer_6": {
    "task0": 0.5338757957755386,
    "task1": 0.4201800244529702,
    "task2": 0.17084404907458156
  },
  "layer_7": {
    "task0": 0.5000421602934356,
    "task1": 0.41087313967705213,
    "task2": 0.13935030987815675
  },
  "layer_8": {
    "task0": 0.500948606602302,
    "task1": 0.3621990809056031,
    "task2": 0.17074918841435135
  },
  "layer_9": {
    "task0": 0.5163160335595935,
    "task1": 0.41265441207470804,
    "task2": 0.2581474767064379
  }
}