{
  "layer_0": {
    "task0": 0.5,
    "task1": 0.12532147223744677,
    "task2": 0.17355284792782158
  },
  "layer_1": {
    "task0": 0.5,
    "task1": 0.12532147223744677,
    "task2": 0.18179518529448965
  },
  "layer_10": {
    "task0": 0.5004426830810742,
    "task1": 0.10761414899447701,
    "task2": 0.17355284792782158
  },
  "layer_11": {
    "task0": 0.4999578397065644,
    "task1": 0.13921328892449092,
    "task2": 0.14923689868881487
  },
  "layer_12": {
    "task0": 0.5,
    "task1": 0.12906319827986001,
    "task2": 0.11344280956195456
  },
  "layer_13": {
    "task0": 0.49984189889961633,
    "task1": 0.11755343817192968,
    "task2": 0.10375648214511574
  },
  "layer_14": {
    "task0": 0.5000632404401535,
    "task1": 0.12929507989375605,
    "task2": 0.07359079219191365
  },
  "layer_15": {
    "task0": 0.5,
    "task1": 0.08611239934229942,
    "task2": 0.17345798726759137
  },
  "layer_16": {
    "task0": 0.5,
    "task1": 0.13350056916396139,
    "task2": 0.18037227539103673
  },
  "layer_17": {
    "task0": 0.5,
    "task1": 0.12747164720266452,
    "task2": 0.17325772587377208
  },
  "layer_18": {
    "task0": 0.49998945992664107,
    "task1": 0.09443905729583878,
    "task2": 0.14922635861545597
  },
  "layer_19": {
    "task0": 0.5,
    "task1": 0.08617563978245289,
    "task2": 0.12287617521817952
  },
  "layer_2": {
    "task0": 0.5,
    "task1": 0.12532147223744677,
    "task2": 0.10375648214511574
  },
  "layer_20": {
    "task0": 0.5004426830810742,
    "task1": 0.1629073738353219,
    "task2": 0.15848054302457945
  },
  "layer_21": {
    "task0": 0.5016758716640668,
    "task1": 0.11940849108309794,
    "task2": 0.18185842573464311
  },
  "layer_22": {
    "task0": 0.5000527003667945,
    "task1": 0.11681563303680594,
    "task2": 0.14121590286268393
  },
  "layer_23": {
    "task0": 0.49798684598844806,
    "task1": 0.07953539356633922,
    "task2": 0.10100552299844007
  },
  "layer_24": {
    "task0": 0.4990408533243391,
    "task1": 0.11781694000590244,
    "task2": 0.1255533538513428
  },
  "layer_25": {
    "task0": 0.49976811838610397,
    "task1": 0.08670264345039841,
    "task2": 0.07360133226527257
  },
  "layer_26": {
    "task0": 0.5008853661621485,
    "task1": 0.1280197310173279,
    "task2": 0.11321092794805852
  },
  "layer_27": {
    "task0": 0.4974703823938615,
    "task1": 0.08611239934229942,
    "task2": 0.07685821493317593
  },
  "layer_28": {
    "task0": 0.4989565327374679,
    "task1": 0.1460748766811417,
    "task2": 0.120462498418989
  },
  "layer_29": {
    "task0": 0.4997997386061807,
    "task1": 0.1406678190480206,
    "task2": 0.1804671360512669
  },
  "layer_3": {
    "task0": 0.5,
    "task1": 0.12532147223744677,
    "task2": 0.07359079219191365
  },
  "layer_30": {
    "task0": 0.5008748260887895,
    "task1": 0.16694422193178465,
    "task2": 0.11751127787849404
  },
  "layer_31": {
    "task0": 0.49900923310426243,
    "task1": 0.0861861798558118,
    "task2": 0.1186706859479742
  },
  "layer_4": {
    "task0": 0.5,
    "task1": 0.08611239934229942,
    "task2": 0.17355284792782158
  },
  "layer_5": {
    "task0": 0.5,
    "task1": 0.12532147223744677,
    "task2": 0.11958767233019942
  },
  "layer_6": {
    "task0": 0.5,
    "task1": 0.12532147223744677,
    "task2": 0.17355284792782158
  },
  "layer_7": {
    "task0": 0.5002951220540495,
    "task1": 0.08611239934229942,
    "task2": 0.1411948227159661
  },
  "layer_8": {
    "task0": 0.5,
    "task1": 0.15871242463847549,
    "task2": 0.11958767233019942
  },
  "layer_9": {
    "task0": 0.5,
    "task1": 0.12532147223744677,
    "task2": 0.17352122770774484
  }
}