{
  "layer_0": {
    "task0": 0.5,
    "task1": 0.12532147223744677,
    "task2": 0.18179518529448965
  },
  "layer_1": {
    "task0": 0.49964163750579704,
    "task1": 0.15252540157679498,
    "task2": 0.11958767233019942
  },
  "layer_10": {
    "task0": 0.5000105400733589,
    "task1": 0.1297166828281125,
    "task2": 0.13476537796703064
  },
  "layer_11": {
    "task0": 0.49905139339769805,
    "task1": 0.0970529954888486,
    "task2": 0.1985644420085164
  },
  "layer_12": {
    "task0": 0.5009591466756609,
    "task1": 0.16836713183523758,
    "task2": 0.13076015009064462
  },
  "layer_13": {
    "task0": 0.5005270036679456,
    "task1": 0.16737636493949998,
    "task2": 0.12567983473164973
  },
  "layer_14": {
    "task0": 0.49823980774906196,
    "task1": 0.13266790336860745,
    "task2": 0.11990387453096674
  },
  "layer_15": {
    "task0": 0.5000105400733589,
    "task1": 0.13927652936464438,
    "task2": 0.1254479531177537
  },
  "layer_16": {
    "task0": 0.5282157763818036,
    "task1": 0.1667018002445297,
    "task2": 0.11545596357350647
  },
  "layer_17": {
    "task0": 0.507662633331928,
    "task1": 0.16078881909018086,
    "task2": 0.10842573464311311
  },
  "layer_18": {
    "task0": 0.49504616552131203,
    "task1": 0.10568531556979636,
    "task2": 0.1555398625574434
  },
  "layer_19": {
    "task0": 0.5259812808297146,
    "task1": 0.09302668746574476,
    "task2": 0.10638096041148447
  },
  "layer_2": {
    "task0": 0.5,
    "task1": 0.12532147223744677,
    "task2": 0.14659134027572832
  },
  "layer_20": {
    "task0": 0.5012753488764282,
    "task1": 0.166902061638349,
    "task2": 0.1912074708039968
  },
  "layer_21": {
    "task0": 0.515441207470804,
    "task1": 0.12898941776634765,
    "task2": 0.13340570850373118
  },
  "layer_22": {
    "task0": 0.49513048610818333,
    "task1": 0.12609089759264724,
    "task2": 0.1733947468274379
  },
  "layer_23": {
    "task0": 0.500474303301151,
    "task1": 0.11008052616046207,
    "task2": 0.10602259791728151
  },
  "layer_3": {
    "task0": 0.5,
    "task1": 0.11781694000590244,
    "task2": 0.10151144651966777
  },
  "layer_4": {
    "task0": 0.49996837977992326,
    "task1": 0.11375901176272186,
    "task2": 0.17355284792782158
  },
  "layer_5": {
    "task0": 0.5,
    "task1": 0.12532147223744677,
    "task2": 0.21688308950630297
  },
  "layer_6": {
    "task0": 0.4992200345714406,
    "task1": 0.12489986930309036,
    "task2": 0.16733420464606433
  },
  "layer_7": {
    "task0": 0.5,
    "task1": 0.12717652514861502,
    "task2": 0.17355284792782158
  },
  "layer_8": {
    "task0": 0.5,
    "task1": 0.0834984611492896,
    "task2": 0.1721826383911632
  },
  "layer_9": {
    "task0": 0.5,
    "task1": 0.1804355158311902,
    "task2": 0.16267549222142585
  }
}