{
  "layer_0": {
    "task0": 0.5,
    "task1": 0.08611239934229942,
    "task2": 0.18179518529448965
  },
  "layer_1": {
    "task0": 0.5,
    "task1": 0.11781694000590244,
    "task2": 0.18179518529448965
  },
  "layer_10": {
    "task0": 0.5,
    "task1": 0.12532147223744677,
    "task2": 0.11958767233019942
  },
  "layer_11": {
    "task0": 0.5,
    "task1": 0.11781694000590244,
    "task2": 0.17355284792782158
  },
  "layer_12": {
    "task0": 0.5,
    "task1": 0.11781694000590244,
    "task2": 0.08712424638475484
  },
  "layer_13": {
    "task0": 0.49464564273367345,
    "task1": 0.13363759011762721,
    "task2": 0.08712424638475484
  },
  "layer_14": {
    "task0": 0.5,
    "task1": 0.12640709979341455,
    "task2": 0.12496310974324382
  },
  "layer_15": {
    "task0": 0.48886968253299046,
    "task1": 0.06653948311480248,
    "task2": 0.11957713225684051
  },
  "layer_16": {
    "task0": 0.5,
    "task1": 0.09653653189426198,
    "task2": 0.10349298031114297
  },
  "layer_17": {
    "task0": 0.5013702095366583,
    "task1": 0.12532147223744677,
    "task2": 0.12539525275095914
  },
  "layer_18": {
    "task0": 0.5,
    "task1": 0.1251528310637042,
    "task2": 0.17355284792782158
  },
  "layer_19": {
    "task0": 0.5,
    "task1": 0.12532147223744677,
    "task2": 0.10377756229183355
  },
  "layer_2": {
    "task0": 0.5,
    "task1": 0.08611239934229942,
    "task2": 0.18179518529448965
  },
  "layer_20": {
    "task0": 0.5,
    "task1": 0.05668451452422109,
    "task2": 0.09498714111050213
  },
  "layer_21": {
    "task0": 0.5,
    "task1": 0.08612293941565834,
    "task2": 0.11939795100973903
  },
  "layer_22": {
    "task0": 0.49907247354441586,
    "task1": 0.12528985201737003,
    "task2": 0.1538429107466588
  },
  "layer_23": {
    "task0": 0.49798684598844806,
    "task1": 0.12159028626839243,
    "task2": 0.18708630212066277
  },
  "layer_24": {
    "task0": 0.5,
    "task1": 0.08636536110291328,
    "task2": 0.16654369914414605
  },
  "layer_25": {
    "task0": 0.5310194358952738,
    "task1": 0.12159028626839243,
    "task2": 0.17783211771153928
  },
  "layer_26": {
    "task0": 0.49837682870272776,
    "task1": 0.09656815211433871,
    "task2": 0.1020384501876133
  },
  "layer_27": {
    "task0": 0.5,
    "task1": 0.12162190648846916,
    "task2": 0.08686074455078208
  },
  "layer_28": {
    "task0": 0.5,
    "task1": 0.11780639993254353,
    "task2": 0.17189805641047262
  },
  "layer_29": {
    "task0": 0.5,
    "task1": 0.1316033559593575,
    "task2": 0.1046207681605464
  },
  "layer_3": {
    "task0": 0.5,
    "task1": 0.12532147223744677,
    "task2": 0.11958767233019942
  },
  "layer_30": {
    "task0": 0.49998945992664107,
    "task1": 0.07917703107213626,
    "task2": 0.11016484674733336
  },
  "layer_31": {
    "task0": 0.4678000758885282,
    "task1": 0.12550065348454825,
    "task2": 0.15975589190100764
  },
  "layer_4": {
    "task0": 0.5,
    "task1": 0.08611239934229942,
    "task2": 0.18179518529448965
  },
  "layer_5": {
    "task0": 0.5,
    "task1": 0.11781694000590244,
    "task2": 0.18058307685821492
  },
  "layer_6": {
    "task0": 0.5,
    "task1": 0.12159028626839243,
    "task2": 0.17355284792782158
  },
  "layer_7": {
    "task0": 0.5,
    "task1": 0.12532147223744677,
    "task2": 0.07359079219191365
  },
  "layer_8": {
    "task0": 0.49996837977992326,
    "task1": 0.12532147223744677,
    "task2": 0.09235212277077448
  },
  "layer_9": {
    "task0": 0.5033728234748513,
    "task1": 0.12159028626839243,
    "task2": 0.11958767233019942
  }
}