{
  "layer_0": {
    "task0": 0.5,
    "task1": 0.22503056621274084,
    "task2": 0.18179518529448965
  },
  "layer_1": {
    "task0": 0.5,
    "task1": 0.2448037438340571,
    "task2": 0.21716767148699356
  },
  "layer_10": {
    "task0": 0.5018234326910915,
    "task1": 0.5162000927526456,
    "task2": 0.37917913908680806
  },
  "layer_11": {
    "task0": 0.5035520047219528,
    "task1": 0.46767359500822125,
    "task2": 0.420791348707787
  },
  "layer_12": {
    "task0": 0.6181753025001054,
    "task1": 0.5371642986635187,
    "task2": 0.47661157721657743
  },
  "layer_13": {
    "task0": 0.6480774906193347,
    "task1": 0.5303448712003036,
    "task2": 0.48072220582655256
  },
  "layer_14": {
    "task0": 0.6470340233568026,
    "task1": 0.5504447910957461,
    "task2": 0.4793414562165353
  },
  "layer_15": {
    "task0": 0.7484400691428812,
    "task1": 0.523103840802732,
    "task2": 0.5156098486445466
  },
  "layer_16": {
    "task0": 0.6309182511910283,
    "task1": 0.6242780049749146,
    "task2": 0.47514650701968886
  },
  "layer_17": {
    "task0": 0.6545490956617058,
    "task1": 0.5665184029680846,
    "task2": 0.4604114844639319
  },
  "layer_18": {
    "task0": 0.708029427884818,
    "task1": 0.5134280534592521,
    "task2": 0.36554028416037776
  },
  "layer_19": {
    "task0": 0.700609216240145,
    "task1": 0.5437729246595556,
    "task2": 0.44714153210506347
  },
  "layer_2": {
    "task0": 0.5124267464901556,
    "task1": 0.2799654285593828,
    "task2": 0.22605295332855516
  },
  "layer_20": {
    "task0": 0.6965196677768877,
    "task1": 0.5253594165015388,
    "task2": 0.4064779290863864
  },
  "layer_21": {
    "task0": 0.7152388380623129,
    "task1": 0.5662022007673173,
    "task2": 0.3205447109911885
  },
  "layer_22": {
    "task0": 0.6987014629621822,
    "task1": 0.4780344871200304,
    "task2": 0.387084194105991
  },
  "layer_23": {
    "task0": 0.7360027825793668,
    "task1": 0.606201779164383,
    "task2": 0.3412770352881656
  },
  "layer_24": {
    "task0": 0.6722037185378811,
    "task1": 0.5904654496395295,
    "task2": 0.3382098739407226
  },
  "layer_25": {
    "task0": 0.6692524979973861,
    "task1": 0.6088578776508284,
    "task2": 0.4522534676841351
  },
  "layer_26": {
    "task0": 0.6783485813061259,
    "task1": 0.6213584046544964,
    "task2": 0.3934820186348497
  },
  "layer_27": {
    "task0": 0.7132889244909144,
    "task1": 0.6363990893376618,
    "task2": 0.45619545512036763
  },
  "layer_28": {
    "task0": 0.7124246384754838,
    "task1": 0.6757241030397572,
    "task2": 0.3529554365698385
  },
  "layer_29": {
    "task0": 0.7058476326995236,
    "task1": 0.7078924069311523,
    "task2": 0.2924448754163329
  },
  "layer_3": {
    "task0": 0.5,
    "task1": 0.41753446603988364,
    "task2": 0.22106749862979047
  },
  "layer_30": {
    "task0": 0.6818584257346431,
    "task1": 0.7289093132088199,
    "task2": 0.37088410135334543
  },
  "layer_31": {
    "task0": 0.6897634807538261,
    "task1": 0.7700893798220836,
    "task2": 0.3117964501032927
  },
  "layer_4": {
    "task0": 0.5,
    "task1": 0.49367595598465364,
    "task2": 0.22238500779965428
  },
  "layer_5": {
    "task0": 0.5,
    "task1": 0.679402588642017,
    "task2": 0.2020848265103925
  },
  "layer_6": {
    "task0": 0.5140393777140689,
    "task1": 0.4171971836923985,
    "task2": 0.20166322357603608
  },
  "layer_7": {
    "task0": 0.5080315358994899,
    "task1": 0.4103566760824655,
    "task2": 0.257072389223829
  },
  "layer_8": {
    "task0": 0.5254331970150512,
    "task1": 0.47024537290779544,
    "task2": 0.194601374425566
  },
  "layer_9": {
    "task0": 0.5003056621274085,
    "task1": 0.436000674564695,
    "task2": 0.28432901892997176
  }
}