{
  "layer_0": {
    "task0": 0.5,
    "task1": 0.08611239934229942,
    "task2": 0.18179518529448965
  },
  "layer_1": {
    "task0": 0.5,
    "task1": 0.11781694000590244,
    "task2": 0.18179518529448965
  },
  "layer_10": {
    "task0": 0.5,
    "task1": 0.07159871832707955,
    "task2": 0.16602723554955942
  },
  "layer_11": {
    "task0": 0.5013175091698638,
    "task1": 0.08650238205657912,
    "task2": 0.1695054597579999
  },
  "layer_12": {
    "task0": 0.5006745646949703,
    "task1": 0.08739828829208651,
    "task2": 0.1831443146844302
  },
  "layer_13": {
    "task0": 0.500126480880307,
    "task1": 0.1254690332644715,
    "task2": 0.1196719929170707
  },
  "layer_14": {
    "task0": 0.5,
    "task1": 0.09304776761246258,
    "task2": 0.14713942409039166
  },
  "layer_15": {
    "task0": 0.4989565327374679,
    "task1": 0.12670222184746405,
    "task2": 0.11969307306378853
  },
  "layer_16": {
    "task0": 0.5006007841814579,
    "task1": 0.16447784476579957,
    "task2": 0.1711813314220667
  },
  "layer_17": {
    "task0": 0.5,
    "task1": 0.09860238627260846,
    "task2": 0.14126860322947848
  },
  "layer_18": {
    "task0": 0.49905139339769805,
    "task1": 0.08701884565116573,
    "task2": 0.1199671149711202
  },
  "layer_19": {
    "task0": 0.4999367595598465,
    "task1": 0.11911336902904844,
    "task2": 0.09350099076689573
  },
  "layer_2": {
    "task0": 0.5,
    "task1": 0.08611239934229942,
    "task2": 0.18179518529448965
  },
  "layer_20": {
    "task0": 0.5000843205868712,
    "task1": 0.15090223027952274,
    "task2": 0.18132088199333868
  },
  "layer_21": {
    "task0": 0.49778658459462877,
    "task1": 0.08604915890214596,
    "task2": 0.1426071925460601
  },
  "layer_22": {
    "task0": 0.5029196003204183,
    "task1": 0.13087609089759264,
    "task2": 0.1117036974577343
  },
  "layer_23": {
    "task0": 0.5,
    "task1": 0.06746700957038661,
    "task2": 0.1817319448543362
  },
  "layer_24": {
    "task0": 0.49998945992664107,
    "task1": 0.08262363506050002,
    "task2": 0.11912390910240735
  },
  "layer_25": {
    "task0": 0.5001054007335891,
    "task1": 0.16133690290484423,
    "task2": 0.17284666301277457
  },
  "layer_26": {
    "task0": 0.5,
    "task1": 0.0965470719676209,
    "task2": 0.12732408617563978
  },
  "layer_27": {
    "task0": 0.49825034782242084,
    "task1": 0.14433576457692146,
    "task2": 0.10644420085163793
  },
  "layer_28": {
    "task0": 0.5000210801467179,
    "task1": 0.10693958429950673,
    "task2": 0.137790379021038
  },
  "layer_29": {
    "task0": 0.5,
    "task1": 0.11296850626080357,
    "task2": 0.16064125806315613
  },
  "layer_3": {
    "task0": 0.5,
    "task1": 0.12532147223744677,
    "task2": 0.11958767233019942
  },
  "layer_30": {
    "task0": 0.5,
    "task1": 0.13402757283190692,
    "task2": 0.14609595682785953
  },
  "layer_31": {
    "task0": 0.5,
    "task1": 0.14304987562713437,
    "task2": 0.1293161600404739
  },
  "layer_4": {
    "task0": 0.5,
    "task1": 0.12532147223744677,
    "task2": 0.11903958851553607
  },
  "layer_5": {
    "task0": 0.5,
    "task1": 0.12532147223744677,
    "task2": 0.11939795100973903
  },
  "layer_6": {
    "task0": 0.5,
    "task1": 0.12532147223744677,
    "task2": 0.1411948227159661
  },
  "layer_7": {
    "task0": 0.5,
    "task1": 0.12532147223744677,
    "task2": 0.1765883890551878
  },
  "layer_8": {
    "task0": 0.5,
    "task1": 0.11782748007926135,
    "task2": 0.18168978456090054
  },
  "layer_9": {
    "task0": 0.49913571398456935,
    "task1": 0.08611239934229942,
    "task2": 0.11442303638433324
  }
}