{
  "layer_0": {
    "task0": 0.5,
    "task1": 0.3086133479489017,
    "task2": 0.18179518529448965
  },
  "layer_1": {
    "task0": 0.5,
    "task1": 0.2387537417260424,
    "task2": 0.1753762806189131
  },
  "layer_10": {
    "task0": 0.5043425102238711,
    "task1": 0.28494034318478856,
    "task2": 0.2309857076605253
  },
  "layer_11": {
    "task0": 0.5087693410346136,
    "task1": 0.2985264977444243,
    "task2": 0.2290779543825625
  },
  "layer_12": {
    "task0": 0.5293119440111304,
    "task1": 0.3218622201610523,
    "task2": 0.2921602934356423
  },
  "layer_13": {
    "task0": 0.5428137779838947,
    "task1": 0.3061996711497112,
    "task2": 0.2913592478603651
  },
  "layer_14": {
    "task0": 0.520985286057591,
    "task1": 0.3137358236013323,
    "task2": 0.28998903832370676
  },
  "layer_15": {
    "task0": 0.5161263122391332,
    "task1": 0.326731734052869,
    "task2": 0.30727475863232007
  },
  "layer_16": {
    "task0": 0.5103925123318859,
    "task1": 0.30213120283317174,
    "task2": 0.30333277119608754
  },
  "layer_17": {
    "task0": 0.5025928580462921,
    "task1": 0.34381719296766305,
    "task2": 0.32557232598338887
  },
  "layer_18": {
    "task0": 0.5075256123782621,
    "task1": 0.347242716809309,
    "task2": 0.33971710443104686
  },
  "layer_19": {
    "task0": 0.5032779628146212,
    "task1": 0.38068636957713226,
    "task2": 0.33683966440406427
  },
  "layer_2": {
    "task0": 0.5000632404401535,
    "task1": 0.23911210422024537,
    "task2": 0.2292676757030229
  },
  "layer_20": {
    "task0": 0.5016126312239133,
    "task1": 0.38283654454235,
    "task2": 0.3492137105274253
  },
  "layer_21": {
    "task0": 0.5020974745984232,
    "task1": 0.38187739786668917,
    "task2": 0.3571082254732493
  },
  "layer_22": {
    "task0": 0.5075783127450567,
    "task1": 0.37190648846915975,
    "task2": 0.3792423795269615
  },
  "layer_23": {
    "task0": 0.5043319701505122,
    "task1": 0.3798537037817783,
    "task2": 0.37310805683207554
  },
  "layer_24": {
    "task0": 0.506239723428475,
    "task1": 0.37330831822589483,
    "task2": 0.36453897719128125
  },
  "layer_25": {
    "task0": 0.509317424849277,
    "task1": 0.35207007040769006,
    "task2": 0.3789261773261942
  },
  "layer_26": {
    "task0": 0.5106454740924997,
    "task1": 0.33195961043888866,
    "task2": 0.35965892322610565
  },
  "layer_27": {
    "task0": 0.5079261351659008,
    "task1": 0.30831822589485225,
    "task2": 0.3640541338167714
  },
  "layer_28": {
    "task0": 0.5127534887642818,
    "task1": 0.3382098739407226,
    "task2": 0.3403916691260171
  },
  "layer_29": {
    "task0": 0.5148298832159872,
    "task1": 0.3271322568405076,
    "task2": 0.33512163244656185
  },
  "layer_3": {
    "task0": 0.5,
    "task1": 0.436116615371643,
    "task2": 0.23251401829756735
  },
  "layer_30": {
    "task0": 0.5117100215017496,
    "task1": 0.29426830810742444,
    "task2": 0.313999325435305
  },
  "layer_31": {
    "task0": 0.5120262237025169,
    "task1": 0.21707281082676336,
    "task2": 0.2930561996711497
  },
  "layer_4": {
    "task0": 0.5,
    "task1": 0.5214385092120242,
    "task2": 0.23160757198870105
  },
  "layer_5": {
    "task0": 0.5,
    "task1": 0.6299907247354442,
    "task2": 0.2334520848265104
  },
  "layer_6": {
    "task0": 0.5019393734980395,
    "task1": 0.44712045195834565,
    "task2": 0.18379779923268266
  },
  "layer_7": {
    "task0": 0.5061975631350394,
    "task1": 0.4709937181162781,
    "task2": 0.18295459336396983
  },
  "layer_8": {
    "task0": 0.5009169863822253,
    "task1": 0.47503056621274087,
    "task2": 0.20971583962224377
  },
  "layer_9": {
    "task0": 0.5025190775327796,
    "task1": 0.43017201399721744,
    "task2": 0.21945486740587714
  }
}