{
  "layer_0": {
    "task0": 0.4999789136302294,
    "task1": 0.1253162955465587,
    "task2": 0.17354082321187583
  },
  "layer_1": {
    "task0": 0.5000210863697706,
    "task1": 0.1253162955465587,
    "task2": 0.1818277665317139
  },
  "layer_10": {
    "task0": 0.4997785931174089,
    "task1": 0.10878458164642375,
    "task2": 0.173582995951417
  },
  "layer_11": {
    "task0": 0.4996204453441296,
    "task1": 0.0860534750337382,
    "task2": 0.15920209176788125
  },
  "layer_12": {
    "task0": 0.5000105431848852,
    "task1": 0.1648216093117409,
    "task2": 0.08664389338731444
  },
  "layer_13": {
    "task0": 0.4993146929824561,
    "task1": 0.11754596828609987,
    "task2": 0.10387145748987854
  },
  "layer_14": {
    "task0": 0.4989245951417004,
    "task1": 0.14998734817813766,
    "task2": 0.077798161268556
  },
  "layer_15": {
    "task0": 0.49994728407557354,
    "task1": 0.08907936909581646,
    "task2": 0.1754069669365722
  },
  "layer_16": {
    "task0": 0.4993884952766532,
    "task1": 0.12851088056680163,
    "task2": 0.1806469298245614
  },
  "layer_17": {
    "task0": 0.4999894568151147,
    "task1": 0.11385585357624832,
    "task2": 0.18334598515519568
  },
  "layer_18": {
    "task0": 0.499926197705803,
    "task1": 0.09144104251012146,
    "task2": 0.18179613697705804
  },
  "layer_19": {
    "task0": 0.499673161268556,
    "task1": 0.14488444669365722,
    "task2": 0.18934505735492577
  },
  "layer_2": {
    "task0": 0.5000210863697706,
    "task1": 0.1253162955465587,
    "task2": 0.10372385290148448
  },
  "layer_20": {
    "task0": 0.46174932523616735,
    "task1": 0.14001349527665316,
    "task2": 0.18145875506072875
  },
  "layer_21": {
    "task0": 0.49951501349527666,
    "task1": 0.13310770917678813,
    "task2": 0.18146929824561403
  },
  "layer_22": {
    "task0": 0.49841852226720645,
    "task1": 0.11528972672064777,
    "task2": 0.1627867746288799
  },
  "layer_23": {
    "task0": 0.49909328609986503,
    "task1": 0.10325995276653172,
    "task2": 0.09497300944669365
  },
  "layer_24": {
    "task0": 0.4966472672064777,
    "task1": 0.11794660931174089,
    "task2": 0.1697347334682861
  },
  "layer_25": {
    "task0": 0.4966367240215924,
    "task1": 0.08321735829959515,
    "task2": 0.10310180499325236
  },
  "layer_26": {
    "task0": 0.49181848852901483,
    "task1": 0.169840165317139,
    "task2": 0.14987137314439947
  },
  "layer_27": {
    "task0": 0.5088035593792173,
    "task1": 0.08613782051282051,
    "task2": 0.08816211201079623
  },
  "layer_28": {
    "task0": 0.49247216599190285,
    "task1": 0.14444163292847503,
    "task2": 0.1832089237516869
  },
  "layer_29": {
    "task0": 0.49792299257759787,
    "task1": 0.13343454790823212,
    "task2": 0.17644019905533062
  },
  "layer_3": {
    "task0": 0.4999789136302294,
    "task1": 0.1253162955465587,
    "task2": 0.07360197368421052
  },
  "layer_30": {
    "task0": 0.4989140519568151,
    "task1": 0.16690915991902833,
    "task2": 0.1172823886639676
  },
  "layer_31": {
    "task0": 0.492261302294197,
    "task1": 0.08445091093117409,
    "task2": 0.10347081646423752
  },
  "layer_4": {
    "task0": 0.4999789136302294,
    "task1": 0.08611673414304993,
    "task2": 0.17354082321187583
  },
  "layer_5": {
    "task0": 0.4997891363022942,
    "task1": 0.1253162955465587,
    "task2": 0.11959134615384616
  },
  "layer_6": {
    "task0": 0.4999789136302294,
    "task1": 0.1254322705802969,
    "task2": 0.17354082321187583
  },
  "layer_7": {
    "task0": 0.49694247638326583,
    "task1": 0.08611673414304993,
    "task2": 0.14119433198380565
  },
  "layer_8": {
    "task0": 0.5000210863697706,
    "task1": 0.1408569500674764,
    "task2": 0.11957025978407558
  },
  "layer_9": {
    "task0": 0.4999789136302294,
    "task1": 0.12122553981106612,
    "task2": 0.177325826585695
  }
}