{
  "layer_0": {
    "task0": 0.5,
    "task1": 0.19982925081158565,
    "task2": 0.18179518529448965
  },
  "layer_1": {
    "task0": 0.5,
    "task1": 0.2726611577216577,
    "task2": 0.19495973691976895
  },
  "layer_10": {
    "task0": 0.5,
    "task1": 0.20779754627092203,
    "task2": 0.11237826215270458
  },
  "layer_11": {
    "task0": 0.5,
    "task1": 0.2311648889076268,
    "task2": 0.13653611029132762
  },
  "layer_12": {
    "task0": 0.5000527003667945,
    "task1": 0.32374889329229734,
    "task2": 0.09313208819933387
  },
  "layer_13": {
    "task0": 0.5057337999072473,
    "task1": 0.25068510476832917,
    "task2": 0.16060963784307938
  },
  "layer_14": {
    "task0": 0.5263712635439942,
    "task1": 0.16762932670011382,
    "task2": 0.1604409966693368
  },
  "layer_15": {
    "task0": 0.5000527003667945,
    "task1": 0.2846241409840212,
    "task2": 0.11880770690164004
  },
  "layer_16": {
    "task0": 0.5009275264555841,
    "task1": 0.23080652641342383,
    "task2": 0.1889097348117543
  },
  "layer_17": {
    "task0": 0.5202053206290316,
    "task1": 0.1257536152451621,
    "task2": 0.19000590244108098
  },
  "layer_18": {
    "task0": 0.5108984358531136,
    "task1": 0.1287364560057338,
    "task2": 0.1913971921244572
  },
  "layer_19": {
    "task0": 0.508252877440027,
    "task1": 0.12739786668915215,
    "task2": 0.18713900248745732
  },
  "layer_2": {
    "task0": 0.5,
    "task1": 0.1668072009781188,
    "task2": 0.18179518529448965
  },
  "layer_20": {
    "task0": 0.5164846747333361,
    "task1": 0.12876807622581052,
    "task2": 0.19521269868038282
  },
  "layer_21": {
    "task0": 0.5110038365867027,
    "task1": 0.14684430203634216,
    "task2": 0.18895189510518992
  },
  "layer_22": {
    "task0": 0.5118681226021333,
    "task1": 0.15696277246089632,
    "task2": 0.19373708841013534
  },
  "layer_23": {
    "task0": 0.5090539230153042,
    "task1": 0.17165563472321768,
    "task2": 0.2028647919389519
  },
  "layer_24": {
    "task0": 0.512489986930309,
    "task1": 0.18358699776550444,
    "task2": 0.2188962435178549
  },
  "layer_25": {
    "task0": 0.5086428601543067,
    "task1": 0.1552236603566761,
    "task2": 0.2334731649732282
  },
  "layer_26": {
    "task0": 0.5082317972933091,
    "task1": 0.15028036595134703,
    "task2": 0.2159239428306421
  },
  "layer_27": {
    "task0": 0.508484759053923,
    "task1": 0.31339854125384714,
    "task2": 0.20860913191955816
  },
  "layer_28": {
    "task0": 0.5108668156330368,
    "task1": 0.2657363295248535,
    "task2": 0.2199080905603103
  },
  "layer_29": {
    "task0": 0.5095071461697374,
    "task1": 0.3181204941186391,
    "task2": 0.22009781188077068
  },
  "layer_3": {
    "task0": 0.5,
    "task1": 0.1668072009781188,
    "task2": 0.17355284792782158
  },
  "layer_30": {
    "task0": 0.5073780513512374,
    "task1": 0.3199544668830895,
    "task2": 0.2244930224714364
  },
  "layer_31": {
    "task0": 0.5081685568531557,
    "task1": 0.33826257430751716,
    "task2": 0.23328344365276782
  },
  "layer_4": {
    "task0": 0.5,
    "task1": 0.17182427589696025,
    "task2": 0.17355284792782158
  },
  "layer_5": {
    "task0": 0.5061027024748093,
    "task1": 0.26399721742063326,
    "task2": 0.17355284792782158
  },
  "layer_6": {
    "task0": 0.5,
    "task1": 0.15282052363084447,
    "task2": 0.17355284792782158
  },
  "layer_7": {
    "task0": 0.4999051393397698,
    "task1": 0.20539440954509045,
    "task2": 0.11327416838821198
  },
  "layer_8": {
    "task0": 0.5,
    "task1": 0.16275981280829716,
    "task2": 0.09909776972047725
  },
  "layer_9": {
    "task0": 0.4997786584594629,
    "task1": 0.20584763269952358,
    "task2": 0.08763016990598255
  }
}