{
  "layer_0": {
    "task0": 0.5,
    "task1": 0.12532147223744677,
    "task2": 0.17355284792782158
  },
  "layer_1": {
    "task0": 0.5,
    "task1": 0.12532147223744677,
    "task2": 0.18179518529448965
  },
  "layer_10": {
    "task0": 0.49992621948648763,
    "task1": 0.09412285509507146,
    "task2": 0.17355284792782158
  },
  "layer_11": {
    "task0": 0.4986930309034951,
    "task1": 0.08568025633458409,
    "task2": 0.1280302710906868
  },
  "layer_12": {
    "task0": 0.5000210801467179,
    "task1": 0.15629874783928496,
    "task2": 0.08835743496774738
  },
  "layer_13": {
    "task0": 0.4992621948648763,
    "task1": 0.11772207934567225,
    "task2": 0.10378810236519247
  },
  "layer_14": {
    "task0": 0.5005059235212277,
    "task1": 0.13786415953455036,
    "task2": 0.08176988911842827
  },
  "layer_15": {
    "task0": 0.5,
    "task1": 0.09856022597917281,
    "task2": 0.17333150638728445
  },
  "layer_16": {
    "task0": 0.4992621948648763,
    "task1": 0.12361398035330326,
    "task2": 0.17934988827522239
  },
  "layer_17": {
    "task0": 0.4998945992664109,
    "task1": 0.11470761836502381,
    "task2": 0.17712593279649227
  },
  "layer_18": {
    "task0": 0.49996837977992326,
    "task1": 0.10702390488637802,
    "task2": 0.17531304017875965
  },
  "layer_19": {
    "task0": 0.4997154180193094,
    "task1": 0.11961929255027615,
    "task2": 0.17492305746447995
  },
  "layer_2": {
    "task0": 0.5,
    "task1": 0.12532147223744677,
    "task2": 0.10375648214511574
  },
  "layer_20": {
    "task0": 0.49605801256376747,
    "task1": 0.1386862852565454,
    "task2": 0.17888612504743032
  },
  "layer_21": {
    "task0": 0.4987984316370842,
    "task1": 0.13207765926050846,
    "task2": 0.17962393018255407
  },
  "layer_22": {
    "task0": 0.5013596694632995,
    "task1": 0.11511868122602133,
    "task2": 0.13454403642649354
  },
  "layer_23": {
    "task0": 0.49931489523167083,
    "task1": 0.09702137526877187,
    "task2": 0.10210169062776676
  },
  "layer_24": {
    "task0": 0.49954677684556686,
    "task1": 0.11822800286689995,
    "task2": 0.1398035330325899
  },
  "layer_25": {
    "task0": 0.500590244108099,
    "task1": 0.09307938783253931,
    "task2": 0.08814663350056916
  },
  "layer_26": {
    "task0": 0.49892491251739113,
    "task1": 0.14495762890509717,
    "task2": 0.16755554618660146
  },
  "layer_27": {
    "task0": 0.5012753488764282,
    "task1": 0.08620726000252962,
    "task2": 0.08901091951599983
  },
  "layer_28": {
    "task0": 0.4999789198532822,
    "task1": 0.1513343732872381,
    "task2": 0.16336059698975505
  },
  "layer_29": {
    "task0": 0.4999367595598465,
    "task1": 0.12876807622581052,
    "task2": 0.17331042624056664
  },
  "layer_3": {
    "task0": 0.5,
    "task1": 0.12532147223744677,
    "task2": 0.07359079219191365
  },
  "layer_30": {
    "task0": 0.5004953834478688,
    "task1": 0.16617479657658418,
    "task2": 0.11502382056579114
  },
  "layer_31": {
    "task0": 0.4999367595598465,
    "task1": 0.09724271680930899,
    "task2": 0.1286310552721447
  },
  "layer_4": {
    "task0": 0.5,
    "task1": 0.08611239934229942,
    "task2": 0.17355284792782158
  },
  "layer_5": {
    "task0": 0.49996837977992326,
    "task1": 0.12532147223744677,
    "task2": 0.11958767233019942
  },
  "layer_6": {
    "task0": 0.5,
    "task1": 0.12532147223744677,
    "task2": 0.17355284792782158
  },
  "layer_7": {
    "task0": 0.4994835364054134,
    "task1": 0.08611239934229942,
    "task2": 0.1411948227159661
  },
  "layer_8": {
    "task0": 0.5,
    "task1": 0.14352417892828534,
    "task2": 0.11958767233019942
  },
  "layer_9": {
    "task0": 0.5,
    "task1": 0.12502635018339728,
    "task2": 0.1738795902019478
  }
}