{
  "layer_0": {
    "task0": 0.4999789136302294,
    "task1": 0.1253162955465587,
    "task2": 0.17354082321187583
  },
  "layer_1": {
    "task0": 0.5000210863697706,
    "task1": 0.1253162955465587,
    "task2": 0.1818277665317139
  },
  "layer_10": {
    "task0": 0.5000421727395412,
    "task1": 0.166824814439946,
    "task2": 0.1818277665317139
  },
  "layer_11": {
    "task0": 0.5010016025641025,
    "task1": 0.12330254723346828,
    "task2": 0.1818277665317139
  },
  "layer_12": {
    "task0": 0.5000210863697706,
    "task1": 0.11486799932523617,
    "task2": 0.11941211201079623
  },
  "layer_13": {
    "task0": 0.5,
    "task1": 0.07932692307692307,
    "task2": 0.11941211201079623
  },
  "layer_14": {
    "task0": 0.5000210863697706,
    "task1": 0.08780364372469636,
    "task2": 0.11962297570850203
  },
  "layer_15": {
    "task0": 0.4999789136302294,
    "task1": 0.16765772604588394,
    "task2": 0.11942265519568152
  },
  "layer_16": {
    "task0": 0.5000210863697706,
    "task1": 0.15215924426450742,
    "task2": 0.12009741902834008
  },
  "layer_17": {
    "task0": 0.5000738022941971,
    "task1": 0.08611673414304993,
    "task2": 0.18177505060728744
  },
  "layer_18": {
    "task0": 0.5000632591093117,
    "task1": 0.12122553981106612,
    "task2": 0.11941211201079623
  },
  "layer_19": {
    "task0": 0.5087824730094467,
    "task1": 0.12963900134952766,
    "task2": 0.11962297570850203
  },
  "layer_2": {
    "task0": 0.5000210863697706,
    "task1": 0.08611673414304993,
    "task2": 0.11962297570850203
  },
  "layer_20": {
    "task0": 0.5071693657219973,
    "task1": 0.10255355937921727,
    "task2": 0.11941211201079623
  },
  "layer_21": {
    "task0": 0.5000421727395412,
    "task1": 0.08627488191632929,
    "task2": 0.1194331983805668
  },
  "layer_22": {
    "task0": 0.5000738022941971,
    "task1": 0.1178200910931174,
    "task2": 0.18059421390013494
  },
  "layer_23": {
    "task0": 0.4999789136302294,
    "task1": 0.16523279352226722,
    "task2": 0.14472629892037786
  },
  "layer_24": {
    "task0": 0.5000948886639676,
    "task1": 0.14701417004048584,
    "task2": 0.14049848178137653
  },
  "layer_25": {
    "task0": 0.5000210863697706,
    "task1": 0.13094635627530365,
    "task2": 0.18241818488529016
  },
  "layer_26": {
    "task0": 0.5000421727395412,
    "task1": 0.08809885290148448,
    "task2": 0.11951754385964912
  },
  "layer_27": {
    "task0": 0.5000210863697706,
    "task1": 0.19538630229419704,
    "task2": 0.10376602564102565
  },
  "layer_28": {
    "task0": 0.4999789136302294,
    "task1": 0.17093665654520918,
    "task2": 0.11940156882591094
  },
  "layer_29": {
    "task0": 0.5000210863697706,
    "task1": 0.12163672402159244,
    "task2": 0.09303306342780027
  },
  "layer_3": {
    "task0": 0.4999789136302294,
    "task1": 0.1253162955465587,
    "task2": 0.11959134615384616
  },
  "layer_30": {
    "task0": 0.5000105431848852,
    "task1": 0.16869095816464239,
    "task2": 0.06555752361673414
  },
  "layer_31": {
    "task0": 0.4999789136302294,
    "task1": 0.1253162955465587,
    "task2": 0.1034919028340081
  },
  "layer_4": {
    "task0": 0.4999789136302294,
    "task1": 0.1253057523616734,
    "task2": 0.1818277665317139
  },
  "layer_5": {
    "task0": 0.5000210863697706,
    "task1": 0.16681427125506074,
    "task2": 0.11941211201079623
  },
  "layer_6": {
    "task0": 0.4999789136302294,
    "task1": 0.166824814439946,
    "task2": 0.11941211201079623
  },
  "layer_7": {
    "task0": 0.4999789136302294,
    "task1": 0.166824814439946,
    "task2": 0.13855853576248314
  },
  "layer_8": {
    "task0": 0.4999789136302294,
    "task1": 0.166824814439946,
    "task2": 0.17354082321187583
  },
  "layer_9": {
    "task0": 0.4999789136302294,
    "task1": 0.16683535762483132,
    "task2": 0.07360197368421052
  }
}