{
  "layer_0": {
    "task0": 0.5,
    "task1": 0.26121463805388084,
    "task2": 0.18179518529448965
  },
  "layer_1": {
    "task0": 0.4980395463552426,
    "task1": 0.16692314178506681,
    "task2": 0.1932944053290611
  },
  "layer_10": {
    "task0": 0.5,
    "task1": 0.25072726506176485,
    "task2": 0.1701800244529702
  },
  "layer_11": {
    "task0": 0.5000210801467179,
    "task1": 0.23212403558328765,
    "task2": 0.18299675365740545
  },
  "layer_12": {
    "task0": 0.5028668999536237,
    "task1": 0.27597074075635564,
    "task2": 0.15399047177368355
  },
  "layer_13": {
    "task0": 0.5084320586871285,
    "task1": 0.296323622412412,
    "task2": 0.15531852101690627
  },
  "layer_14": {
    "task0": 0.5162527931194401,
    "task1": 0.2782368565285214,
    "task2": 0.15178759644167122
  },
  "layer_15": {
    "task0": 0.5086006998608711,
    "task1": 0.24288545048273535,
    "task2": 0.14062565875458494
  },
  "layer_16": {
    "task0": 0.5091804038956111,
    "task1": 0.24167334204646065,
    "task2": 0.19313630422867742
  },
  "layer_17": {
    "task0": 0.5093701252160715,
    "task1": 0.1941059909776972,
    "task2": 0.21188709473417935
  },
  "layer_18": {
    "task0": 0.5124056663434378,
    "task1": 0.19227201821324677,
    "task2": 0.22184746405834985
  },
  "layer_19": {
    "task0": 0.5118892027488511,
    "task1": 0.19294658290821703,
    "task2": 0.18642227749905138
  },
  "layer_2": {
    "task0": 0.5,
    "task1": 0.1668072009781188,
    "task2": 0.18577933302415786
  },
  "layer_20": {
    "task0": 0.5097495678569923,
    "task1": 0.18709684219402167,
    "task2": 0.18857245246426915
  },
  "layer_21": {
    "task0": 0.5085690796407943,
    "task1": 0.20139972174206333,
    "task2": 0.19477001559930857
  },
  "layer_22": {
    "task0": 0.5087693410346136,
    "task1": 0.20483578565706817,
    "task2": 0.1938003288502888
  },
  "layer_23": {
    "task0": 0.5108246553396012,
    "task1": 0.2102428432901893,
    "task2": 0.18804544879632362
  },
  "layer_24": {
    "task0": 0.5100446899110418,
    "task1": 0.2005775960200683,
    "task2": 0.19385302921708336
  },
  "layer_25": {
    "task0": 0.5100868502044774,
    "task1": 0.205678991525781,
    "task2": 0.18414562165352671
  },
  "layer_26": {
    "task0": 0.5131540115519204,
    "task1": 0.15361102913276276,
    "task2": 0.18251191028289557
  },
  "layer_27": {
    "task0": 0.5129432100847422,
    "task1": 0.18117332096631392,
    "task2": 0.18192166617479658
  },
  "layer_28": {
    "task0": 0.5090960833087398,
    "task1": 0.19935494751043467,
    "task2": 0.18382941945275938
  },
  "layer_29": {
    "task0": 0.5084742189805641,
    "task1": 0.19744719423247187,
    "task2": 0.18312323453771237
  },
  "layer_3": {
    "task0": 0.5,
    "task1": 0.1668072009781188,
    "task2": 0.17355284792782158
  },
  "layer_30": {
    "task0": 0.501422909903453,
    "task1": 0.14161642565032254,
    "task2": 0.19248281968042497
  },
  "layer_31": {
    "task0": 0.5044479109574602,
    "task1": 0.12427800497491462,
    "task2": 0.1912180108773557
  },
  "layer_4": {
    "task0": 0.5,
    "task1": 0.1668915215649901,
    "task2": 0.17355284792782158
  },
  "layer_5": {
    "task0": 0.5,
    "task1": 0.17778995741810363,
    "task2": 0.17355284792782158
  },
  "layer_6": {
    "task0": 0.4999156794131287,
    "task1": 0.21147603187318184,
    "task2": 0.17355284792782158
  },
  "layer_7": {
    "task0": 0.4999578397065644,
    "task1": 0.16716556347232175,
    "task2": 0.17353176778110377
  },
  "layer_8": {
    "task0": 0.5030250010540074,
    "task1": 0.1300223449555209,
    "task2": 0.17318394536025972
  },
  "layer_9": {
    "task0": 0.500115940806948,
    "task1": 0.1257325350984443,
    "task2": 0.17413255196256167
  }
}