{
  "layer_0": {
    "task0": 0.5,
    "task1": 0.08611239934229942,
    "task2": 0.17355284792782158
  },
  "layer_1": {
    "task0": 0.5,
    "task1": 0.11422277499051393,
    "task2": 0.11958767233019942
  },
  "layer_10": {
    "task0": 0.49968379779923267,
    "task1": 0.13702095366583752,
    "task2": 0.09900290906024706
  },
  "layer_11": {
    "task0": 0.49985243897297527,
    "task1": 0.1313398541253847,
    "task2": 0.16466756608625996
  },
  "layer_12": {
    "task0": 0.49972595809266834,
    "task1": 0.1286415953455036,
    "task2": 0.13616720772376575
  },
  "layer_13": {
    "task0": 0.5019288334246806,
    "task1": 0.11906066866225389,
    "task2": 0.11551920401365993
  },
  "layer_14": {
    "task0": 0.5013280492432227,
    "task1": 0.1441987436232556,
    "task2": 0.11745857751169948
  },
  "layer_15": {
    "task0": 0.5007905055019183,
    "task1": 0.10257599392891774,
    "task2": 0.11321092794805852
  },
  "layer_16": {
    "task0": 0.5006534845482524,
    "task1": 0.09829672414520005,
    "task2": 0.08613347948901724
  },
  "layer_17": {
    "task0": 0.4995046165521312,
    "task1": 0.1329208651292213,
    "task2": 0.12467852776255323
  },
  "layer_18": {
    "task0": 0.5,
    "task1": 0.1301382857624689,
    "task2": 0.12519499135713985
  },
  "layer_19": {
    "task0": 0.49996837977992326,
    "task1": 0.11363253088241494,
    "task2": 0.1134955099287491
  },
  "layer_2": {
    "task0": 0.5,
    "task1": 0.1290421181331422,
    "task2": 0.1726569416923142
  },
  "layer_20": {
    "task0": 0.4992094944980817,
    "task1": 0.11701589443062524,
    "task2": 0.11227286141911548
  },
  "layer_21": {
    "task0": 0.5026244782663687,
    "task1": 0.11032294784771703,
    "task2": 0.11149289599055609
  },
  "layer_22": {
    "task0": 0.5012753488764282,
    "task1": 0.09004384670517307,
    "task2": 0.1582275812639656
  },
  "layer_23": {
    "task0": 0.49994729963320544,
    "task1": 0.11883932712171677,
    "task2": 0.17849614233315064
  },
  "layer_3": {
    "task0": 0.5,
    "task1": 0.08611239934229942,
    "task2": 0.18179518529448965
  },
  "layer_4": {
    "task0": 0.5,
    "task1": 0.12377208145368691,
    "task2": 0.11958767233019942
  },
  "layer_5": {
    "task0": 0.4983662886293689,
    "task1": 0.12532147223744677,
    "task2": 0.16133690290484423
  },
  "layer_6": {
    "task0": 0.49996837977992326,
    "task1": 0.12532147223744677,
    "task2": 0.11952443189004595
  },
  "layer_7": {
    "task0": 0.4988089717104431,
    "task1": 0.13562966398246132,
    "task2": 0.11957713225684051
  },
  "layer_8": {
    "task0": 0.5,
    "task1": 0.11876554660820439,
    "task2": 0.17332096631392555
  },
  "layer_9": {
    "task0": 0.5010329271891732,
    "task1": 0.13363759011762721,
    "task2": 0.1290421181331422
  }
}