{
  "layer_0": {
    "task0": 0.5000210863697706,
    "task1": 0.25635754048583,
    "task2": 0.1818277665317139
  },
  "layer_1": {
    "task0": 0.4999789136302294,
    "task1": 0.16722545546558704,
    "task2": 0.1818277665317139
  },
  "layer_10": {
    "task0": 0.5000210863697706,
    "task1": 0.1178200910931174,
    "task2": 0.173582995951417
  },
  "layer_11": {
    "task0": 0.5373123313090419,
    "task1": 0.1178200910931174,
    "task2": 0.17354082321187583
  },
  "layer_12": {
    "task0": 0.5468539136302294,
    "task1": 0.1178200910931174,
    "task2": 0.17354082321187583
  },
  "layer_13": {
    "task0": 0.5049974696356275,
    "task1": 0.1178200910931174,
    "task2": 0.17374114372469635
  },
  "layer_14": {
    "task0": 0.6483004385964912,
    "task1": 0.1178200910931174,
    "task2": 0.17357245276653172
  },
  "layer_15": {
    "task0": 0.4999789136302294,
    "task1": 0.18854377530364372,
    "task2": 0.17470057354925775
  },
  "layer_16": {
    "task0": 0.4999789136302294,
    "task1": 0.1870782726045884,
    "task2": 0.17587086707152497
  },
  "layer_17": {
    "task0": 0.4999789136302294,
    "task1": 0.18960863697705804,
    "task2": 0.18377825573549258
  },
  "layer_18": {
    "task0": 0.4999789136302294,
    "task1": 0.2335315452091768,
    "task2": 0.3029162449392713
  },
  "layer_19": {
    "task0": 0.4999789136302294,
    "task1": 0.18542299257759784,
    "task2": 0.2939650809716599
  },
  "layer_2": {
    "task0": 0.5022246120107963,
    "task1": 0.16679318488529016,
    "task2": 0.17354082321187583
  },
  "layer_20": {
    "task0": 0.4999789136302294,
    "task1": 0.1851594129554656,
    "task2": 0.22085863697705804
  },
  "layer_21": {
    "task0": 0.4999789136302294,
    "task1": 0.2015224358974359,
    "task2": 0.252836116734143
  },
  "layer_22": {
    "task0": 0.4999789136302294,
    "task1": 0.14856401821862347,
    "task2": 0.3258265856950067
  },
  "layer_23": {
    "task0": 0.4999789136302294,
    "task1": 0.1402032726045884,
    "task2": 0.3461011302294197
  },
  "layer_24": {
    "task0": 0.4999789136302294,
    "task1": 0.12975497638326586,
    "task2": 0.36370824898785425
  },
  "layer_25": {
    "task0": 0.4999789136302294,
    "task1": 0.15603913630229418,
    "task2": 0.3546621963562753
  },
  "layer_26": {
    "task0": 0.4999789136302294,
    "task1": 0.13322368421052633,
    "task2": 0.2237790991902834
  },
  "layer_27": {
    "task0": 0.4999789136302294,
    "task1": 0.1230705971659919,
    "task2": 0.08922697368421052
  },
  "layer_28": {
    "task0": 0.4999789136302294,
    "task1": 0.14271255060728744,
    "task2": 0.12645495951417005
  },
  "layer_29": {
    "task0": 0.4999789136302294,
    "task1": 0.1307882085020243,
    "task2": 0.17887567476383265
  },
  "layer_3": {
    "task0": 0.5000210863697706,
    "task1": 0.16679318488529016,
    "task2": 0.17354082321187583
  },
  "layer_30": {
    "task0": 0.4999789136302294,
    "task1": 0.1305668016194332,
    "task2": 0.16531713900134953
  },
  "layer_31": {
    "task0": 0.4999789136302294,
    "task1": 0.13352943657219973,
    "task2": 0.2348072705802969
  },
  "layer_4": {
    "task0": 0.4999789136302294,
    "task1": 0.16679318488529016,
    "task2": 0.17354082321187583
  },
  "layer_5": {
    "task0": 0.5000210863697706,
    "task1": 0.11788335020242915,
    "task2": 0.17354082321187583
  },
  "layer_6": {
    "task0": 0.5000210863697706,
    "task1": 0.1178200910931174,
    "task2": 0.17354082321187583
  },
  "layer_7": {
    "task0": 0.5000210863697706,
    "task1": 0.11791497975708502,
    "task2": 0.17354082321187583
  },
  "layer_8": {
    "task0": 0.5000210863697706,
    "task1": 0.1178200910931174,
    "task2": 0.17354082321187583
  },
  "layer_9": {
    "task0": 0.5000210863697706,
    "task1": 0.1178200910931174,
    "task2": 0.17357245276653172
  }
}