{
  "layer_0": {
    "task0": 0.5000210863697706,
    "task1": 0.3105811403508772,
    "task2": 0.1818277665317139
  },
  "layer_1": {
    "task0": 0.5000210863697706,
    "task1": 0.2247385290148448,
    "task2": 0.23805457152496626
  },
  "layer_10": {
    "task0": 0.5802968960863698,
    "task1": 0.347893471659919,
    "task2": 0.4993041497975709
  },
  "layer_11": {
    "task0": 0.582120867071525,
    "task1": 0.2986251686909582,
    "task2": 0.4844804318488529
  },
  "layer_12": {
    "task0": 0.8169175944669366,
    "task1": 0.3233805668016194,
    "task2": 0.47101678475033737
  },
  "layer_13": {
    "task0": 0.7770959851551957,
    "task1": 0.35589574898785425,
    "task2": 0.5255145074224021
  },
  "layer_14": {
    "task0": 0.789863782051282,
    "task1": 0.3928496120107962,
    "task2": 0.5445660425101214
  },
  "layer_15": {
    "task0": 0.7402791835357625,
    "task1": 0.36608046558704455,
    "task2": 0.5878352732793523
  },
  "layer_16": {
    "task0": 0.7612601214574899,
    "task1": 0.3836664979757085,
    "task2": 0.609375
  },
  "layer_17": {
    "task0": 0.7544070512820513,
    "task1": 0.4092337213225371,
    "task2": 0.6610998650472335
  },
  "layer_18": {
    "task0": 0.7352079116059379,
    "task1": 0.3761597503373819,
    "task2": 0.6812057186234818
  },
  "layer_19": {
    "task0": 0.762282810391363,
    "task1": 0.3731549426450742,
    "task2": 0.7239161605937922
  },
  "layer_2": {
    "task0": 0.5000210863697706,
    "task1": 0.17034623819163291,
    "task2": 0.21002024291497975
  },
  "layer_20": {
    "task0": 0.746763242240216,
    "task1": 0.3648785425101215,
    "task2": 0.7342695681511471
  },
  "layer_21": {
    "task0": 0.7579495614035088,
    "task1": 0.36126223009446695,
    "task2": 0.7361884278002699
  },
  "layer_22": {
    "task0": 0.7507907388663968,
    "task1": 0.34715544871794873,
    "task2": 0.7288714574898786
  },
  "layer_23": {
    "task0": 0.7547866059379217,
    "task1": 0.37077218286099867,
    "task2": 0.7692413124156545
  },
  "layer_24": {
    "task0": 0.7459619601889339,
    "task1": 0.36454116059379216,
    "task2": 0.7908126686909581
  },
  "layer_25": {
    "task0": 0.7480916835357625,
    "task1": 0.34885290148448045,
    "task2": 0.8504449224021593
  },
  "layer_26": {
    "task0": 0.7499261977058029,
    "task1": 0.3582890519568151,
    "task2": 0.8383940620782726
  },
  "layer_27": {
    "task0": 0.7544492240215924,
    "task1": 0.3694226551956815,
    "task2": 0.8481570512820513
  },
  "layer_28": {
    "task0": 0.7630946356275303,
    "task1": 0.3751476045883941,
    "task2": 0.8356739203778677
  },
  "layer_29": {
    "task0": 0.7479862516869096,
    "task1": 0.35396634615384615,
    "task2": 0.8771508097165992
  },
  "layer_3": {
    "task0": 0.4999789136302294,
    "task1": 0.2034412955465587,
    "task2": 0.2305372807017544
  },
  "layer_30": {
    "task0": 0.7413651315789473,
    "task1": 0.34187331309041835,
    "task2": 0.8719003036437247
  },
  "layer_31": {
    "task0": 0.7176324224021593,
    "task1": 0.28220942982456143,
    "task2": 0.8647836538461539
  },
  "layer_4": {
    "task0": 0.5000210863697706,
    "task1": 0.18821693657219973,
    "task2": 0.2683029689608637
  },
  "layer_5": {
    "task0": 0.5000210863697706,
    "task1": 0.30855684885290147,
    "task2": 0.317550185560054
  },
  "layer_6": {
    "task0": 0.5,
    "task1": 0.3565599696356275,
    "task2": 0.3438976045883941
  },
  "layer_7": {
    "task0": 0.5000210863697706,
    "task1": 0.34017586032388664,
    "task2": 0.33568446356275305
  },
  "layer_8": {
    "task0": 0.5530005904183536,
    "task1": 0.409665991902834,
    "task2": 0.3222313596491228
  },
  "layer_9": {
    "task0": 0.5436171558704453,
    "task1": 0.42597629892037786,
    "task2": 0.4224021592442645
  }
}