{
  "layer_0": {
    "task0": 0.4999789136302294,
    "task1": 0.19728407557354927,
    "task2": 0.182049173414305
  },
  "layer_1": {
    "task0": 0.5004533569500674,
    "task1": 0.23358426113360323,
    "task2": 0.1834408738191633
  },
  "layer_10": {
    "task0": 0.6928664811066126,
    "task1": 0.43301914642375167,
    "task2": 0.8820955634278003
  },
  "layer_11": {
    "task0": 0.6802990047233468,
    "task1": 0.39953399122807015,
    "task2": 0.9308683367071525
  },
  "layer_12": {
    "task0": 0.8500759109311741,
    "task1": 0.421948802294197,
    "task2": 0.9367619770580297
  },
  "layer_13": {
    "task0": 0.8719213900134952,
    "task1": 0.5067898110661269,
    "task2": 0.9535889001349528
  },
  "layer_14": {
    "task0": 0.7577070681511471,
    "task1": 0.4085589574898785,
    "task2": 0.8666603407557355
  },
  "layer_15": {
    "task0": 0.7818193319838057,
    "task1": 0.41296600877192985,
    "task2": 0.922022604588394
  },
  "layer_16": {
    "task0": 0.7126665823211876,
    "task1": 0.2994475371120108,
    "task2": 0.8384994939271255
  },
  "layer_17": {
    "task0": 0.697421136977058,
    "task1": 0.27699055330634276,
    "task2": 0.7806595816464238
  },
  "layer_18": {
    "task0": 0.6428390688259109,
    "task1": 0.275872975708502,
    "task2": 0.715808451417004
  },
  "layer_19": {
    "task0": 0.6079622132253711,
    "task1": 0.25101214574898784,
    "task2": 0.6614794197031039
  },
  "layer_2": {
    "task0": 0.5000210863697706,
    "task1": 0.26236715587044535,
    "task2": 0.21463815789473684
  },
  "layer_20": {
    "task0": 0.5977774966261808,
    "task1": 0.2504428137651822,
    "task2": 0.6040296052631579
  },
  "layer_21": {
    "task0": 0.5770179655870445,
    "task1": 0.263263326585695,
    "task2": 0.5076227226720648
  },
  "layer_22": {
    "task0": 0.5741923920377868,
    "task1": 0.22768007759784076,
    "task2": 0.40608130904183537
  },
  "layer_23": {
    "task0": 0.5671390013495277,
    "task1": 0.2356612685560054,
    "task2": 0.36171558704453444
  },
  "layer_3": {
    "task0": 0.5000210863697706,
    "task1": 0.3329432354925776,
    "task2": 0.3202914136302294
  },
  "layer_4": {
    "task0": 0.5828272604588394,
    "task1": 0.4171727395411606,
    "task2": 0.3577513495276653
  },
  "layer_5": {
    "task0": 0.5696693657219973,
    "task1": 0.39872216599190285,
    "task2": 0.5436593286099866
  },
  "layer_6": {
    "task0": 0.6145833333333334,
    "task1": 0.4445639338731444,
    "task2": 0.7749030026990553
  },
  "layer_7": {
    "task0": 0.5924110155195681,
    "task1": 0.38000801282051283,
    "task2": 0.8467020917678812
  },
  "layer_8": {
    "task0": 0.5657262145748988,
    "task1": 0.35964912280701755,
    "task2": 0.8865131578947368
  },
  "layer_9": {
    "task0": 0.617335104588394,
    "task1": 0.39081477732793524,
    "task2": 0.8244876012145749
  }
}