{
  "layer_0": {
    "task0": 0.4988932924028583,
    "task1": 0.24689067806950393,
    "task2": 0.18179518519224402
  },
  "layer_1": {
    "task0": 0.4973017413332016,
    "task1": 0.29637632267334857,
    "task2": 0.18641173722842597
  },
  "layer_10": {
    "task0": 0.5308929546889116,
    "task1": 0.911758504828995,
    "task2": 0.40260972167395526
  },
  "layer_11": {
    "task0": 0.52321978125504,
    "task1": 0.9230363831992666,
    "task2": 0.43387157928192766
  },
  "layer_12": {
    "task0": 0.5705974115822638,
    "task1": 0.9257662625189972,
    "task2": 0.47665373759765217
  },
  "layer_13": {
    "task0": 0.5718938395147898,
    "task1": 0.9339242798855677,
    "task2": 0.4964585343964853
  },
  "layer_14": {
    "task0": 0.5801783373030539,
    "task1": 0.9362220156711202,
    "task2": 0.5165268346027116
  },
  "layer_15": {
    "task0": 0.5888317370721061,
    "task1": 0.9388991946014397,
    "task2": 0.5228930385056523
  },
  "layer_16": {
    "task0": 0.5961043883594556,
    "task1": 0.9442746312964088,
    "task2": 0.5338547155923831
  },
  "layer_17": {
    "task0": 0.5960411481259922,
    "task1": 0.9411653103811441,
    "task2": 0.5377018422446226
  },
  "layer_18": {
    "task0": 0.5886420161468072,
    "task1": 0.9433892656230289,
    "task2": 0.5403263197250665
  },
  "layer_19": {
    "task0": 0.5865550819748122,
    "task1": 0.9490387447291762,
    "task2": 0.5536278935303309
  },
  "layer_2": {
    "task0": 0.50449007088589,
    "task1": 0.32910325022628634,
    "task2": 0.2035815167616602
  },
  "layer_20": {
    "task0": 0.5874720688382672,
    "task1": 0.9489649647345877,
    "task2": 0.5624183145275887
  },
  "layer_21": {
    "task0": 0.5934061290983447,
    "task1": 0.9503140946509911,
    "task2": 0.5632720597289687
  },
  "layer_22": {
    "task0": 0.5940701540805642,
    "task1": 0.9518845651228556,
    "task2": 0.5778806020288867
  },
  "layer_23": {
    "task0": 0.5963784304734773,
    "task1": 0.9554681895761166,
    "task2": 0.5749610009602377
  },
  "layer_24": {
    "task0": 0.5978329605668515,
    "task1": 0.9556789915396022,
    "task2": 0.5864602211380474
  },
  "layer_25": {
    "task0": 0.6043994266721531,
    "task1": 0.9564800371148794,
    "task2": 0.5834035993375004
  },
  "layer_26": {
    "task0": 0.5974008180026718,
    "task1": 0.9605063444349857,
    "task2": 0.5990872289434925
  },
  "layer_27": {
    "task0": 0.5924996831425476,
    "task1": 0.9597474588936821,
    "task2": 0.5965997722810152
  },
  "layer_28": {
    "task0": 0.6022597909642138,
    "task1": 0.9610860479809571,
    "task2": 0.6004363585099678
  },
  "layer_29": {
    "task0": 0.5970740756908514,
    "task1": 0.9644588717454259,
    "task2": 0.6086892368565412
  },
  "layer_3": {
    "task0": 0.5005902442302911,
    "task1": 0.4418609548034839,
    "task2": 0.22089885735207462
  },
  "layer_30": {
    "task0": 0.5914772961171995,
    "task1": 0.9646907536338616,
    "task2": 0.5997090930122062
  },
  "layer_31": {
    "task0": 0.587092624494195,
    "task1": 0.9641426700409662,
    "task2": 0.5991188493627205
  },
  "layer_4": {
    "task0": 0.5014756098735156,
    "task1": 0.5531746693757439,
    "task2": 0.23679328781585476
  },
  "layer_5": {
    "task0": 0.5049011335386269,
    "task1": 0.763396432976572,
    "task2": 0.24429782014540413
  },
  "layer_6": {
    "task0": 0.5010118467361897,
    "task1": 0.8297672744646729,
    "task2": 0.25616594253016733
  },
  "layer_7": {
    "task0": 0.506555925535635,
    "task1": 0.8666891518555734,
    "task2": 0.2684767484125261
  },
  "layer_8": {
    "task0": 0.5168851968299137,
    "task1": 0.8840064925727346,
    "task2": 0.29190733173659567
  },
  "layer_9": {
    "task0": 0.5211644669107877,
    "task1": 0.8995109401683169,
    "task2": 0.35075256113008346
  }
}