{
  "layer_0": {
    "task0": 0.5,
    "task1": 0.12532147223744677,
    "task2": 0.17355284792782158
  },
  "layer_1": {
    "task0": 0.5,
    "task1": 0.12532147223744677,
    "task2": 0.18179518529448965
  },
  "layer_10": {
    "task0": 0.5000105400733589,
    "task1": 0.1668072009781188,
    "task2": 0.18179518529448965
  },
  "layer_11": {
    "task0": 0.5000210801467179,
    "task1": 0.08982250516463594,
    "task2": 0.18179518529448965
  },
  "layer_12": {
    "task0": 0.5,
    "task1": 0.1252371516505755,
    "task2": 0.11939795100973903
  },
  "layer_13": {
    "task0": 0.5,
    "task1": 0.10475778911421224,
    "task2": 0.11939795100973903
  },
  "layer_14": {
    "task0": 0.5,
    "task1": 0.08636536110291328,
    "task2": 0.09588304734600953
  },
  "layer_15": {
    "task0": 0.5,
    "task1": 0.16681774105147773,
    "task2": 0.11939795100973903
  },
  "layer_16": {
    "task0": 0.5,
    "task1": 0.16517348960748768,
    "task2": 0.11939795100973903
  },
  "layer_17": {
    "task0": 0.5,
    "task1": 0.08611239934229942,
    "task2": 0.18179518529448965
  },
  "layer_18": {
    "task0": 0.5,
    "task1": 0.12159028626839243,
    "task2": 0.11939795100973903
  },
  "layer_19": {
    "task0": 0.5020658543783465,
    "task1": 0.16563725283527975,
    "task2": 0.11958767233019942
  },
  "layer_2": {
    "task0": 0.5,
    "task1": 0.08611239934229942,
    "task2": 0.11958767233019942
  },
  "layer_20": {
    "task0": 0.49972595809266834,
    "task1": 0.16325519625616594,
    "task2": 0.11939795100973903
  },
  "layer_21": {
    "task0": 0.5,
    "task1": 0.09885534803322231,
    "task2": 0.11939795100973903
  },
  "layer_22": {
    "task0": 0.5,
    "task1": 0.11781694000590244,
    "task2": 0.17921286732155656
  },
  "layer_23": {
    "task0": 0.5,
    "task1": 0.17703107213626207,
    "task2": 0.1716872549432944
  },
  "layer_24": {
    "task0": 0.5,
    "task1": 0.16769256714026728,
    "task2": 0.14118428264260718
  },
  "layer_25": {
    "task0": 0.5,
    "task1": 0.12438340570850373,
    "task2": 0.18095197942577682
  },
  "layer_26": {
    "task0": 0.5,
    "task1": 0.07561448627682449,
    "task2": 0.13572452464269152
  },
  "layer_27": {
    "task0": 0.5,
    "task1": 0.19147097263796956,
    "task2": 0.08532189384038114
  },
  "layer_28": {
    "task0": 0.5,
    "task1": 0.16165310510561154,
    "task2": 0.11939795100973903
  },
  "layer_29": {
    "task0": 0.5,
    "task1": 0.12159028626839243,
    "task2": 0.0791137906319828
  },
  "layer_3": {
    "task0": 0.5,
    "task1": 0.12532147223744677,
    "task2": 0.11958767233019942
  },
  "layer_30": {
    "task0": 0.5,
    "task1": 0.16648045870399258,
    "task2": 0.07012310805683207
  },
  "layer_31": {
    "task0": 0.5,
    "task1": 0.12532147223744677,
    "task2": 0.1168788734769594
  },
  "layer_4": {
    "task0": 0.5,
    "task1": 0.12532147223744677,
    "task2": 0.1836502382056579
  },
  "layer_5": {
    "task0": 0.5,
    "task1": 0.1668072009781188,
    "task2": 0.11939795100973903
  },
  "layer_6": {
    "task0": 0.5,
    "task1": 0.1668072009781188,
    "task2": 0.11939795100973903
  },
  "layer_7": {
    "task0": 0.5,
    "task1": 0.1668072009781188,
    "task2": 0.07378051351237405
  },
  "layer_8": {
    "task0": 0.5,
    "task1": 0.1668072009781188,
    "task2": 0.17355284792782158
  },
  "layer_9": {
    "task0": 0.5,
    "task1": 0.1668072009781188,
    "task2": 0.07359079219191365
  }
}