{
  "layer_0": {
    "task0": 0.5,
    "task1": 0.11703697457734306,
    "task2": 0.17355284792782158
  },
  "layer_1": {
    "task0": 0.49776550444791096,
    "task1": 0.11781694000590244,
    "task2": 0.11929255027614992
  },
  "layer_10": {
    "task0": 0.5036784856022598,
    "task1": 0.08612293941565834,
    "task2": 0.1358088452295628
  },
  "layer_11": {
    "task0": 0.4925060078418146,
    "task1": 0.13007504532231545,
    "task2": 0.13547156288207765
  },
  "layer_12": {
    "task0": 0.5,
    "task1": 0.13076015009064462,
    "task2": 0.13688393271217167
  },
  "layer_13": {
    "task0": 0.48241915763733717,
    "task1": 0.09073949154686117,
    "task2": 0.18965808002023693
  },
  "layer_14": {
    "task0": 0.5021396348918589,
    "task1": 0.11246258273957586,
    "task2": 0.11306336692103378
  },
  "layer_15": {
    "task0": 0.46546017960285,
    "task1": 0.16687044141827226,
    "task2": 0.10326109869724694
  },
  "layer_16": {
    "task0": 0.5,
    "task1": 0.16180066613263627,
    "task2": 0.1529470045111514
  },
  "layer_17": {
    "task0": 0.4992200345714406,
    "task1": 0.15070196888570345,
    "task2": 0.13756903748050087
  },
  "layer_18": {
    "task0": 0.5059551414477845,
    "task1": 0.1277351490366373,
    "task2": 0.15917618786626755
  },
  "layer_19": {
    "task0": 0.48917534466039886,
    "task1": 0.1258379358320334,
    "task2": 0.15795353935663392
  },
  "layer_2": {
    "task0": 0.5,
    "task1": 0.12532147223744677,
    "task2": 0.11958767233019942
  },
  "layer_20": {
    "task0": 0.4926114085754037,
    "task1": 0.14624351785488426,
    "task2": 0.10656014165858595
  },
  "layer_21": {
    "task0": 0.496342594544458,
    "task1": 0.11483409924533075,
    "task2": 0.13890762679708252
  },
  "layer_22": {
    "task0": 0.49435052067962393,
    "task1": 0.12527931194401112,
    "task2": 0.11952443189004595
  },
  "layer_23": {
    "task0": 0.4865297862473123,
    "task1": 0.12999072473544415,
    "task2": 0.11345334963531346
  },
  "layer_3": {
    "task0": 0.5,
    "task1": 0.08611239934229942,
    "task2": 0.18179518529448965
  },
  "layer_4": {
    "task0": 0.5,
    "task1": 0.11469707829166491,
    "task2": 0.11958767233019942
  },
  "layer_5": {
    "task0": 0.49998945992664107,
    "task1": 0.12532147223744677,
    "task2": 0.18179518529448965
  },
  "layer_6": {
    "task0": 0.49663771659850753,
    "task1": 0.12532147223744677,
    "task2": 0.11958767233019942
  },
  "layer_7": {
    "task0": 0.5,
    "task1": 0.12511067077026855,
    "task2": 0.12082086091319195
  },
  "layer_8": {
    "task0": 0.49966271765251485,
    "task1": 0.08611239934229942,
    "task2": 0.194601374425566
  },
  "layer_9": {
    "task0": 0.5,
    "task1": 0.1130001264808803,
    "task2": 0.13053880855010752
  }
}