{
  "layer_0": {
    "task0": 0.5,
    "task1": 0.08611239934229942,
    "task2": 0.18179518529448965
  },
  "layer_1": {
    "task0": 0.5,
    "task1": 0.11781694000590244,
    "task2": 0.18179518529448965
  },
  "layer_10": {
    "task0": 0.5,
    "task1": 0.0963573506471605,
    "task2": 0.14425144399005016
  },
  "layer_11": {
    "task0": 0.5,
    "task1": 0.1398983936928201,
    "task2": 0.17355284792782158
  },
  "layer_12": {
    "task0": 0.5001370209536659,
    "task1": 0.08934820186348497,
    "task2": 0.17835912137948481
  },
  "layer_13": {
    "task0": 0.49733336144019563,
    "task1": 0.12536363253088242,
    "task2": 0.11959821240355833
  },
  "layer_14": {
    "task0": 0.49878789156372527,
    "task1": 0.08611239934229942,
    "task2": 0.18061469707829167
  },
  "layer_15": {
    "task0": 0.4969012184324803,
    "task1": 0.12696572368143683,
    "task2": 0.139677052152283
  },
  "layer_16": {
    "task0": 0.500474303301151,
    "task1": 0.13256250263501834,
    "task2": 0.1088051772840339
  },
  "layer_17": {
    "task0": 0.5,
    "task1": 0.10973270373961803,
    "task2": 0.1801298537037818
  },
  "layer_18": {
    "task0": 0.49876681141700746,
    "task1": 0.12537417260424133,
    "task2": 0.1319090180867659
  },
  "layer_19": {
    "task0": 0.49986297904633414,
    "task1": 0.1283464732914541,
    "task2": 0.11925038998271428
  },
  "layer_2": {
    "task0": 0.5,
    "task1": 0.08611239934229942,
    "task2": 0.18179518529448965
  },
  "layer_20": {
    "task0": 0.5000948606602302,
    "task1": 0.11666807200978119,
    "task2": 0.11222016105232092
  },
  "layer_21": {
    "task0": 0.49866141068341835,
    "task1": 0.09514524221088579,
    "task2": 0.15432775412116867
  },
  "layer_22": {
    "task0": 0.4988405919305198,
    "task1": 0.16871495425608163,
    "task2": 0.12403558328765968
  },
  "layer_23": {
    "task0": 0.5,
    "task1": 0.1261541380328007,
    "task2": 0.10745604789409334
  },
  "layer_24": {
    "task0": 0.502476917239344,
    "task1": 0.12159028626839243,
    "task2": 0.13863358488975083
  },
  "layer_25": {
    "task0": 0.49778658459462877,
    "task1": 0.13406973312534257,
    "task2": 0.16388760065770058
  },
  "layer_26": {
    "task0": 0.4963215143977402,
    "task1": 0.17361608836797504,
    "task2": 0.1752814199586829
  },
  "layer_27": {
    "task0": 0.49527804713520807,
    "task1": 0.09258400438467052,
    "task2": 0.11957713225684051
  },
  "layer_28": {
    "task0": 0.5003056621274085,
    "task1": 0.16374003963067582,
    "task2": 0.1519562376154138
  },
  "layer_29": {
    "task0": 0.5025401576794974,
    "task1": 0.15043846705173067,
    "task2": 0.14379822083561702
  },
  "layer_3": {
    "task0": 0.5,
    "task1": 0.12532147223744677,
    "task2": 0.11958767233019942
  },
  "layer_30": {
    "task0": 0.5005164635945866,
    "task1": 0.12238079177031072,
    "task2": 0.1448943884649437
  },
  "layer_31": {
    "task0": 0.5000421602934356,
    "task1": 0.08612293941565834,
    "task2": 0.11953497196340486
  },
  "layer_4": {
    "task0": 0.5,
    "task1": 0.12532147223744677,
    "task2": 0.11975631350394199
  },
  "layer_5": {
    "task0": 0.5,
    "task1": 0.11781694000590244,
    "task2": 0.11939795100973903
  },
  "layer_6": {
    "task0": 0.5,
    "task1": 0.12532147223744677,
    "task2": 0.1411948227159661
  },
  "layer_7": {
    "task0": 0.5,
    "task1": 0.08611239934229942,
    "task2": 0.11958767233019942
  },
  "layer_8": {
    "task0": 0.5,
    "task1": 0.08611239934229942,
    "task2": 0.18179518529448965
  },
  "layer_9": {
    "task0": 0.4995889371390025,
    "task1": 0.137906319827986,
    "task2": 0.11102913276276404
  }
}