{
  "layer_0": {
    "task0": 0.5,
    "task1": 0.08611239934229942,
    "task2": 0.18179518529448965
  },
  "layer_1": {
    "task0": 0.5,
    "task1": 0.11781694000590244,
    "task2": 0.18179518529448965
  },
  "layer_10": {
    "task0": 0.5000843205868712,
    "task1": 0.1384017032758548,
    "task2": 0.16656477929086386
  },
  "layer_11": {
    "task0": 0.4999367595598465,
    "task1": 0.07898730975167587,
    "task2": 0.0755196256165943
  },
  "layer_12": {
    "task0": 0.5011172477760445,
    "task1": 0.08653400227665585,
    "task2": 0.12194864876259538
  },
  "layer_13": {
    "task0": 0.49907247354441586,
    "task1": 0.1238564020405582,
    "task2": 0.1205678991525781
  },
  "layer_14": {
    "task0": 0.499884059193052,
    "task1": 0.11485517939204856,
    "task2": 0.15215649900923311
  },
  "layer_15": {
    "task0": 0.501306969096505,
    "task1": 0.13570344449597369,
    "task2": 0.12441502592858046
  },
  "layer_16": {
    "task0": 0.49962055735907923,
    "task1": 0.12474176820270669,
    "task2": 0.13343732872380792
  },
  "layer_17": {
    "task0": 0.5006429444748935,
    "task1": 0.12547957333783044,
    "task2": 0.17006408364602218
  },
  "layer_18": {
    "task0": 0.4981976474556263,
    "task1": 0.12233863147687508,
    "task2": 0.1178801804460559
  },
  "layer_19": {
    "task0": 0.5000316202200767,
    "task1": 0.14794046966566887,
    "task2": 0.18817192967663054
  },
  "layer_2": {
    "task0": 0.5,
    "task1": 0.08611239934229942,
    "task2": 0.18179518529448965
  },
  "layer_20": {
    "task0": 0.4979025254015768,
    "task1": 0.10872085669716261,
    "task2": 0.13141363463889708
  },
  "layer_21": {
    "task0": 0.5002635018339727,
    "task1": 0.12619629832623636,
    "task2": 0.11724777604452127
  },
  "layer_22": {
    "task0": 0.5005480838146633,
    "task1": 0.12050465871242463,
    "task2": 0.1413950841097854
  },
  "layer_23": {
    "task0": 0.49964163750579704,
    "task1": 0.11599350731481091,
    "task2": 0.12007251570470931
  },
  "layer_24": {
    "task0": 0.49968379779923267,
    "task1": 0.1251633711370631,
    "task2": 0.14612757704793625
  },
  "layer_25": {
    "task0": 0.49996837977992326,
    "task1": 0.12040979805219444,
    "task2": 0.10837303427631856
  },
  "layer_26": {
    "task0": 0.4999367595598465,
    "task1": 0.12531093216408787,
    "task2": 0.14454656604409966
  },
  "layer_27": {
    "task0": 0.500474303301151,
    "task1": 0.11595134702137527,
    "task2": 0.1138854926430288
  },
  "layer_28": {
    "task0": 0.5011488679961212,
    "task1": 0.1307285298705679,
    "task2": 0.13458619671992916
  },
  "layer_29": {
    "task0": 0.5007694253552005,
    "task1": 0.12221215059656815,
    "task2": 0.16795606897424006
  },
  "layer_3": {
    "task0": 0.5,
    "task1": 0.12532147223744677,
    "task2": 0.11958767233019942
  },
  "layer_30": {
    "task0": 0.5005691639613812,
    "task1": 0.13504995994772123,
    "task2": 0.1300223449555209
  },
  "layer_31": {
    "task0": 0.5009169863822253,
    "task1": 0.10749820818752899,
    "task2": 0.13884438635692906
  },
  "layer_4": {
    "task0": 0.49998945992664107,
    "task1": 0.12532147223744677,
    "task2": 0.11958767233019942
  },
  "layer_5": {
    "task0": 0.5,
    "task1": 0.11781694000590244,
    "task2": 0.1768729710358784
  },
  "layer_6": {
    "task0": 0.49984189889961633,
    "task1": 0.08663940301024495,
    "task2": 0.10992242506007842
  },
  "layer_7": {
    "task0": 0.5016864117374257,
    "task1": 0.09054977022640077,
    "task2": 0.18179518529448965
  },
  "layer_8": {
    "task0": 0.4995678569922847,
    "task1": 0.09487120030355412,
    "task2": 0.1775791559509254
  },
  "layer_9": {
    "task0": 0.49937813567182426,
    "task1": 0.14087862051519878,
    "task2": 0.13747417682027066
  }
}