{
  "layer_0": {
    "task0": 0.5,
    "task1": 0.08611239934229942,
    "task2": 0.18179518529448965
  },
  "layer_1": {
    "task0": 0.5,
    "task1": 0.11781694000590244,
    "task2": 0.18179518529448965
  },
  "layer_10": {
    "task0": 0.5,
    "task1": 0.10488426999451916,
    "task2": 0.16246469075424766
  },
  "layer_11": {
    "task0": 0.5,
    "task1": 0.13228846072768666,
    "task2": 0.17355284792782158
  },
  "layer_12": {
    "task0": 0.5000316202200767,
    "task1": 0.10003583624942029,
    "task2": 0.17768455668451452
  },
  "layer_13": {
    "task0": 0.4966166364517897,
    "task1": 0.12534255238416458,
    "task2": 0.1190712087356128
  },
  "layer_14": {
    "task0": 0.500231881613896,
    "task1": 0.08734558792529196,
    "task2": 0.18171086470761835
  },
  "layer_15": {
    "task0": 0.5024242168725495,
    "task1": 0.1252371516505755,
    "task2": 0.13394325224503562
  },
  "layer_16": {
    "task0": 0.49944137611197775,
    "task1": 0.15658332981997555,
    "task2": 0.13673637168514693
  },
  "layer_17": {
    "task0": 0.5000105400733589,
    "task1": 0.1157932459209916,
    "task2": 0.1817424849276951
  },
  "layer_18": {
    "task0": 0.5033412032547746,
    "task1": 0.09017032758547999,
    "task2": 0.12261267338420676
  },
  "layer_19": {
    "task0": 0.4980817066486783,
    "task1": 0.12331885829925376,
    "task2": 0.1186812260213331
  },
  "layer_2": {
    "task0": 0.5,
    "task1": 0.08611239934229942,
    "task2": 0.18179518529448965
  },
  "layer_20": {
    "task0": 0.4977338842278342,
    "task1": 0.11720561575108562,
    "task2": 0.11586702643450399
  },
  "layer_21": {
    "task0": 0.5017285720308613,
    "task1": 0.08388844386356929,
    "task2": 0.1590391669126017
  },
  "layer_22": {
    "task0": 0.5007588852818415,
    "task1": 0.17319448543361862,
    "task2": 0.12121084362747164
  },
  "layer_23": {
    "task0": 0.4999156794131287,
    "task1": 0.11464437792487035,
    "task2": 0.0879779923268266
  },
  "layer_24": {
    "task0": 0.500231881613896,
    "task1": 0.12157974619503352,
    "task2": 0.14004595471984485
  },
  "layer_25": {
    "task0": 0.5026560984864454,
    "task1": 0.1260381972258527,
    "task2": 0.1280513512374046
  },
  "layer_26": {
    "task0": 0.4971014798262996,
    "task1": 0.12279185463130823,
    "task2": 0.15406425228719592
  },
  "layer_27": {
    "task0": 0.5008642860154306,
    "task1": 0.11017538682069228,
    "task2": 0.12283401492474387
  },
  "layer_28": {
    "task0": 0.4998208187528985,
    "task1": 0.10657068173194485,
    "task2": 0.16383490029090603
  },
  "layer_29": {
    "task0": 0.49972595809266834,
    "task1": 0.1542434335342974,
    "task2": 0.09512416206416796
  },
  "layer_3": {
    "task0": 0.5,
    "task1": 0.12532147223744677,
    "task2": 0.11958767233019942
  },
  "layer_30": {
    "task0": 0.5003794426409208,
    "task1": 0.11443357645769214,
    "task2": 0.1727834225726211
  },
  "layer_31": {
    "task0": 0.4986719507567773,
    "task1": 0.11780639993254353,
    "task2": 0.11366415110249167
  },
  "layer_4": {
    "task0": 0.5,
    "task1": 0.12532147223744677,
    "task2": 0.12941102070070407
  },
  "layer_5": {
    "task0": 0.5,
    "task1": 0.11781694000590244,
    "task2": 0.11939795100973903
  },
  "layer_6": {
    "task0": 0.5,
    "task1": 0.12532147223744677,
    "task2": 0.1411948227159661
  },
  "layer_7": {
    "task0": 0.5,
    "task1": 0.08700830557780682,
    "task2": 0.11957713225684051
  },
  "layer_8": {
    "task0": 0.5,
    "task1": 0.08611239934229942,
    "task2": 0.18179518529448965
  },
  "layer_9": {
    "task0": 0.4996943378725916,
    "task1": 0.11693157384375395,
    "task2": 0.14523167081242885
  }
}