{
  "layer_0": {
    "task0": 0.5,
    "task1": 0.08611239934229942,
    "task2": 0.17355284792782158
  },
  "layer_1": {
    "task0": 0.5,
    "task1": 0.13010666554239217,
    "task2": 0.11958767233019942
  },
  "layer_10": {
    "task0": 0.49805008642860155,
    "task1": 0.1291264387200135,
    "task2": 0.11802774147308065
  },
  "layer_11": {
    "task0": 0.4983241283359332,
    "task1": 0.12807243138412244,
    "task2": 0.1737004089548463
  },
  "layer_12": {
    "task0": 0.4992832750115941,
    "task1": 0.11374847168936296,
    "task2": 0.1351132003878747
  },
  "layer_13": {
    "task0": 0.4725958092668325,
    "task1": 0.11051266916817741,
    "task2": 0.15276782326404992
  },
  "layer_14": {
    "task0": 0.4794679370968422,
    "task1": 0.13280492432227328,
    "task2": 0.11652051098275644
  },
  "layer_15": {
    "task0": 0.4685168008769341,
    "task1": 0.09887642817994013,
    "task2": 0.12248619250389983
  },
  "layer_16": {
    "task0": 0.47763396433239175,
    "task1": 0.09986719507567772,
    "task2": 0.08052616046207682
  },
  "layer_17": {
    "task0": 0.4858341414056242,
    "task1": 0.14126860322947848,
    "task2": 0.1028394957628905
  },
  "layer_18": {
    "task0": 0.5000843205868712,
    "task1": 0.13299464564273367,
    "task2": 0.11875500653484548
  },
  "layer_19": {
    "task0": 0.46266706016273873,
    "task1": 0.11724777604452127,
    "task2": 0.11391711286310553
  },
  "layer_2": {
    "task0": 0.5,
    "task1": 0.14415658332981998,
    "task2": 0.17355284792782158
  },
  "layer_20": {
    "task0": 0.4705615751085628,
    "task1": 0.10793035119524431,
    "task2": 0.10008853661621485
  },
  "layer_21": {
    "task0": 0.47106749862979047,
    "task1": 0.11565622496732578,
    "task2": 0.11622538892870694
  },
  "layer_22": {
    "task0": 0.46109658923226104,
    "task1": 0.09123487499472996,
    "task2": 0.15650954930646319
  },
  "layer_23": {
    "task0": 0.5143661199881951,
    "task1": 0.11432817572410305,
    "task2": 0.16265441207470804
  },
  "layer_3": {
    "task0": 0.5,
    "task1": 0.08611239934229942,
    "task2": 0.18179518529448965
  },
  "layer_4": {
    "task0": 0.5,
    "task1": 0.12512121084362748,
    "task2": 0.11958767233019942
  },
  "layer_5": {
    "task0": 0.4977128040811164,
    "task1": 0.12598549685905813,
    "task2": 0.09694759475525949
  },
  "layer_6": {
    "task0": 0.5000421602934356,
    "task1": 0.12532147223744677,
    "task2": 0.12054681900586028
  },
  "layer_7": {
    "task0": 0.49346515451747547,
    "task1": 0.15054386778531978,
    "task2": 0.11958767233019942
  },
  "layer_8": {
    "task0": 0.5005059235212277,
    "task1": 0.12077870061975632,
    "task2": 0.17344744719423247
  },
  "layer_9": {
    "task0": 0.49776550444791096,
    "task1": 0.14379822083561702,
    "task2": 0.12670222184746405
  }
}