{
  "layer_0": {
    "task0": 0.5,
    "task1": 0.12532147223744677,
    "task2": 0.17355284792782158
  },
  "layer_1": {
    "task0": 0.5,
    "task1": 0.12532147223744677,
    "task2": 0.18179518529448965
  },
  "layer_10": {
    "task0": 0.49966271765251485,
    "task1": 0.16678612083140099,
    "task2": 0.14431468443020362
  },
  "layer_11": {
    "task0": 0.49739660188034907,
    "task1": 0.1258379358320334,
    "task2": 0.17833804123276698
  },
  "layer_12": {
    "task0": 0.5,
    "task1": 0.1254584931911126,
    "task2": 0.0775222395547873
  },
  "layer_13": {
    "task0": 0.5003478224208441,
    "task1": 0.12223323074328597,
    "task2": 0.18137358236013323
  },
  "layer_14": {
    "task0": 0.4995678569922847,
    "task1": 0.11845988448079599,
    "task2": 0.10349298031114297
  },
  "layer_15": {
    "task0": 0.5007483452084827,
    "task1": 0.09490282052363085,
    "task2": 0.17354230785446267
  },
  "layer_16": {
    "task0": 0.4999051393397698,
    "task1": 0.15210379864243856,
    "task2": 0.1671023230321683
  },
  "layer_17": {
    "task0": 0.5015177705636831,
    "task1": 0.08915848054302458,
    "task2": 0.18178464522113075
  },
  "layer_18": {
    "task0": 0.5,
    "task1": 0.12148488553480333,
    "task2": 0.1323306210211223
  },
  "layer_19": {
    "task0": 0.5000737805135124,
    "task1": 0.08640752139634891,
    "task2": 0.16924195792402716
  },
  "layer_2": {
    "task0": 0.5,
    "task1": 0.08611239934229942,
    "task2": 0.17340528690079682
  },
  "layer_20": {
    "task0": 0.4997997386061807,
    "task1": 0.09195159998313589,
    "task2": 0.11614106834183566
  },
  "layer_21": {
    "task0": 0.49774442430119314,
    "task1": 0.12125300392090729,
    "task2": 0.11853366499430835
  },
  "layer_22": {
    "task0": 0.49604747249040854,
    "task1": 0.06896369998735191,
    "task2": 0.18158438382731143
  },
  "layer_23": {
    "task0": 0.5,
    "task1": 0.13459673679328807,
    "task2": 0.18157384375395252
  },
  "layer_24": {
    "task0": 0.5020658543783465,
    "task1": 0.12125300392090729,
    "task2": 0.15800623972342848
  },
  "layer_25": {
    "task0": 0.5,
    "task1": 0.16887305535646527,
    "task2": 0.18191112610143767
  },
  "layer_26": {
    "task0": 0.5000105400733589,
    "task1": 0.07719549728066108,
    "task2": 0.18178464522113075
  },
  "layer_27": {
    "task0": 0.5000210801467179,
    "task1": 0.12948480121421646,
    "task2": 0.1909228888233062
  },
  "layer_28": {
    "task0": 0.5,
    "task1": 0.13208819933386737,
    "task2": 0.11972469328386526
  },
  "layer_29": {
    "task0": 0.5002002613938193,
    "task1": 0.12089464142670434,
    "task2": 0.12854673468527342
  },
  "layer_3": {
    "task0": 0.5,
    "task1": 0.12532147223744677,
    "task2": 0.11958767233019942
  },
  "layer_30": {
    "task0": 0.4996732577258738,
    "task1": 0.161126101437666,
    "task2": 0.13335300813693662
  },
  "layer_31": {
    "task0": 0.5,
    "task1": 0.08535351406045787,
    "task2": 0.1214532653147266
  },
  "layer_4": {
    "task0": 0.5,
    "task1": 0.12532147223744677,
    "task2": 0.18178464522113075
  },
  "layer_5": {
    "task0": 0.5,
    "task1": 0.12532147223744677,
    "task2": 0.11958767233019942
  },
  "layer_6": {
    "task0": 0.5,
    "task1": 0.1668072009781188,
    "task2": 0.1376955183608078
  },
  "layer_7": {
    "task0": 0.5,
    "task1": 0.1668072009781188,
    "task2": 0.1411948227159661
  },
  "layer_8": {
    "task0": 0.5,
    "task1": 0.16741852523293563,
    "task2": 0.17355284792782158
  },
  "layer_9": {
    "task0": 0.49974703823938615,
    "task1": 0.15670981070028248,
    "task2": 0.07027066908385682
  }
}