{
  "layer_0": {
    "task0": 0.5000210863697706,
    "task1": 0.2478491902834008,
    "task2": 0.1818277665317139
  },
  "layer_1": {
    "task0": 0.501855600539811,
    "task1": 0.16709893724696356,
    "task2": 0.21676788124156546
  },
  "layer_10": {
    "task0": 0.5000632591093117,
    "task1": 0.3054360661268556,
    "task2": 0.19560770917678813
  },
  "layer_11": {
    "task0": 0.510827850877193,
    "task1": 0.21723178137651822,
    "task2": 0.18692012483130904
  },
  "layer_12": {
    "task0": 0.5078335863697706,
    "task1": 0.25840291835357626,
    "task2": 0.20457995951417005
  },
  "layer_13": {
    "task0": 0.5204432354925776,
    "task1": 0.28310560053981104,
    "task2": 0.23871879217273953
  },
  "layer_14": {
    "task0": 0.5469593454790823,
    "task1": 0.28082827260458837,
    "task2": 0.23557692307692307
  },
  "layer_15": {
    "task0": 0.5092780026990553,
    "task1": 0.2974865047233468,
    "task2": 0.1944690452091768
  },
  "layer_16": {
    "task0": 0.5154984817813765,
    "task1": 0.28181933198380565,
    "task2": 0.24567729419703105
  },
  "layer_17": {
    "task0": 0.5766805836707153,
    "task1": 0.19036774628879893,
    "task2": 0.2657515182186235
  },
  "layer_18": {
    "task0": 0.5854103407557355,
    "task1": 0.1930562584345479,
    "task2": 0.3585948043184885
  },
  "layer_19": {
    "task0": 0.5783042341430499,
    "task1": 0.18973515519568152,
    "task2": 0.2596575573549258
  },
  "layer_2": {
    "task0": 0.5000210863697706,
    "task1": 0.166824814439946,
    "task2": 0.1967042004048583
  },
  "layer_20": {
    "task0": 0.5519462719298246,
    "task1": 0.18723642037786775,
    "task2": 0.26375885627530365
  },
  "layer_21": {
    "task0": 0.5451248313090419,
    "task1": 0.1896508097165992,
    "task2": 0.2767902327935223
  },
  "layer_22": {
    "task0": 0.5550459682860999,
    "task1": 0.22541329284750336,
    "task2": 0.3128162955465587
  },
  "layer_23": {
    "task0": 0.5371120107962213,
    "task1": 0.20307228407557354,
    "task2": 0.28536184210526316
  },
  "layer_24": {
    "task0": 0.5226994770580297,
    "task1": 0.21043142712550608,
    "task2": 0.31430288461538464
  },
  "layer_25": {
    "task0": 0.5159096659919028,
    "task1": 0.18092105263157895,
    "task2": 0.24358974358974358
  },
  "layer_26": {
    "task0": 0.5124620445344129,
    "task1": 0.1556068657219973,
    "task2": 0.21463815789473684
  },
  "layer_27": {
    "task0": 0.5262736167341431,
    "task1": 0.17335104588394062,
    "task2": 0.19175944669365722
  },
  "layer_28": {
    "task0": 0.5081498819163293,
    "task1": 0.17868589743589744,
    "task2": 0.22801745951417005
  },
  "layer_29": {
    "task0": 0.517659834682861,
    "task1": 0.1806574730094467,
    "task2": 0.21695765856950067
  },
  "layer_3": {
    "task0": 0.4999789136302294,
    "task1": 0.16679318488529016,
    "task2": 0.17354082321187583
  },
  "layer_30": {
    "task0": 0.5012862685560054,
    "task1": 0.13171600877192982,
    "task2": 0.29767628205128205
  },
  "layer_31": {
    "task0": 0.5119454284750338,
    "task1": 0.12110956477732794,
    "task2": 0.29778171390013497
  },
  "layer_4": {
    "task0": 0.5000210863697706,
    "task1": 0.1762398785425101,
    "task2": 0.17354082321187583
  },
  "layer_5": {
    "task0": 0.4999789136302294,
    "task1": 0.171221322537112,
    "task2": 0.17354082321187583
  },
  "layer_6": {
    "task0": 0.5002319500674763,
    "task1": 0.24343159581646423,
    "task2": 0.17354082321187583
  },
  "layer_7": {
    "task0": 0.5025303643724697,
    "task1": 0.2078378036437247,
    "task2": 0.1884594298245614
  },
  "layer_8": {
    "task0": 0.5285087719298246,
    "task1": 0.16542257085020243,
    "task2": 0.1829031713900135
  },
  "layer_9": {
    "task0": 0.5004322705802969,
    "task1": 0.1268345141700405,
    "task2": 0.24085905870445345
  }
}