{
  "layer_0": {
    "task0": 0.5000210863697706,
    "task1": 0.1178200910931174,
    "task2": 0.17354082321187583
  },
  "layer_1": {
    "task0": 0.49895622469635625,
    "task1": 0.1178200910931174,
    "task2": 0.11957025978407558
  },
  "layer_10": {
    "task0": 0.5195154352226721,
    "task1": 0.08624325236167342,
    "task2": 0.14153171390013494
  },
  "layer_11": {
    "task0": 0.5081604251012146,
    "task1": 0.10444078947368421,
    "task2": 0.16017206477732793
  },
  "layer_12": {
    "task0": 0.5000421727395412,
    "task1": 0.09531039136302294,
    "task2": 0.14397773279352227
  },
  "layer_13": {
    "task0": 0.3945786943319838,
    "task1": 0.07993842780026991,
    "task2": 0.14856401821862347
  },
  "layer_14": {
    "task0": 0.47743758434547906,
    "task1": 0.11406671727395412,
    "task2": 0.10855263157894737
  },
  "layer_15": {
    "task0": 0.49011049257759787,
    "task1": 0.13189524291497975,
    "task2": 0.18132169365721998
  },
  "layer_16": {
    "task0": 0.5042383603238867,
    "task1": 0.11224274628879892,
    "task2": 0.11027117071524967
  },
  "layer_17": {
    "task0": 0.5119032557354926,
    "task1": 0.11785172064777327,
    "task2": 0.1306722334682861
  },
  "layer_18": {
    "task0": 0.4978597334682861,
    "task1": 0.12345015182186235,
    "task2": 0.10115131578947369
  },
  "layer_19": {
    "task0": 0.4998734817813765,
    "task1": 0.12235366059379217,
    "task2": 0.1596976214574899
  },
  "layer_2": {
    "task0": 0.5000210863697706,
    "task1": 0.1253162955465587,
    "task2": 0.11959134615384616
  },
  "layer_20": {
    "task0": 0.4783864709851552,
    "task1": 0.1068130060728745,
    "task2": 0.14006621120107962
  },
  "layer_21": {
    "task0": 0.5003690114709851,
    "task1": 0.12466261808367071,
    "task2": 0.14220647773279352
  },
  "layer_22": {
    "task0": 0.4910382928475034,
    "task1": 0.12630735492577597,
    "task2": 0.11303348515519568
  },
  "layer_23": {
    "task0": 0.49469677800269907,
    "task1": 0.12138368758434548,
    "task2": 0.1241354588394062
  },
  "layer_3": {
    "task0": 0.4999789136302294,
    "task1": 0.08611673414304993,
    "task2": 0.1818277665317139
  },
  "layer_4": {
    "task0": 0.4999789136302294,
    "task1": 0.14106781376518218,
    "task2": 0.11959134615384616
  },
  "layer_5": {
    "task0": 0.49963098852901483,
    "task1": 0.1253162955465587,
    "task2": 0.1818277665317139
  },
  "layer_6": {
    "task0": 0.49414853238866396,
    "task1": 0.1253162955465587,
    "task2": 0.12054023279352227
  },
  "layer_7": {
    "task0": 0.5000210863697706,
    "task1": 0.13594382591093118,
    "task2": 0.17406798245614036
  },
  "layer_8": {
    "task0": 0.49994728407557354,
    "task1": 0.08611673414304993,
    "task2": 0.1818383097165992
  },
  "layer_9": {
    "task0": 0.5000421727395412,
    "task1": 0.11706098178137651,
    "task2": 0.12686614372469635
  }
}