{
  "layer_0": {
    "task0": 0.5,
    "task1": 0.17384796998187108,
    "task2": 0.18179518529448965
  },
  "layer_1": {
    "task0": 0.5,
    "task1": 0.1668809814916312,
    "task2": 0.2238922382899785
  },
  "layer_10": {
    "task0": 0.536415953455036,
    "task1": 0.36303174670095706,
    "task2": 0.2773198701462962
  },
  "layer_11": {
    "task0": 0.5116889413550318,
    "task1": 0.32616257009148786,
    "task2": 0.2893777140688899
  },
  "layer_12": {
    "task0": 0.6655740123951263,
    "task1": 0.2799970487794595,
    "task2": 0.36547704372022427
  },
  "layer_13": {
    "task0": 0.706385176440828,
    "task1": 0.33326657953539357,
    "task2": 0.40938698933344575
  },
  "layer_14": {
    "task0": 0.7332307432859733,
    "task1": 0.30766474134659977,
    "task2": 0.40169273578144105
  },
  "layer_15": {
    "task0": 0.7514966904169653,
    "task1": 0.29661874446646147,
    "task2": 0.38495509928749105
  },
  "layer_16": {
    "task0": 0.7628799696445887,
    "task1": 0.2696783169610861,
    "task2": 0.43270163160335595
  },
  "layer_17": {
    "task0": 0.7706480037101058,
    "task1": 0.2854884269994519,
    "task2": 0.48330452379948563
  },
  "layer_18": {
    "task0": 0.7262005143555799,
    "task1": 0.3309266832497154,
    "task2": 0.45623761541380325
  },
  "layer_19": {
    "task0": 0.5722100425818963,
    "task1": 0.3119018508368818,
    "task2": 0.36343226948859564
  },
  "layer_2": {
    "task0": 0.5,
    "task1": 0.34320586871284625,
    "task2": 0.18179518529448965
  },
  "layer_20": {
    "task0": 0.6148762595387663,
    "task1": 0.32609932965133437,
    "task2": 0.4881318773978667
  },
  "layer_21": {
    "task0": 0.5242105485054176,
    "task1": 0.3483810447320713,
    "task2": 0.501412369830094
  },
  "layer_22": {
    "task0": 0.5244213499725958,
    "task1": 0.34828618407184114,
    "task2": 0.4191997976305915
  },
  "layer_23": {
    "task0": 0.5308297145748134,
    "task1": 0.28970445634301617,
    "task2": 0.4428201020279101
  },
  "layer_24": {
    "task0": 0.6966250685104768,
    "task1": 0.30621021122307013,
    "task2": 0.42639866773472745
  },
  "layer_25": {
    "task0": 0.6101016063071799,
    "task1": 0.3479067414309204,
    "task2": 0.33456300855853954
  },
  "layer_26": {
    "task0": 0.5101711707913487,
    "task1": 0.2579999156794131,
    "task2": 0.3543361861798558
  },
  "layer_27": {
    "task0": 0.6790969265146085,
    "task1": 0.32185168008769344,
    "task2": 0.42764239639107887
  },
  "layer_28": {
    "task0": 0.5111092373202918,
    "task1": 0.24835574855600995,
    "task2": 0.46814789830937226
  },
  "layer_29": {
    "task0": 0.7042560816223281,
    "task1": 0.2595703866098908,
    "task2": 0.37929507989375605
  },
  "layer_3": {
    "task0": 0.5,
    "task1": 0.2924554154896918,
    "task2": 0.23208187528985202
  },
  "layer_30": {
    "task0": 0.6950440575066402,
    "task1": 0.23394746827437918,
    "task2": 0.32577258737720816
  },
  "layer_31": {
    "task0": 0.690353724861925,
    "task1": 0.22572621105442894,
    "task2": 0.5045533116910493
  },
  "layer_4": {
    "task0": 0.5,
    "task1": 0.223481175428981,
    "task2": 0.2037712382478182
  },
  "layer_5": {
    "task0": 0.5,
    "task1": 0.34123487499473,
    "task2": 0.21708335090012226
  },
  "layer_6": {
    "task0": 0.5162527931194401,
    "task1": 0.5185294489649648,
    "task2": 0.2601922509380665
  },
  "layer_7": {
    "task0": 0.5016547915173489,
    "task1": 0.5378494034318478,
    "task2": 0.22665373751001308
  },
  "layer_8": {
    "task0": 0.5,
    "task1": 0.46814789830937226,
    "task2": 0.2602765715249378
  },
  "layer_9": {
    "task0": 0.5302394704667145,
    "task1": 0.45529954888486024,
    "task2": 0.23831105864496818
  }
}