{
  "layer_0": {
    "task0": 0.5,
    "task1": 0.08611239934229942,
    "task2": 0.18179518529448965
  },
  "layer_1": {
    "task0": 0.5,
    "task1": 0.11781694000590244,
    "task2": 0.18179518529448965
  },
  "layer_10": {
    "task0": 0.5,
    "task1": 0.09828618407184114,
    "task2": 0.11930309034950884
  },
  "layer_11": {
    "task0": 0.5,
    "task1": 0.07826004468991105,
    "task2": 0.08009401745436148
  },
  "layer_12": {
    "task0": 0.5000210801467179,
    "task1": 0.08620726000252962,
    "task2": 0.11958767233019942
  },
  "layer_13": {
    "task0": 0.5000105400733589,
    "task1": 0.12458366710232303,
    "task2": 0.11958767233019942
  },
  "layer_14": {
    "task0": 0.5000105400733589,
    "task1": 0.09596736793288081,
    "task2": 0.1240566634343775
  },
  "layer_15": {
    "task0": 0.502476917239344,
    "task1": 0.1274505670559467,
    "task2": 0.1196719929170707
  },
  "layer_16": {
    "task0": 0.4997154180193094,
    "task1": 0.12532147223744677,
    "task2": 0.11267338420675407
  },
  "layer_17": {
    "task0": 0.5004321430077153,
    "task1": 0.12532147223744677,
    "task2": 0.17270964205910874
  },
  "layer_18": {
    "task0": 0.5009591466756609,
    "task1": 0.12533201231080568,
    "task2": 0.11978793372401872
  },
  "layer_19": {
    "task0": 0.5,
    "task1": 0.18187950588136093,
    "task2": 0.19315738437539526
  },
  "layer_2": {
    "task0": 0.5,
    "task1": 0.08611239934229942,
    "task2": 0.18179518529448965
  },
  "layer_20": {
    "task0": 0.4957207302162823,
    "task1": 0.08611239934229942,
    "task2": 0.11870230616805093
  },
  "layer_21": {
    "task0": 0.5002213415405371,
    "task1": 0.12526877187065222,
    "task2": 0.11987225431089
  },
  "layer_22": {
    "task0": 0.5000421602934356,
    "task1": 0.1240566634343775,
    "task2": 0.13921328892449092
  },
  "layer_23": {
    "task0": 0.5006640246216114,
    "task1": 0.1248577090096547,
    "task2": 0.12283401492474387
  },
  "layer_24": {
    "task0": 0.5016547915173489,
    "task1": 0.12532147223744677,
    "task2": 0.13647286985117416
  },
  "layer_25": {
    "task0": 0.4997786584594629,
    "task1": 0.1603250558623888,
    "task2": 0.11215692061216746
  },
  "layer_26": {
    "task0": 0.4999367595598465,
    "task1": 0.0922678021839032,
    "task2": 0.14641215902862684
  },
  "layer_27": {
    "task0": 0.4920211644673047,
    "task1": 0.14679160166954763,
    "task2": 0.10785657068173195
  },
  "layer_28": {
    "task0": 0.49915679413128716,
    "task1": 0.12638601964669674,
    "task2": 0.09818078333825203
  },
  "layer_29": {
    "task0": 0.5000527003667945,
    "task1": 0.09619924954677685,
    "task2": 0.17809561954551203
  },
  "layer_3": {
    "task0": 0.5,
    "task1": 0.12532147223744677,
    "task2": 0.11958767233019942
  },
  "layer_30": {
    "task0": 0.49868249083013616,
    "task1": 0.16823011088157175,
    "task2": 0.11350605000210802
  },
  "layer_31": {
    "task0": 0.5001054007335891,
    "task1": 0.037965344238795905,
    "task2": 0.10707660525317256
  },
  "layer_4": {
    "task0": 0.5,
    "task1": 0.12532147223744677,
    "task2": 0.11958767233019942
  },
  "layer_5": {
    "task0": 0.5,
    "task1": 0.11781694000590244,
    "task2": 0.1765567688351111
  },
  "layer_6": {
    "task0": 0.49694337872591593,
    "task1": 0.08611239934229942,
    "task2": 0.10061554028416038
  },
  "layer_7": {
    "task0": 0.4953307475020026,
    "task1": 0.08652346220329693,
    "task2": 0.18179518529448965
  },
  "layer_8": {
    "task0": 0.5004953834478688,
    "task1": 0.09092921286732156,
    "task2": 0.18179518529448965
  },
  "layer_9": {
    "task0": 0.5,
    "task1": 0.1752603398119651,
    "task2": 0.14123698300940174
  }
}