{
  "layer_0": {
    "task0": 0.4999789136302294,
    "task1": 0.27731739203778677,
    "task2": 0.1818277665317139
  },
  "layer_1": {
    "task0": 0.4999789136302294,
    "task1": 0.2678601551956815,
    "task2": 0.22080592105263158
  },
  "layer_10": {
    "task0": 0.5277918353576249,
    "task1": 0.6539094129554656,
    "task2": 0.43261850539811064
  },
  "layer_11": {
    "task0": 0.5341388326585695,
    "task1": 0.6521381578947368,
    "task2": 0.49147056342780027
  },
  "layer_12": {
    "task0": 0.738950742240216,
    "task1": 0.746183367071525,
    "task2": 0.5324730094466936
  },
  "layer_13": {
    "task0": 0.775145495951417,
    "task1": 0.7743020411605938,
    "task2": 0.5342020917678812
  },
  "layer_14": {
    "task0": 0.7858573717948718,
    "task1": 0.7441379892037787,
    "task2": 0.6787280701754386
  },
  "layer_15": {
    "task0": 0.835357624831309,
    "task1": 0.7785298582995951,
    "task2": 0.7129407051282052
  },
  "layer_16": {
    "task0": 0.77634741902834,
    "task1": 0.7608594804318488,
    "task2": 0.7348705296896086
  },
  "layer_17": {
    "task0": 0.7971596659919028,
    "task1": 0.7713394062078273,
    "task2": 0.7381494601889339
  },
  "layer_18": {
    "task0": 0.7527095985155196,
    "task1": 0.7409012314439946,
    "task2": 0.7084914811066126
  },
  "layer_19": {
    "task0": 0.6076775472334683,
    "task1": 0.7270896592442645,
    "task2": 0.7175480769230769
  },
  "layer_2": {
    "task0": 0.5000210863697706,
    "task1": 0.4335779352226721,
    "task2": 0.1818277665317139
  },
  "layer_20": {
    "task0": 0.7137525303643725,
    "task1": 0.742767375168691,
    "task2": 0.6857076585695007
  },
  "layer_21": {
    "task0": 0.5994854925775979,
    "task1": 0.7559885290148448,
    "task2": 0.6949118589743589
  },
  "layer_22": {
    "task0": 0.5835969129554656,
    "task1": 0.8218096322537112,
    "task2": 0.6922128036437247
  },
  "layer_23": {
    "task0": 0.5491312415654521,
    "task1": 0.7642122132253711,
    "task2": 0.6651379048582996
  },
  "layer_24": {
    "task0": 0.7304318488529015,
    "task1": 0.7522140688259109,
    "task2": 0.6685644399460189
  },
  "layer_25": {
    "task0": 0.6663609143049932,
    "task1": 0.7840544871794872,
    "task2": 0.6359121963562753
  },
  "layer_26": {
    "task0": 0.5639865890688259,
    "task1": 0.7694310897435898,
    "task2": 0.637862685560054
  },
  "layer_27": {
    "task0": 0.6614161605937922,
    "task1": 0.7975813933873145,
    "task2": 0.732192560728745
  },
  "layer_28": {
    "task0": 0.6486167341430499,
    "task1": 0.7902327935222672,
    "task2": 0.7005208333333334
  },
  "layer_29": {
    "task0": 0.640772604588394,
    "task1": 0.7972650978407557,
    "task2": 0.7252551450742241
  },
  "layer_3": {
    "task0": 0.5000210863697706,
    "task1": 0.42062036099865047,
    "task2": 0.22605642712550608
  },
  "layer_30": {
    "task0": 0.6282473009446694,
    "task1": 0.7826627867746289,
    "task2": 0.6391911268556005
  },
  "layer_31": {
    "task0": 0.6494074730094467,
    "task1": 0.7934168353576249,
    "task2": 0.7189292341430499
  },
  "layer_4": {
    "task0": 0.4999789136302294,
    "task1": 0.3369285593792173,
    "task2": 0.2132780870445344
  },
  "layer_5": {
    "task0": 0.5000210863697706,
    "task1": 0.6003184041835358,
    "task2": 0.2577176113360324
  },
  "layer_6": {
    "task0": 0.5092252867746289,
    "task1": 0.6211095647773279,
    "task2": 0.28494011470985153
  },
  "layer_7": {
    "task0": 0.5055668016194332,
    "task1": 0.5493842780026991,
    "task2": 0.3391426282051282
  },
  "layer_8": {
    "task0": 0.5004217273954116,
    "task1": 0.6677420715249662,
    "task2": 0.3445829116059379
  },
  "layer_9": {
    "task0": 0.5208333333333334,
    "task1": 0.6589595985155196,
    "task2": 0.4291603407557355
  }
}