{
  "layer_0": {
    "task0": 0.5,
    "task1": 0.08832581474767065,
    "task2": 0.1541485728740672
  },
  "layer_1": {
    "task0": 0.5,
    "task1": 0.08905307980943547,
    "task2": 0.14664404064252287
  },
  "layer_10": {
    "task0": 0.6591867279396264,
    "task1": 0.514977444243012,
    "task2": 0.39892069648804757
  },
  "layer_11": {
    "task0": 0.7269277794173448,
    "task1": 0.5145663813820144,
    "task2": 0.6236034402799443
  },
  "layer_12": {
    "task0": 0.8360807791222227,
    "task1": 0.5334120325477465,
    "task2": 0.685642312070492
  },
  "layer_13": {
    "task0": 0.8593321809519794,
    "task1": 0.6540853324339138,
    "task2": 0.7184219402167039
  },
  "layer_14": {
    "task0": 0.8425734643113116,
    "task1": 0.6443463046502804,
    "task2": 0.6986487625953877
  },
  "layer_15": {
    "task0": 0.8426894051182596,
    "task1": 0.7357182005986762,
    "task2": 0.6537164298663519
  },
  "layer_16": {
    "task0": 0.7852038450187613,
    "task1": 0.7612040979805219,
    "task2": 0.6676187866267549
  },
  "layer_17": {
    "task0": 0.7852249251654791,
    "task1": 0.6635924786036511,
    "task2": 0.6123466419326279
  },
  "layer_18": {
    "task0": 0.781230237362452,
    "task1": 0.612567983473165,
    "task2": 0.5153041865171382
  },
  "layer_19": {
    "task0": 0.754005227876386,
    "task1": 0.5494856444200852,
    "task2": 0.47992116025127535
  },
  "layer_2": {
    "task0": 0.5,
    "task1": 0.09561954551203676,
    "task2": 0.1411948227159661
  },
  "layer_20": {
    "task0": 0.723955478730132,
    "task1": 0.43625363632530884,
    "task2": 0.474303301150976
  },
  "layer_21": {
    "task0": 0.7129832623635061,
    "task1": 0.39803533032589905,
    "task2": 0.3054829461613053
  },
  "layer_22": {
    "task0": 0.6515030144609807,
    "task1": 0.3708314009865509,
    "task2": 0.27707744845904125
  },
  "layer_23": {
    "task0": 0.6786647835068932,
    "task1": 0.3571187655466082,
    "task2": 0.3212087356127999
  },
  "layer_3": {
    "task0": 0.5036152451621063,
    "task1": 0.11414899447700155,
    "task2": 0.15280998355748557
  },
  "layer_4": {
    "task0": 0.501876133057886,
    "task1": 0.12762974830304818,
    "task2": 0.1388127661368523
  },
  "layer_5": {
    "task0": 0.5050170749188414,
    "task1": 0.12846241409840212,
    "task2": 0.1224545722838231
  },
  "layer_6": {
    "task0": 0.5385766684936127,
    "task1": 0.19344196635608585,
    "task2": 0.12273915426451368
  },
  "layer_7": {
    "task0": 0.5444158691344492,
    "task1": 0.2897887769298874,
    "task2": 0.17455415489691808
  },
  "layer_8": {
    "task0": 0.5037417260424133,
    "task1": 0.3966756608625996,
    "task2": 0.22362873645600573
  },
  "layer_9": {
    "task0": 0.5180656857371727,
    "task1": 0.3825098022682238,
    "task2": 0.3233062102112231
  }
}