{
  "layer_0": {
    "task0": 0.498587630169906,
    "task1": 0.1756503225262448,
    "task2": 0.1749441376111978
  },
  "layer_1": {
    "task0": 0.5,
    "task1": 0.2239027783633374,
    "task2": 0.18595851427125934
  },
  "layer_10": {
    "task0": 0.5783127450567056,
    "task1": 0.4283591213794848,
    "task2": 0.47963657827058476
  },
  "layer_11": {
    "task0": 0.6741114718158439,
    "task1": 0.5521733631266074,
    "task2": 0.6297166828281124
  },
  "layer_12": {
    "task0": 0.7704161220962098,
    "task1": 0.49955731691892574,
    "task2": 0.6772524136767992
  },
  "layer_13": {
    "task0": 0.7862367722079345,
    "task1": 0.5442472279607066,
    "task2": 0.6194717315232514
  },
  "layer_14": {
    "task0": 0.7381318773978667,
    "task1": 0.5459547198448501,
    "task2": 0.5815590876512501
  },
  "layer_15": {
    "task0": 0.7201926725410008,
    "task1": 0.5180551456638138,
    "task2": 0.6317719971331001
  },
  "layer_16": {
    "task0": 0.7235127956490577,
    "task1": 0.4453707997807665,
    "task2": 0.6132847084615709
  },
  "layer_17": {
    "task0": 0.6950545975799992,
    "task1": 0.2762553227370462,
    "task2": 0.574729120114676
  },
  "layer_18": {
    "task0": 0.6587651250052701,
    "task1": 0.2712487878915637,
    "task2": 0.523694084910831
  },
  "layer_19": {
    "task0": 0.6630443947889877,
    "task1": 0.216408786205152,
    "task2": 0.508727180741178
  },
  "layer_2": {
    "task0": 0.5000210801467179,
    "task1": 0.2396180277414731,
    "task2": 0.18068847759180404
  },
  "layer_20": {
    "task0": 0.6255849740714196,
    "task1": 0.19088072852987056,
    "task2": 0.47812934778026056
  },
  "layer_21": {
    "task0": 0.6350921202411569,
    "task1": 0.1846515451747544,
    "task2": 0.4675260339811965
  },
  "layer_22": {
    "task0": 0.6290948184999368,
    "task1": 0.15691007209410177,
    "task2": 0.4637421476453476
  },
  "layer_23": {
    "task0": 0.6442409039166913,
    "task1": 0.1636978793372402,
    "task2": 0.47133100046376325
  },
  "layer_3": {
    "task0": 0.5,
    "task1": 0.19376870863021206,
    "task2": 0.17806399932543532
  },
  "layer_4": {
    "task0": 0.5090012226485097,
    "task1": 0.34881318773978665,
    "task2": 0.18999536236772208
  },
  "layer_5": {
    "task0": 0.5038682069227202,
    "task1": 0.3814557949323327,
    "task2": 0.34242590328428685
  },
  "layer_6": {
    "task0": 0.5034887642817995,
    "task1": 0.5278679539609595,
    "task2": 0.6045153674269573
  },
  "layer_7": {
    "task0": 0.5159260508453138,
    "task1": 0.22097263796956026,
    "task2": 0.516495214806695
  },
  "layer_8": {
    "task0": 0.5193199544668831,
    "task1": 0.34401745436148234,
    "task2": 0.46797925713562966
  },
  "layer_9": {
    "task0": 0.5031936422277499,
    "task1": 0.270626923563388,
    "task2": 0.46902272439816184
  }
}