{
  "layer_0": {
    "task0": 0.5008326657953539,
    "task1": 0.22543108900037945,
    "task2": 0.1955816012479447
  },
  "layer_1": {
    "task0": 0.5,
    "task1": 0.2635966946329946,
    "task2": 0.2031704540663603
  },
  "layer_10": {
    "task0": 0.7826004468991105,
    "task1": 0.8157068173194485,
    "task2": 0.6947805556726675
  },
  "layer_11": {
    "task0": 0.7829904296133902,
    "task1": 0.8475799991567942,
    "task2": 0.7443294405329061
  },
  "layer_12": {
    "task0": 0.8304840001686412,
    "task1": 0.8088663097095156,
    "task2": 0.783000969686749
  },
  "layer_13": {
    "task0": 0.8636536110291327,
    "task1": 0.7862789325013703,
    "task2": 0.7635861545596357
  },
  "layer_14": {
    "task0": 0.8368396644040642,
    "task1": 0.777699312787217,
    "task2": 0.7535309245752351
  },
  "layer_15": {
    "task0": 0.8216303385471563,
    "task1": 0.792423795269615,
    "task2": 0.74458240229352
  },
  "layer_16": {
    "task0": 0.799622665373751,
    "task1": 0.72465112357182,
    "task2": 0.7399131497955226
  },
  "layer_17": {
    "task0": 0.7917913908680805,
    "task1": 0.5334225726211055,
    "task2": 0.6888886546650365
  },
  "layer_18": {
    "task0": 0.7994856444200852,
    "task1": 0.5136072347063536,
    "task2": 0.6508600699860871
  },
  "layer_19": {
    "task0": 0.7794278848180783,
    "task1": 0.4454867405877145,
    "task2": 0.6298326236350605
  },
  "layer_2": {
    "task0": 0.5003794426409208,
    "task1": 0.28095619545512035,
    "task2": 0.23011088157173573
  },
  "layer_20": {
    "task0": 0.7498208187528985,
    "task1": 0.3733715586660483,
    "task2": 0.6172583161178802
  },
  "layer_21": {
    "task0": 0.7540684683165395,
    "task1": 0.32235760360892113,
    "task2": 0.574971541801931
  },
  "layer_22": {
    "task0": 0.7358446814789831,
    "task1": 0.31758295037733464,
    "task2": 0.5306926936211476
  },
  "layer_23": {
    "task0": 0.736561406467389,
    "task1": 0.34052869007968295,
    "task2": 0.5347611619376871
  },
  "layer_3": {
    "task0": 0.5,
    "task1": 0.24857709009654708,
    "task2": 0.2494202959652599
  },
  "layer_4": {
    "task0": 0.5083161178801805,
    "task1": 0.45032463425945446,
    "task2": 0.30568320755512457
  },
  "layer_5": {
    "task0": 0.5073885914245964,
    "task1": 0.5728529870567899,
    "task2": 0.4742716809308993
  },
  "layer_6": {
    "task0": 0.5363527130148826,
    "task1": 0.8331611788018045,
    "task2": 0.5863864412496311
  },
  "layer_7": {
    "task0": 0.587819891226443,
    "task1": 0.7260424132551963,
    "task2": 0.5422656941692314
  },
  "layer_8": {
    "task0": 0.65228297988954,
    "task1": 0.8163392217209832,
    "task2": 0.5669927062692356
  },
  "layer_9": {
    "task0": 0.6866014587461529,
    "task1": 0.7311648889076268,
    "task2": 0.6470656435768793
  }
}