{
  "layer_0": {
    "task0": 0.5,
    "task1": 0.08611239934229942,
    "task2": 0.18179518529448965
  },
  "layer_1": {
    "task0": 0.5,
    "task1": 0.11781694000590244,
    "task2": 0.18179518529448965
  },
  "layer_10": {
    "task0": 0.5,
    "task1": 0.12533201231080568,
    "task2": 0.1655002318816139
  },
  "layer_11": {
    "task0": 0.5007905055019183,
    "task1": 0.14631729836839663,
    "task2": 0.12142164509464985
  },
  "layer_12": {
    "task0": 0.49998945992664107,
    "task1": 0.14710780387031494,
    "task2": 0.18224840844892282
  },
  "layer_13": {
    "task0": 0.4986192503899827,
    "task1": 0.1293372401871917,
    "task2": 0.1791707070281209
  },
  "layer_14": {
    "task0": 0.4966271765251486,
    "task1": 0.13486023862726085,
    "task2": 0.19806905856064758
  },
  "layer_15": {
    "task0": 0.5002002613938193,
    "task1": 0.1450735697120452,
    "task2": 0.11958767233019942
  },
  "layer_16": {
    "task0": 0.5000737805135124,
    "task1": 0.12315021712551119,
    "task2": 0.11691049369703613
  },
  "layer_17": {
    "task0": 0.4997364981660272,
    "task1": 0.12527931194401112,
    "task2": 0.1255638939247017
  },
  "layer_18": {
    "task0": 0.5018128926177327,
    "task1": 0.1268392428011299,
    "task2": 0.15669927062692357
  },
  "layer_19": {
    "task0": 0.49893545259075,
    "task1": 0.12532147223744677,
    "task2": 0.11958767233019942
  },
  "layer_2": {
    "task0": 0.5,
    "task1": 0.08611239934229942,
    "task2": 0.18179518529448965
  },
  "layer_20": {
    "task0": 0.4686116615371643,
    "task1": 0.09047598971288841,
    "task2": 0.12013575614486277
  },
  "layer_21": {
    "task0": 0.4719107044985033,
    "task1": 0.12051519878578355,
    "task2": 0.11938741093638011
  },
  "layer_22": {
    "task0": 0.45566845145242213,
    "task1": 0.14522113073906995,
    "task2": 0.16547915173489608
  },
  "layer_23": {
    "task0": 0.5,
    "task1": 0.1241515240946077,
    "task2": 0.12895779754627093
  },
  "layer_24": {
    "task0": 0.5004005227876386,
    "task1": 0.09768539989038323,
    "task2": 0.15449639529491124
  },
  "layer_25": {
    "task0": 0.49796576584173025,
    "task1": 0.13837008305577808,
    "task2": 0.1662064167966609
  },
  "layer_26": {
    "task0": 0.49998945992664107,
    "task1": 0.08644968168978456,
    "task2": 0.11953497196340486
  },
  "layer_27": {
    "task0": 0.5,
    "task1": 0.12273915426451368,
    "task2": 0.09392259370125217
  },
  "layer_28": {
    "task0": 0.4999578397065644,
    "task1": 0.08733504785193305,
    "task2": 0.12098950208693453
  },
  "layer_29": {
    "task0": 0.49798684598844806,
    "task1": 0.11452843711792234,
    "task2": 0.1441776634765378
  },
  "layer_3": {
    "task0": 0.5,
    "task1": 0.12532147223744677,
    "task2": 0.11958767233019942
  },
  "layer_30": {
    "task0": 0.5,
    "task1": 0.10787765082844977,
    "task2": 0.1057169357898731
  },
  "layer_31": {
    "task0": 0.5000632404401535,
    "task1": 0.09260508453138834,
    "task2": 0.18119440111303176
  },
  "layer_4": {
    "task0": 0.5,
    "task1": 0.08611239934229942,
    "task2": 0.18179518529448965
  },
  "layer_5": {
    "task0": 0.5,
    "task1": 0.11781694000590244,
    "task2": 0.18269109152999705
  },
  "layer_6": {
    "task0": 0.5,
    "task1": 0.12159028626839243,
    "task2": 0.17750537543741304
  },
  "layer_7": {
    "task0": 0.5,
    "task1": 0.12532147223744677,
    "task2": 0.07359079219191365
  },
  "layer_8": {
    "task0": 0.5055229984400691,
    "task1": 0.12532147223744677,
    "task2": 0.11958767233019942
  },
  "layer_9": {
    "task0": 0.49942029596525994,
    "task1": 0.1220540494961845,
    "task2": 0.18137358236013323
  }
}