{
  "layer_0": {
    "task0": 0.4999789136302294,
    "task1": 0.1253162955465587,
    "task2": 0.1818277665317139
  },
  "layer_1": {
    "task0": 0.5000948886639676,
    "task1": 0.16499030026990552,
    "task2": 0.11486799932523617
  },
  "layer_10": {
    "task0": 0.5001370614035088,
    "task1": 0.124673161268556,
    "task2": 0.1180414979757085
  },
  "layer_11": {
    "task0": 0.4912491565452092,
    "task1": 0.11148363697705803,
    "task2": 0.1857709176788124
  },
  "layer_12": {
    "task0": 0.5009488866396761,
    "task1": 0.16165865384615385,
    "task2": 0.14583333333333334
  },
  "layer_13": {
    "task0": 0.49675269905533065,
    "task1": 0.12410382928475033,
    "task2": 0.11703989541160593
  },
  "layer_14": {
    "task0": 0.4745487516869096,
    "task1": 0.13842147435897437,
    "task2": 0.18175396423751686
  },
  "layer_15": {
    "task0": 0.498945681511471,
    "task1": 0.12349232456140351,
    "task2": 0.14627614709851552
  },
  "layer_16": {
    "task0": 0.504322705802969,
    "task1": 0.13211664979757085,
    "task2": 0.12096196018893388
  },
  "layer_17": {
    "task0": 0.4993146929824561,
    "task1": 0.16232287449392713,
    "task2": 0.11867408906882591
  },
  "layer_18": {
    "task0": 0.48188680836707154,
    "task1": 0.10387145748987854,
    "task2": 0.11733510458839407
  },
  "layer_19": {
    "task0": 0.4918079453441296,
    "task1": 0.11401400134952766,
    "task2": 0.10128837719298246
  },
  "layer_2": {
    "task0": 0.5000210863697706,
    "task1": 0.13041919703103913,
    "task2": 0.14729883603238866
  },
  "layer_20": {
    "task0": 0.49092231781376516,
    "task1": 0.13182144062078271,
    "task2": 0.16551745951417005
  },
  "layer_21": {
    "task0": 0.500147604588394,
    "task1": 0.13034539473684212,
    "task2": 0.13478407557354927
  },
  "layer_22": {
    "task0": 0.49192392037786775,
    "task1": 0.11838942307692307,
    "task2": 0.14711960188933873
  },
  "layer_23": {
    "task0": 0.4777222503373819,
    "task1": 0.11770411605937922,
    "task2": 0.12008687584345479
  },
  "layer_3": {
    "task0": 0.5000210863697706,
    "task1": 0.10816253373819164,
    "task2": 0.14017164304993252
  },
  "layer_4": {
    "task0": 0.49506578947368424,
    "task1": 0.09308577935222673,
    "task2": 0.17354082321187583
  },
  "layer_5": {
    "task0": 0.5000210863697706,
    "task1": 0.1253162955465587,
    "task2": 0.19814861673414305
  },
  "layer_6": {
    "task0": 0.4977015856950067,
    "task1": 0.13214827935222673,
    "task2": 0.17220183873144398
  },
  "layer_7": {
    "task0": 0.5000738022941971,
    "task1": 0.12659202091767882,
    "task2": 0.17354082321187583
  },
  "layer_8": {
    "task0": 0.5004849865047234,
    "task1": 0.10728744939271255,
    "task2": 0.17290823211875844
  },
  "layer_9": {
    "task0": 0.4999894568151147,
    "task1": 0.16359859986504724,
    "task2": 0.18531756072874495
  }
}