{
  "layer_0": {
    "task0": 0.5,
    "task1": 0.23570766052531725,
    "task2": 0.18179518529448965
  },
  "layer_1": {
    "task0": 0.5,
    "task1": 0.2269699397107804,
    "task2": 0.19507567772671697
  },
  "layer_10": {
    "task0": 0.5000210801467179,
    "task1": 0.1846410051013955,
    "task2": 0.1743644335764577
  },
  "layer_11": {
    "task0": 0.5002951220540495,
    "task1": 0.2626586281040516,
    "task2": 0.17221425861123993
  },
  "layer_12": {
    "task0": 0.5001581011003836,
    "task1": 0.25862178000758884,
    "task2": 0.15867026434503984
  },
  "layer_13": {
    "task0": 0.5088220414014082,
    "task1": 0.17532358025211855,
    "task2": 0.201083519541296
  },
  "layer_14": {
    "task0": 0.5202369408491083,
    "task1": 0.17054892702053207,
    "task2": 0.18436696319406384
  },
  "layer_15": {
    "task0": 0.5135966946329946,
    "task1": 0.20379231839453602,
    "task2": 0.1906066866225389
  },
  "layer_16": {
    "task0": 0.5178021839032,
    "task1": 0.19252497997386062,
    "task2": 0.21909650491167418
  },
  "layer_17": {
    "task0": 0.5061132425481681,
    "task1": 0.1912180108773557,
    "task2": 0.18908891605885578
  },
  "layer_18": {
    "task0": 0.5060289219612969,
    "task1": 0.19077532779628145,
    "task2": 0.23283022049833466
  },
  "layer_19": {
    "task0": 0.5036468653821831,
    "task1": 0.1918187950588136,
    "task2": 0.214406172266959
  },
  "layer_2": {
    "task0": 0.5,
    "task1": 0.1668072009781188,
    "task2": 0.18179518529448965
  },
  "layer_20": {
    "task0": 0.5101922509380665,
    "task1": 0.17531304017875965,
    "task2": 0.22078291664909988
  },
  "layer_21": {
    "task0": 0.5021817951852945,
    "task1": 0.19456975420548928,
    "task2": 0.21652472701210002
  },
  "layer_22": {
    "task0": 0.5025612378262153,
    "task1": 0.19059614654917997,
    "task2": 0.2251043467262532
  },
  "layer_23": {
    "task0": 0.5024452970192672,
    "task1": 0.20415068088873897,
    "task2": 0.22372359711623593
  },
  "layer_24": {
    "task0": 0.505428137779839,
    "task1": 0.20053543572663265,
    "task2": 0.2205931953286395
  },
  "layer_25": {
    "task0": 0.506134322694886,
    "task1": 0.21286732155655802,
    "task2": 0.2154180193094144
  },
  "layer_26": {
    "task0": 0.5151566254901134,
    "task1": 0.23151271132847084,
    "task2": 0.2071546017960285
  },
  "layer_27": {
    "task0": 0.512374046123361,
    "task1": 0.27306168050929636,
    "task2": 0.19472785530587292
  },
  "layer_28": {
    "task0": 0.5123108056832075,
    "task1": 0.2657468695982124,
    "task2": 0.1924301193136304
  },
  "layer_29": {
    "task0": 0.5094649858763017,
    "task1": 0.24042961339010918,
    "task2": 0.2111598296724145
  },
  "layer_3": {
    "task0": 0.5,
    "task1": 0.18066739744508623,
    "task2": 0.17355284792782158
  },
  "layer_30": {
    "task0": 0.5112567983473165,
    "task1": 0.2931616004047388,
    "task2": 0.21816897845609007
  },
  "layer_31": {
    "task0": 0.506239723428475,
    "task1": 0.278521438509212,
    "task2": 0.23552847927821577
  },
  "layer_4": {
    "task0": 0.5,
    "task1": 0.17071756819427464,
    "task2": 0.17355284792782158
  },
  "layer_5": {
    "task0": 0.49986297904633414,
    "task1": 0.2460158522703318,
    "task2": 0.17355284792782158
  },
  "layer_6": {
    "task0": 0.49998945992664107,
    "task1": 0.2237973776297483,
    "task2": 0.17355284792782158
  },
  "layer_7": {
    "task0": 0.5002002613938193,
    "task1": 0.22273283022049833,
    "task2": 0.16713394325224504
  },
  "layer_8": {
    "task0": 0.5001581011003836,
    "task1": 0.15884944559214131,
    "task2": 0.1698111218854083
  },
  "layer_9": {
    "task0": 0.49972595809266834,
    "task1": 0.19853282178843965,
    "task2": 0.1736898688814874
  }
}