{
  "layer_0": {
    "task0": 0.50163419365722,
    "task1": 0.2043058367071525,
    "task2": 0.1818277665317139
  },
  "layer_1": {
    "task0": 0.4999789136302294,
    "task1": 0.2236842105263158,
    "task2": 0.1818277665317139
  },
  "layer_10": {
    "task0": 0.5560581140350878,
    "task1": 0.8932607962213225,
    "task2": 0.5461686066126855
  },
  "layer_11": {
    "task0": 0.59066084682861,
    "task1": 0.9107941126855601,
    "task2": 0.5960062415654521
  },
  "layer_12": {
    "task0": 0.6565452091767882,
    "task1": 0.9054592611336032,
    "task2": 0.6833670715249662
  },
  "layer_13": {
    "task0": 0.7650134952766532,
    "task1": 0.8927020074224021,
    "task2": 0.6528445512820513
  },
  "layer_14": {
    "task0": 0.7013959176788124,
    "task1": 0.8858805668016194,
    "task2": 0.6711053475033738
  },
  "layer_15": {
    "task0": 0.6816274460188934,
    "task1": 0.8858594804318488,
    "task2": 0.7198359480431848
  },
  "layer_16": {
    "task0": 0.6090376180836707,
    "task1": 0.8659855769230769,
    "task2": 0.7005419197031039
  },
  "layer_17": {
    "task0": 0.6092063090418354,
    "task1": 0.820892375168691,
    "task2": 0.704031713900135
  },
  "layer_18": {
    "task0": 0.6101973684210527,
    "task1": 0.7963583839406208,
    "task2": 0.6831878373819164
  },
  "layer_19": {
    "task0": 0.5974717442645074,
    "task1": 0.7424089068825911,
    "task2": 0.639971322537112
  },
  "layer_2": {
    "task0": 0.5000210863697706,
    "task1": 0.2961369770580297,
    "task2": 0.18347250337381915
  },
  "layer_20": {
    "task0": 0.569331983805668,
    "task1": 0.7175480769230769,
    "task2": 0.6375674763832658
  },
  "layer_21": {
    "task0": 0.5479082321187584,
    "task1": 0.6977268893387314,
    "task2": 0.6479103407557355
  },
  "layer_22": {
    "task0": 0.5478449730094467,
    "task1": 0.6423962550607287,
    "task2": 0.6125274122807017
  },
  "layer_23": {
    "task0": 0.535646508097166,
    "task1": 0.6098599865047234,
    "task2": 0.6039874325236168
  },
  "layer_3": {
    "task0": 0.4999789136302294,
    "task1": 0.41012989203778677,
    "task2": 0.18841725708502025
  },
  "layer_4": {
    "task0": 0.4999789136302294,
    "task1": 0.5527686403508771,
    "task2": 0.18795335695006748
  },
  "layer_5": {
    "task0": 0.5272225033738192,
    "task1": 0.6035867914979757,
    "task2": 0.21123270917678813
  },
  "layer_6": {
    "task0": 0.5165738866396761,
    "task1": 0.7176429655870445,
    "task2": 0.20617198043184884
  },
  "layer_7": {
    "task0": 0.5233847840755735,
    "task1": 0.8046875,
    "task2": 0.24054276315789475
  },
  "layer_8": {
    "task0": 0.511808367071525,
    "task1": 0.78742830634278,
    "task2": 0.2630735492577598
  },
  "layer_9": {
    "task0": 0.5022562415654521,
    "task1": 0.7881663292847504,
    "task2": 0.4406313259109312
  }
}