{
  "layer_0": {
    "task0": 0.5,
    "task1": 0.08611239934229942,
    "task2": 0.18179518529448965
  },
  "layer_1": {
    "task0": 0.5,
    "task1": 0.11781694000590244,
    "task2": 0.18179518529448965
  },
  "layer_10": {
    "task0": 0.49994729963320544,
    "task1": 0.11247312281293478,
    "task2": 0.17780049749146254
  },
  "layer_11": {
    "task0": 0.49865087061005947,
    "task1": 0.11205151987857835,
    "task2": 0.17362662844133395
  },
  "layer_12": {
    "task0": 0.499293815084953,
    "task1": 0.12424638475483789,
    "task2": 0.18221678822884607
  },
  "layer_13": {
    "task0": 0.502487457312703,
    "task1": 0.1183755638939247,
    "task2": 0.12000927526455585
  },
  "layer_14": {
    "task0": 0.5000105400733589,
    "task1": 0.14603271638770607,
    "task2": 0.09971963404865297
  },
  "layer_15": {
    "task0": 0.49913571398456935,
    "task1": 0.11645727054260298,
    "task2": 0.12994856444200853
  },
  "layer_16": {
    "task0": 0.5035309245752351,
    "task1": 0.11929255027614992,
    "task2": 0.17382688983515326
  },
  "layer_17": {
    "task0": 0.5025401576794974,
    "task1": 0.10780387031493739,
    "task2": 0.14373498039546356
  },
  "layer_18": {
    "task0": 0.5006324044015347,
    "task1": 0.11460221763143472,
    "task2": 0.11961929255027615
  },
  "layer_19": {
    "task0": 0.49974703823938615,
    "task1": 0.10902651882457103,
    "task2": 0.10271301488258358
  },
  "layer_2": {
    "task0": 0.5,
    "task1": 0.08613347948901724,
    "task2": 0.18179518529448965
  },
  "layer_20": {
    "task0": 0.49983135882625745,
    "task1": 0.12593279649226358,
    "task2": 0.15361102913276276
  },
  "layer_21": {
    "task0": 0.5036679455289009,
    "task1": 0.09472363927652937,
    "task2": 0.15445423500147562
  },
  "layer_22": {
    "task0": 0.5054597579999157,
    "task1": 0.1261435979594418,
    "task2": 0.08872633753530924
  },
  "layer_23": {
    "task0": 0.499652177579156,
    "task1": 0.12959020194780554,
    "task2": 0.17932880812850457
  },
  "layer_24": {
    "task0": 0.49983135882625745,
    "task1": 0.10984864454656604,
    "task2": 0.12288671529153843
  },
  "layer_25": {
    "task0": 0.5004426830810742,
    "task1": 0.1254690332644715,
    "task2": 0.15926050845313883
  },
  "layer_26": {
    "task0": 0.5015810110038366,
    "task1": 0.11841772418736034,
    "task2": 0.13596694632994646
  },
  "layer_27": {
    "task0": 0.49964163750579704,
    "task1": 0.13945571061174586,
    "task2": 0.10163792739997471
  },
  "layer_28": {
    "task0": 0.4993886757451832,
    "task1": 0.10396728361229395,
    "task2": 0.1125996036932417
  },
  "layer_29": {
    "task0": 0.4999789198532822,
    "task1": 0.1083097938361651,
    "task2": 0.1342172941523673
  },
  "layer_3": {
    "task0": 0.5,
    "task1": 0.12532147223744677,
    "task2": 0.11958767233019942
  },
  "layer_30": {
    "task0": 0.5008115856486361,
    "task1": 0.12870483578565706,
    "task2": 0.1193768708630212
  },
  "layer_31": {
    "task0": 0.49957839706564355,
    "task1": 0.1154875837935832,
    "task2": 0.14454656604409966
  },
  "layer_4": {
    "task0": 0.5,
    "task1": 0.12532147223744677,
    "task2": 0.11958767233019942
  },
  "layer_5": {
    "task0": 0.49998945992664107,
    "task1": 0.12532147223744677,
    "task2": 0.11939795100973903
  },
  "layer_6": {
    "task0": 0.5,
    "task1": 0.12532147223744677,
    "task2": 0.12821999241114718
  },
  "layer_7": {
    "task0": 0.5,
    "task1": 0.12532147223744677,
    "task2": 0.1795501496690417
  },
  "layer_8": {
    "task0": 0.5,
    "task1": 0.11781694000590244,
    "task2": 0.14124752308276065
  },
  "layer_9": {
    "task0": 0.5003689025675618,
    "task1": 0.08636536110291328,
    "task2": 0.1044205067667271
  }
}