{
  "layer_0": {
    "task0": 0.5,
    "task1": 0.12532147223744677,
    "task2": 0.17355284792782158
  },
  "layer_1": {
    "task0": 0.5,
    "task1": 0.12532147223744677,
    "task2": 0.18179518529448965
  },
  "layer_10": {
    "task0": 0.4993254353050297,
    "task1": 0.11122939415658332,
    "task2": 0.17355284792782158
  },
  "layer_11": {
    "task0": 0.5009064463088663,
    "task1": 0.10250221341540537,
    "task2": 0.12183270795564737
  },
  "layer_12": {
    "task0": 0.4999789198532822,
    "task1": 0.137790379021038,
    "task2": 0.1051266916817741
  },
  "layer_13": {
    "task0": 0.5001370209536659,
    "task1": 0.11775369956574898,
    "task2": 0.10375648214511574
  },
  "layer_14": {
    "task0": 0.5000316202200767,
    "task1": 0.12253889287069437,
    "task2": 0.07359079219191365
  },
  "layer_15": {
    "task0": 0.5,
    "task1": 0.08611239934229942,
    "task2": 0.1736898688814874
  },
  "layer_16": {
    "task0": 0.5,
    "task1": 0.12322399763902357,
    "task2": 0.18179518529448965
  },
  "layer_17": {
    "task0": 0.5,
    "task1": 0.12532147223744677,
    "task2": 0.1775580758042076
  },
  "layer_18": {
    "task0": 0.4999051393397698,
    "task1": 0.09669463299464565,
    "task2": 0.1758716640667819
  },
  "layer_19": {
    "task0": 0.5,
    "task1": 0.0954614444116531,
    "task2": 0.15747923605548295
  },
  "layer_2": {
    "task0": 0.5,
    "task1": 0.12532147223744677,
    "task2": 0.10375648214511574
  },
  "layer_20": {
    "task0": 0.49854546987647036,
    "task1": 0.14792992959230997,
    "task2": 0.10201737004089549
  },
  "layer_21": {
    "task0": 0.5,
    "task1": 0.09040220919937603,
    "task2": 0.18178464522113075
  },
  "layer_22": {
    "task0": 0.49975757831274503,
    "task1": 0.10892111809098191,
    "task2": 0.13070744972385007
  },
  "layer_23": {
    "task0": 0.49415025928580464,
    "task1": 0.07038660989080484,
    "task2": 0.07957755385977486
  },
  "layer_24": {
    "task0": 0.49855600994982924,
    "task1": 0.11773261941903115,
    "task2": 0.11423331506387284
  },
  "layer_25": {
    "task0": 0.49787090518150007,
    "task1": 0.08613347948901724,
    "task2": 0.07362241241199038
  },
  "layer_26": {
    "task0": 0.49944137611197775,
    "task1": 0.14222774990513934,
    "task2": 0.07563556642354231
  },
  "layer_27": {
    "task0": 0.4976706437876808,
    "task1": 0.08610185926894051,
    "task2": 0.0745393987942156
  },
  "layer_28": {
    "task0": 0.49925165479151734,
    "task1": 0.1510392512331886,
    "task2": 0.11355875036890256
  },
  "layer_29": {
    "task0": 0.49625827395758676,
    "task1": 0.1280302710906868,
    "task2": 0.18179518529448965
  },
  "layer_3": {
    "task0": 0.5,
    "task1": 0.12532147223744677,
    "task2": 0.07359079219191365
  },
  "layer_30": {
    "task0": 0.5075993928917746,
    "task1": 0.1667966609047599,
    "task2": 0.10886841772418736
  },
  "layer_31": {
    "task0": 0.46346810573801595,
    "task1": 0.08820987394072263,
    "task2": 0.10356676082465534
  },
  "layer_4": {
    "task0": 0.5,
    "task1": 0.08611239934229942,
    "task2": 0.17355284792782158
  },
  "layer_5": {
    "task0": 0.5,
    "task1": 0.12532147223744677,
    "task2": 0.11958767233019942
  },
  "layer_6": {
    "task0": 0.5,
    "task1": 0.12532147223744677,
    "task2": 0.17355284792782158
  },
  "layer_7": {
    "task0": 0.5,
    "task1": 0.08611239934229942,
    "task2": 0.1411948227159661
  },
  "layer_8": {
    "task0": 0.5,
    "task1": 0.16335005691639615,
    "task2": 0.11958767233019942
  },
  "layer_9": {
    "task0": 0.5,
    "task1": 0.12532147223744677,
    "task2": 0.17548168135250222
  }
}