{
  "layer_0": {
    "task0": 0.5,
    "task1": 0.276402883764071,
    "task2": 0.18179518529448965
  },
  "layer_1": {
    "task0": 0.5,
    "task1": 0.18415616172688562,
    "task2": 0.21397402925924364
  },
  "layer_10": {
    "task0": 0.6244993465154517,
    "task1": 0.46736793288081285,
    "task2": 0.46983431004679793
  },
  "layer_11": {
    "task0": 0.6244993465154517,
    "task1": 0.44499135713984567,
    "task2": 0.4770331801509339
  },
  "layer_12": {
    "task0": 0.8299569965006957,
    "task1": 0.44198743623255615,
    "task2": 0.4054977022640078
  },
  "layer_13": {
    "task0": 0.8301994181879506,
    "task1": 0.42900206585437833,
    "task2": 0.4538766389814073
  },
  "layer_14": {
    "task0": 0.8328555166743961,
    "task1": 0.48053248450609215,
    "task2": 0.5904443694928116
  },
  "layer_15": {
    "task0": 0.7864791938951895,
    "task1": 0.5197731776213163,
    "task2": 0.5404422614781399
  },
  "layer_16": {
    "task0": 0.7051203676377588,
    "task1": 0.45758674480374384,
    "task2": 0.6525359416501539
  },
  "layer_17": {
    "task0": 0.7115919726801299,
    "task1": 0.42381634976179433,
    "task2": 0.5466503646865383
  },
  "layer_18": {
    "task0": 0.7006513765335807,
    "task1": 0.5498650870610059,
    "task2": 0.6932311648889077
  },
  "layer_19": {
    "task0": 0.6465280998355749,
    "task1": 0.5089063619882794,
    "task2": 0.7183376196298327
  },
  "layer_2": {
    "task0": 0.5,
    "task1": 0.17439605379653442,
    "task2": 0.18179518529448965
  },
  "layer_20": {
    "task0": 0.7156709810700282,
    "task1": 0.49837682870272776,
    "task2": 0.7192124457186222
  },
  "layer_21": {
    "task0": 0.6763986677347275,
    "task1": 0.46464859395421393,
    "task2": 0.7544162907373835
  },
  "layer_22": {
    "task0": 0.728550950714617,
    "task1": 0.5334120325477465,
    "task2": 0.7181478983093722
  },
  "layer_23": {
    "task0": 0.7476179434208862,
    "task1": 0.4864876259538766,
    "task2": 0.6837872591593237
  },
  "layer_24": {
    "task0": 0.7192335258653401,
    "task1": 0.6030397571567098,
    "task2": 0.7009043382941945
  },
  "layer_25": {
    "task0": 0.8109216240145032,
    "task1": 0.5654433154854758,
    "task2": 0.7406298747839285
  },
  "layer_26": {
    "task0": 0.7891985328217884,
    "task1": 0.557517180319575,
    "task2": 0.7701737004089548
  },
  "layer_27": {
    "task0": 0.7978730131961719,
    "task1": 0.585100552299844,
    "task2": 0.803743834057085
  },
  "layer_28": {
    "task0": 0.7641342383742991,
    "task1": 0.6759981449470889,
    "task2": 0.795975799991568
  },
  "layer_29": {
    "task0": 0.7065643576879295,
    "task1": 0.5692377418946836,
    "task2": 0.816718664361904
  },
  "layer_3": {
    "task0": 0.5,
    "task1": 0.16706016273873267,
    "task2": 0.19462245457228383
  },
  "layer_30": {
    "task0": 0.6569522323875374,
    "task1": 0.6238353218938404,
    "task2": 0.856085838357435
  },
  "layer_31": {
    "task0": 0.6242463847548378,
    "task1": 0.6590391669126017,
    "task2": 0.8335511615160841
  },
  "layer_4": {
    "task0": 0.5,
    "task1": 0.3198174459294237,
    "task2": 0.2452042666216957
  },
  "layer_5": {
    "task0": 0.5125743075171804,
    "task1": 0.41106286099751255,
    "task2": 0.29649226358615455
  },
  "layer_6": {
    "task0": 0.5464079429992833,
    "task1": 0.4470888317382689,
    "task2": 0.3333930604157005
  },
  "layer_7": {
    "task0": 0.5417808507947215,
    "task1": 0.38206711918714953,
    "task2": 0.39433576457692143
  },
  "layer_8": {
    "task0": 0.5639677052152283,
    "task1": 0.5681415742653569,
    "task2": 0.42511277878494036
  },
  "layer_9": {
    "task0": 0.5955246848518065,
    "task1": 0.49214764534761163,
    "task2": 0.43446182385429405
  }
}