{
  "layer_0": {
    "task0": 0.4999789136302294,
    "task1": 0.1253162955465587,
    "task2": 0.1818277665317139
  },
  "layer_1": {
    "task0": 0.5033843623481782,
    "task1": 0.12545335695006748,
    "task2": 0.1818277665317139
  },
  "layer_10": {
    "task0": 0.5083291160593792,
    "task1": 0.15354040148448042,
    "task2": 0.1623755904183536
  },
  "layer_11": {
    "task0": 0.5001054318488529,
    "task1": 0.14113107287449392,
    "task2": 0.17978238866396762
  },
  "layer_12": {
    "task0": 0.49993674089068824,
    "task1": 0.16851172402159245,
    "task2": 0.11323380566801619
  },
  "layer_13": {
    "task0": 0.5000316295546559,
    "task1": 0.11538461538461539,
    "task2": 0.1648110661268556
  },
  "layer_14": {
    "task0": 0.5054719129554656,
    "task1": 0.11330760796221323,
    "task2": 0.13639718286099864
  },
  "layer_15": {
    "task0": 0.4987031882591093,
    "task1": 0.1121689439946019,
    "task2": 0.10046600877192982
  },
  "layer_16": {
    "task0": 0.4882232624831309,
    "task1": 0.12913292847503374,
    "task2": 0.11276990553306343
  },
  "layer_17": {
    "task0": 0.4961728238866397,
    "task1": 0.12330254723346828,
    "task2": 0.1224274628879892
  },
  "layer_18": {
    "task0": 0.5029204622132254,
    "task1": 0.12967063090418354,
    "task2": 0.17147435897435898
  },
  "layer_19": {
    "task0": 0.4915443657219973,
    "task1": 0.10450404858299595,
    "task2": 0.10569542847503374
  },
  "layer_2": {
    "task0": 0.4999789136302294,
    "task1": 0.1253057523616734,
    "task2": 0.17361462550607287
  },
  "layer_20": {
    "task0": 0.4937057186234818,
    "task1": 0.12483130904183536,
    "task2": 0.11900092780026991
  },
  "layer_21": {
    "task0": 0.49361082995951416,
    "task1": 0.11899038461538461,
    "task2": 0.12391405195681511
  },
  "layer_22": {
    "task0": 0.49482329622132254,
    "task1": 0.11927505060728745,
    "task2": 0.15383561066126855
  },
  "layer_23": {
    "task0": 0.4827724358974359,
    "task1": 0.12038208502024292,
    "task2": 0.12784665991902833
  },
  "layer_3": {
    "task0": 0.503415991902834,
    "task1": 0.13230642712550608,
    "task2": 0.18181722334682862
  },
  "layer_4": {
    "task0": 0.489899628879892,
    "task1": 0.12407219973009447,
    "task2": 0.17354082321187583
  },
  "layer_5": {
    "task0": 0.49966261808367074,
    "task1": 0.1253162955465587,
    "task2": 0.07663841093117409
  },
  "layer_6": {
    "task0": 0.5000210863697706,
    "task1": 0.14723557692307693,
    "task2": 0.18179613697705804
  },
  "layer_7": {
    "task0": 0.5000210863697706,
    "task1": 0.12603323211875844,
    "task2": 0.17354082321187583
  },
  "layer_8": {
    "task0": 0.5068108974358975,
    "task1": 0.1253162955465587,
    "task2": 0.15696693657219973
  },
  "layer_9": {
    "task0": 0.5014865890688259,
    "task1": 0.1121689439946019,
    "task2": 0.14709851551956815
  }
}