{
  "layer_0": {
    "task0": 0.5,
    "task1": 0.12246511235718201,
    "task2": 0.18179518529448965
  },
  "layer_1": {
    "task0": 0.499884059193052,
    "task1": 0.14633837851511447,
    "task2": 0.18179518529448965
  },
  "layer_10": {
    "task0": 0.49946245625869556,
    "task1": 0.15050170749188416,
    "task2": 0.13557696361566676
  },
  "layer_11": {
    "task0": 0.5006324044015347,
    "task1": 0.14608541675450062,
    "task2": 0.17046460643366076
  },
  "layer_12": {
    "task0": 0.5000421602934356,
    "task1": 0.1730785446266706,
    "task2": 0.13286816476242674
  },
  "layer_13": {
    "task0": 0.5000316202200767,
    "task1": 0.11403305367005355,
    "task2": 0.15141869387410936
  },
  "layer_14": {
    "task0": 0.49975757831274503,
    "task1": 0.12122138370083056,
    "task2": 0.13040178759644167
  },
  "layer_15": {
    "task0": 0.5004216029343564,
    "task1": 0.11900796829545934,
    "task2": 0.09513470213752688
  },
  "layer_16": {
    "task0": 0.49864033053670054,
    "task1": 0.13494455921413212,
    "task2": 0.11237826215270458
  },
  "layer_17": {
    "task0": 0.5010118470424554,
    "task1": 0.125173911210422,
    "task2": 0.12079978076647413
  },
  "layer_18": {
    "task0": 0.5000210801467179,
    "task1": 0.13078123023736246,
    "task2": 0.14433576457692146
  },
  "layer_19": {
    "task0": 0.500695644841688,
    "task1": 0.10775116994814284,
    "task2": 0.10319785825709347
  },
  "layer_2": {
    "task0": 0.5,
    "task1": 0.12530039209072896,
    "task2": 0.17355284792782158
  },
  "layer_20": {
    "task0": 0.5026244782663687,
    "task1": 0.12879969644588726,
    "task2": 0.1157932459209916
  },
  "layer_21": {
    "task0": 0.4997364981660272,
    "task1": 0.12396180277414731,
    "task2": 0.12224377081664488
  },
  "layer_22": {
    "task0": 0.5011699481428391,
    "task1": 0.1237510013069691,
    "task2": 0.13256250263501834
  },
  "layer_23": {
    "task0": 0.5011699481428391,
    "task1": 0.12227539103672161,
    "task2": 0.124351785488427
  },
  "layer_3": {
    "task0": 0.5008326657953539,
    "task1": 0.10632826004468991,
    "task2": 0.18182680551456637
  },
  "layer_4": {
    "task0": 0.5006113242548168,
    "task1": 0.10157468695982123,
    "task2": 0.17355284792782158
  },
  "layer_5": {
    "task0": 0.49994729963320544,
    "task1": 0.12532147223744677,
    "task2": 0.07994645642733673
  },
  "layer_6": {
    "task0": 0.5,
    "task1": 0.18122602133310847,
    "task2": 0.18192166617479658
  },
  "layer_7": {
    "task0": 0.5,
    "task1": 0.12899995783970655,
    "task2": 0.17355284792782158
  },
  "layer_8": {
    "task0": 0.5035520047219528,
    "task1": 0.12533201231080568,
    "task2": 0.1487625953876639
  },
  "layer_9": {
    "task0": 0.49931489523167083,
    "task1": 0.1144968168978456,
    "task2": 0.14271259327964922
  }
}