{
  "layer_0": {
    "task0": 0.4973017413332016,
    "task1": 0.2694042749208822,
    "task2": 0.1829756732304938
  },
  "layer_1": {
    "task0": 0.49957839591911046,
    "task1": 0.37881023614136144,
    "task2": 0.21250895906251216
  },
  "layer_10": {
    "task0": 0.796587123789028,
    "task1": 0.9296028489395621,
    "task2": 0.9465934479467544
  },
  "layer_11": {
    "task0": 0.8361861783920188,
    "task1": 0.9482482396481768,
    "task2": 0.9655339599461101
  },
  "layer_12": {
    "task0": 0.8651186805450122,
    "task1": 0.9495657488858902,
    "task2": 0.9667671488262589
  },
  "layer_13": {
    "task0": 0.8840908126029876,
    "task1": 0.9550360467750912,
    "task2": 0.9725852688843808
  },
  "layer_14": {
    "task0": 0.8798853235017781,
    "task1": 0.9507778568258575,
    "task2": 0.9658396218592895
  },
  "layer_15": {
    "task0": 0.882836543369431,
    "task1": 0.9584404902557905,
    "task2": 0.9634681055149916
  },
  "layer_16": {
    "task0": 0.884111892727089,
    "task1": 0.9536236766855352,
    "task2": 0.9615181909509783
  },
  "layer_17": {
    "task0": 0.879463720338115,
    "task1": 0.9527172311173608,
    "task2": 0.9611282092066971
  },
  "layer_18": {
    "task0": 0.8795269612594985,
    "task1": 0.9532547736065883,
    "task2": 0.9630359627893549
  },
  "layer_19": {
    "task0": 0.8794848006839842,
    "task1": 0.9515051219102388,
    "task2": 0.9645537331237314
  },
  "layer_2": {
    "task0": 0.5019182928716626,
    "task1": 0.4401113030603309,
    "task2": 0.29620768121438623
  },
  "layer_20": {
    "task0": 0.8802226063606484,
    "task1": 0.954983346141296,
    "task2": 0.9640267287000164
  },
  "layer_21": {
    "task0": 0.8835743494820919,
    "task1": 0.9534234155813334,
    "task2": 0.9678422352936362
  },
  "layer_22": {
    "task0": 0.8831000461960187,
    "task1": 0.9563851754243401,
    "task2": 0.96858004172607
  },
  "layer_23": {
    "task0": 0.8816455158205658,
    "task1": 0.9535709758299721,
    "task2": 0.9689278636430678
  },
  "layer_3": {
    "task0": 0.5092541836608928,
    "task1": 0.48934398523229006,
    "task2": 0.3795058807521723
  },
  "layer_4": {
    "task0": 0.5286795390768504,
    "task1": 0.6642670430894183,
    "task2": 0.6217800066603181
  },
  "layer_5": {
    "task0": 0.5692377412425732,
    "task1": 0.7513807489371751,
    "task2": 0.7675808421603705
  },
  "layer_6": {
    "task0": 0.5818542091134999,
    "task1": 0.831158563681897,
    "task2": 0.8689763472932273
  },
  "layer_7": {
    "task0": 0.6371158140521562,
    "task1": 0.8947573668013697,
    "task2": 0.9027678223474517
  },
  "layer_8": {
    "task0": 0.6614739232541458,
    "task1": 0.8923858510212289,
    "task2": 0.9386356922033097
  },
  "layer_9": {
    "task0": 0.6866646983388142,
    "task1": 0.9060036254177166,
    "task2": 0.9380876081141067
  }
}