{
  "layer_0": {
    "task0": 0.5,
    "task1": 0.17025380496648257,
    "task2": 0.18179518529448965
  },
  "layer_1": {
    "task0": 0.5,
    "task1": 0.19764745562629116,
    "task2": 0.18193220624815548
  },
  "layer_10": {
    "task0": 0.5099709093975294,
    "task1": 0.509306884775918,
    "task2": 0.08455246848518065
  },
  "layer_11": {
    "task0": 0.5148825835827817,
    "task1": 0.5143555799148362,
    "task2": 0.10469454867405877
  },
  "layer_12": {
    "task0": 0.5233989628567814,
    "task1": 0.44783717694675157,
    "task2": 0.12253889287069437
  },
  "layer_13": {
    "task0": 0.5188772713858089,
    "task1": 0.4939289177452675,
    "task2": 0.11585648636114507
  },
  "layer_14": {
    "task0": 0.5117205615751086,
    "task1": 0.4628040811164046,
    "task2": 0.13803280070829294
  },
  "layer_15": {
    "task0": 0.5121527045828239,
    "task1": 0.4080167797967874,
    "task2": 0.12945318099413972
  },
  "layer_16": {
    "task0": 0.5150828449766011,
    "task1": 0.4132024958893714,
    "task2": 0.1485623339938446
  },
  "layer_17": {
    "task0": 0.5094017454361482,
    "task1": 0.37558497407141955,
    "task2": 0.1649205278468738
  },
  "layer_18": {
    "task0": 0.5121210843627472,
    "task1": 0.3855558834689489,
    "task2": 0.17325772587377208
  },
  "layer_19": {
    "task0": 0.50754669252498,
    "task1": 0.4263459673679329,
    "task2": 0.19226147813988786
  },
  "layer_2": {
    "task0": 0.5,
    "task1": 0.25345714406172265,
    "task2": 0.17592436443357645
  },
  "layer_20": {
    "task0": 0.5060816223280914,
    "task1": 0.41825119102828956,
    "task2": 0.19063830684261562
  },
  "layer_21": {
    "task0": 0.5130275306716134,
    "task1": 0.37438340570850376,
    "task2": 0.19771069606644462
  },
  "layer_22": {
    "task0": 0.5126480880306927,
    "task1": 0.4301193136304229,
    "task2": 0.19891226442936044
  },
  "layer_23": {
    "task0": 0.5095071461697374,
    "task1": 0.38868628525654536,
    "task2": 0.19206121674606855
  },
  "layer_24": {
    "task0": 0.5112040979805219,
    "task1": 0.3422678021839032,
    "task2": 0.1999768118386104
  },
  "layer_25": {
    "task0": 0.5139550571271976,
    "task1": 0.39520005059235214,
    "task2": 0.20079893756060543
  },
  "layer_26": {
    "task0": 0.507662633331928,
    "task1": 0.4195687001981534,
    "task2": 0.20110459968801384
  },
  "layer_27": {
    "task0": 0.5070407690037523,
    "task1": 0.4277899574181036,
    "task2": 0.20479362536363252
  },
  "layer_28": {
    "task0": 0.5032885028879801,
    "task1": 0.4203592057000717,
    "task2": 0.20957881866857794
  },
  "layer_29": {
    "task0": 0.5041106286099751,
    "task1": 0.41189552679286645,
    "task2": 0.20890425397360765
  },
  "layer_3": {
    "task0": 0.5,
    "task1": 0.4569543404022092,
    "task2": 0.186938741093638
  },
  "layer_30": {
    "task0": 0.5049959947721236,
    "task1": 0.4580505080315359,
    "task2": 0.20354989670728107
  },
  "layer_31": {
    "task0": 0.5021607150385766,
    "task1": 0.47442978203128294,
    "task2": 0.21347864581137485
  },
  "layer_4": {
    "task0": 0.5000210801467179,
    "task1": 0.42802183903199964,
    "task2": 0.1717715755301657
  },
  "layer_5": {
    "task0": 0.5006534845482524,
    "task1": 0.4238690501285889,
    "task2": 0.16424596315190354
  },
  "layer_6": {
    "task0": 0.5021607150385766,
    "task1": 0.3715481259749568,
    "task2": 0.1306125890636199
  },
  "layer_7": {
    "task0": 0.5007167249884059,
    "task1": 0.3606918504152789,
    "task2": 0.12492094944980817
  },
  "layer_8": {
    "task0": 0.49945191618533663,
    "task1": 0.4356528521438509,
    "task2": 0.11522408195961044
  },
  "layer_9": {
    "task0": 0.5087377208145368,
    "task1": 0.5079472153126185,
    "task2": 0.11594080694801635
  }
}