{
  "layer_0": {
    "task0": 0.5,
    "task1": 0.1233504785193305,
    "task2": 0.18179518529448965
  },
  "layer_1": {
    "task0": 0.5,
    "task1": 0.12532147223744677,
    "task2": 0.17650406846831654
  },
  "layer_10": {
    "task0": 0.5008853661621485,
    "task1": 0.1316244361060753,
    "task2": 0.14371390024874572
  },
  "layer_11": {
    "task0": 0.5005375437413044,
    "task1": 0.11476031873181837,
    "task2": 0.21177115392723134
  },
  "layer_12": {
    "task0": 0.4999367595598465,
    "task1": 0.12981154348834267,
    "task2": 0.12043087819891227
  },
  "layer_13": {
    "task0": 0.5012015683629159,
    "task1": 0.1215586660483157,
    "task2": 0.09892912854673469
  },
  "layer_14": {
    "task0": 0.5008853661621485,
    "task1": 0.10012015683629158,
    "task2": 0.12367722079345672
  },
  "layer_15": {
    "task0": 0.49856655002318817,
    "task1": 0.11570892533412032,
    "task2": 0.08217041190606687
  },
  "layer_16": {
    "task0": 0.5,
    "task1": 0.1535372486192504,
    "task2": 0.0861967199291707
  },
  "layer_17": {
    "task0": 0.5000316202200767,
    "task1": 0.11646781061596188,
    "task2": 0.12446772629537502
  },
  "layer_18": {
    "task0": 0.5291538429107466,
    "task1": 0.12811459167755807,
    "task2": 0.13300518571609257
  },
  "layer_19": {
    "task0": 0.5005375437413044,
    "task1": 0.09567224587883132,
    "task2": 0.0869977655044479
  },
  "layer_2": {
    "task0": 0.5,
    "task1": 0.12532147223744677,
    "task2": 0.09737973776297483
  },
  "layer_20": {
    "task0": 0.5119524431890046,
    "task1": 0.08402546481723513,
    "task2": 0.1062228593111008
  },
  "layer_21": {
    "task0": 0.4532758547999494,
    "task1": 0.08069480163581938,
    "task2": 0.16896791601669547
  },
  "layer_22": {
    "task0": 0.5155360681310341,
    "task1": 0.1407942999283275,
    "task2": 0.1649943083603862
  },
  "layer_23": {
    "task0": 0.49756524305409167,
    "task1": 0.1221594502297736,
    "task2": 0.09975125426872972
  },
  "layer_3": {
    "task0": 0.5019920738648341,
    "task1": 0.12532147223744677,
    "task2": 0.12347695939963742
  },
  "layer_4": {
    "task0": 0.4994940764787723,
    "task1": 0.12532147223744677,
    "task2": 0.17355284792782158
  },
  "layer_5": {
    "task0": 0.5,
    "task1": 0.12520553143049876,
    "task2": 0.07359079219191365
  },
  "layer_6": {
    "task0": 0.5,
    "task1": 0.12532147223744677,
    "task2": 0.18179518529448965
  },
  "layer_7": {
    "task0": 0.5,
    "task1": 0.12532147223744677,
    "task2": 0.17355284792782158
  },
  "layer_8": {
    "task0": 0.5032358025211855,
    "task1": 0.12132678443441966,
    "task2": 0.12007251570470931
  },
  "layer_9": {
    "task0": 0.5027509591466757,
    "task1": 0.08630212066275982,
    "task2": 0.13815928158859986
  }
}