{
  "layer_0": {
    "task0": 0.4999789136302294,
    "task1": 0.08611673414304993,
    "task2": 0.1818277665317139
  },
  "layer_1": {
    "task0": 0.5000210863697706,
    "task1": 0.1178200910931174,
    "task2": 0.1818277665317139
  },
  "layer_10": {
    "task0": 0.4999894568151147,
    "task1": 0.08721322537112011,
    "task2": 0.17350919365721998
  },
  "layer_11": {
    "task0": 0.4999789136302294,
    "task1": 0.1253162955465587,
    "task2": 0.07570006747638326
  },
  "layer_12": {
    "task0": 0.4999789136302294,
    "task1": 0.08612727732793522,
    "task2": 0.17354082321187583
  },
  "layer_13": {
    "task0": 0.49963098852901483,
    "task1": 0.1253162955465587,
    "task2": 0.11924342105263158
  },
  "layer_14": {
    "task0": 0.5002741228070176,
    "task1": 0.1253162955465587,
    "task2": 0.09244264507422402
  },
  "layer_15": {
    "task0": 0.49995782726045884,
    "task1": 0.07968539136302294,
    "task2": 0.10878458164642375
  },
  "layer_16": {
    "task0": 0.49705845141700405,
    "task1": 0.1253162955465587,
    "task2": 0.18081562078272603
  },
  "layer_17": {
    "task0": 0.5183978576248313,
    "task1": 0.1253162955465587,
    "task2": 0.17298203441295545
  },
  "layer_18": {
    "task0": 0.49993674089068824,
    "task1": 0.1253162955465587,
    "task2": 0.11311783063427801
  },
  "layer_19": {
    "task0": 0.4999789136302294,
    "task1": 0.11914853238866396,
    "task2": 0.17355136639676114
  },
  "layer_2": {
    "task0": 0.4999789136302294,
    "task1": 0.08611673414304993,
    "task2": 0.1818277665317139
  },
  "layer_20": {
    "task0": 0.49996837044534415,
    "task1": 0.08616945006747638,
    "task2": 0.14283906882591094
  },
  "layer_21": {
    "task0": 0.4999789136302294,
    "task1": 0.1253162955465587,
    "task2": 0.08852058029689609
  },
  "layer_22": {
    "task0": 0.5104377530364372,
    "task1": 0.09023911943319839,
    "task2": 0.07396044197031039
  },
  "layer_23": {
    "task0": 0.49994728407557354,
    "task1": 0.0902074898785425,
    "task2": 0.10347081646423752
  },
  "layer_24": {
    "task0": 0.5329790823211876,
    "task1": 0.1254217273954116,
    "task2": 0.12281756072874495
  },
  "layer_25": {
    "task0": 0.4999894568151147,
    "task1": 0.13236968623481782,
    "task2": 0.10550565114709852
  },
  "layer_26": {
    "task0": 0.5187879554655871,
    "task1": 0.15351931511470984,
    "task2": 0.20118505398110662
  },
  "layer_27": {
    "task0": 0.5000210863697706,
    "task1": 0.11540570175438597,
    "task2": 0.12746710526315788
  },
  "layer_28": {
    "task0": 0.4999789136302294,
    "task1": 0.1254322705802969,
    "task2": 0.11940156882591094
  },
  "layer_29": {
    "task0": 0.4999789136302294,
    "task1": 0.0860323886639676,
    "task2": 0.17182228407557354
  },
  "layer_3": {
    "task0": 0.5000210863697706,
    "task1": 0.1253162955465587,
    "task2": 0.11959134615384616
  },
  "layer_30": {
    "task0": 0.5008329116059379,
    "task1": 0.0857266363022942,
    "task2": 0.16016152159244265
  },
  "layer_31": {
    "task0": 0.4999894568151147,
    "task1": 0.07719719973009447,
    "task2": 0.13277032726045884
  },
  "layer_4": {
    "task0": 0.5000210863697706,
    "task1": 0.1253162955465587,
    "task2": 0.11959134615384616
  },
  "layer_5": {
    "task0": 0.5000210863697706,
    "task1": 0.1178200910931174,
    "task2": 0.1818277665317139
  },
  "layer_6": {
    "task0": 0.4999789136302294,
    "task1": 0.16582321187584345,
    "task2": 0.1194331983805668
  },
  "layer_7": {
    "task0": 0.4999789136302294,
    "task1": 0.1178200910931174,
    "task2": 0.1818277665317139
  },
  "layer_8": {
    "task0": 0.4999789136302294,
    "task1": 0.1178200910931174,
    "task2": 0.17354082321187583
  },
  "layer_9": {
    "task0": 0.501054318488529,
    "task1": 0.1178200910931174,
    "task2": 0.14118378879892038
  }
}