{
  "layer_0": {
    "task0": 0.4999789136302294,
    "task1": 0.08611673414304993,
    "task2": 0.1818277665317139
  },
  "layer_1": {
    "task0": 0.5000210863697706,
    "task1": 0.1178200910931174,
    "task2": 0.1818277665317139
  },
  "layer_10": {
    "task0": 0.5000210863697706,
    "task1": 0.07954832995951416,
    "task2": 0.17354082321187583
  },
  "layer_11": {
    "task0": 0.5000210863697706,
    "task1": 0.12527412280701755,
    "task2": 0.17354082321187583
  },
  "layer_12": {
    "task0": 0.4999789136302294,
    "task1": 0.08616945006747638,
    "task2": 0.12205845141700405
  },
  "layer_13": {
    "task0": 0.4999789136302294,
    "task1": 0.1253162955465587,
    "task2": 0.12204790823211877
  },
  "layer_14": {
    "task0": 0.4999789136302294,
    "task1": 0.08627488191632929,
    "task2": 0.15951838731443996
  },
  "layer_15": {
    "task0": 0.5000421727395412,
    "task1": 0.12306005398110662,
    "task2": 0.17618716261808368
  },
  "layer_16": {
    "task0": 0.5060412449392713,
    "task1": 0.12988149460188933,
    "task2": 0.09303306342780027
  },
  "layer_17": {
    "task0": 0.4999789136302294,
    "task1": 0.0981359649122807,
    "task2": 0.17685138326585695
  },
  "layer_18": {
    "task0": 0.49981022267206476,
    "task1": 0.08062373481781376,
    "task2": 0.1655596322537112
  },
  "layer_19": {
    "task0": 0.5104482962213225,
    "task1": 0.12437795209176788,
    "task2": 0.11948591430499325
  },
  "layer_2": {
    "task0": 0.4999789136302294,
    "task1": 0.08611673414304993,
    "task2": 0.1818277665317139
  },
  "layer_20": {
    "task0": 0.4869159075573549,
    "task1": 0.11780954790823212,
    "task2": 0.11957025978407558
  },
  "layer_21": {
    "task0": 0.5000843454790823,
    "task1": 0.08669660931174089,
    "task2": 0.18142712550607287
  },
  "layer_22": {
    "task0": 0.5000738022941971,
    "task1": 0.11780954790823212,
    "task2": 0.1584008097165992
  },
  "layer_23": {
    "task0": 0.5000527159244265,
    "task1": 0.1314207995951417,
    "task2": 0.07409750337381917
  },
  "layer_24": {
    "task0": 0.5000421727395412,
    "task1": 0.12160509446693657,
    "task2": 0.196039979757085
  },
  "layer_25": {
    "task0": 0.4937057186234818,
    "task1": 0.11009193657219973,
    "task2": 0.1149312584345479
  },
  "layer_26": {
    "task0": 0.5000527159244265,
    "task1": 0.1214680330634278,
    "task2": 0.10797275641025642
  },
  "layer_27": {
    "task0": 0.5128837719298246,
    "task1": 0.15338225371120107,
    "task2": 0.14840587044534412
  },
  "layer_28": {
    "task0": 0.49834471997300944,
    "task1": 0.09186276990553306,
    "task2": 0.13908569500674764
  },
  "layer_29": {
    "task0": 0.48211875843454793,
    "task1": 0.13815789473684212,
    "task2": 0.11426703778677463
  },
  "layer_3": {
    "task0": 0.5000210863697706,
    "task1": 0.1253162955465587,
    "task2": 0.11959134615384616
  },
  "layer_30": {
    "task0": 0.500474443319838,
    "task1": 0.12407219973009447,
    "task2": 0.1818277665317139
  },
  "layer_31": {
    "task0": 0.5010016025641025,
    "task1": 0.1456435560053981,
    "task2": 0.11081941632928476
  },
  "layer_4": {
    "task0": 0.5000210863697706,
    "task1": 0.1253162955465587,
    "task2": 0.11959134615384616
  },
  "layer_5": {
    "task0": 0.5000210863697706,
    "task1": 0.1178200910931174,
    "task2": 0.11941211201079623
  },
  "layer_6": {
    "task0": 0.5000210863697706,
    "task1": 0.1253057523616734,
    "task2": 0.14119433198380565
  },
  "layer_7": {
    "task0": 0.4999789136302294,
    "task1": 0.08611673414304993,
    "task2": 0.1818277665317139
  },
  "layer_8": {
    "task0": 0.4999789136302294,
    "task1": 0.08611673414304993,
    "task2": 0.1818277665317139
  },
  "layer_9": {
    "task0": 0.5042489035087719,
    "task1": 0.10050818151147098,
    "task2": 0.10372385290148448
  }
}