{
  "layer_0": {
    "task0": 0.5,
    "task1": 0.08611239934229942,
    "task2": 0.18179518529448965
  },
  "layer_1": {
    "task0": 0.5,
    "task1": 0.11781694000590244,
    "task2": 0.18179518529448965
  },
  "layer_10": {
    "task0": 0.5,
    "task1": 0.08611239934229942,
    "task2": 0.17355284792782158
  },
  "layer_11": {
    "task0": 0.5,
    "task1": 0.12532147223744677,
    "task2": 0.07359079219191365
  },
  "layer_12": {
    "task0": 0.5,
    "task1": 0.08611239934229942,
    "task2": 0.17355284792782158
  },
  "layer_13": {
    "task0": 0.4987562713436485,
    "task1": 0.12532147223744677,
    "task2": 0.11959821240355833
  },
  "layer_14": {
    "task0": 0.5,
    "task1": 0.12532147223744677,
    "task2": 0.08844175555461865
  },
  "layer_15": {
    "task0": 0.4952042666216957,
    "task1": 0.08724018719170286,
    "task2": 0.13051772840338968
  },
  "layer_16": {
    "task0": 0.5002213415405371,
    "task1": 0.12532147223744677,
    "task2": 0.18179518529448965
  },
  "layer_17": {
    "task0": 0.5241262279185464,
    "task1": 0.12532147223744677,
    "task2": 0.17355284792782158
  },
  "layer_18": {
    "task0": 0.5000105400733589,
    "task1": 0.12532147223744677,
    "task2": 0.13188793794004805
  },
  "layer_19": {
    "task0": 0.5,
    "task1": 0.11535056283991736,
    "task2": 0.1739533707154602
  },
  "layer_2": {
    "task0": 0.5,
    "task1": 0.08611239934229942,
    "task2": 0.18179518529448965
  },
  "layer_20": {
    "task0": 0.5,
    "task1": 0.09292128673215566,
    "task2": 0.17131835237573254
  },
  "layer_21": {
    "task0": 0.5,
    "task1": 0.12532147223744677,
    "task2": 0.17221425861123993
  },
  "layer_22": {
    "task0": 0.5043530502972301,
    "task1": 0.09015978751212109,
    "task2": 0.06969096504911675
  },
  "layer_23": {
    "task0": 0.5,
    "task1": 0.09203592057000717,
    "task2": 0.10386188287870483
  },
  "layer_24": {
    "task0": 0.5146717821156035,
    "task1": 0.12532147223744677,
    "task2": 0.17723133353008136
  },
  "layer_25": {
    "task0": 0.5,
    "task1": 0.13616720772376575,
    "task2": 0.13874952569669885
  },
  "layer_26": {
    "task0": 0.5033939036215692,
    "task1": 0.1467599814494709,
    "task2": 0.21393186896580801
  },
  "layer_27": {
    "task0": 0.5,
    "task1": 0.1497428222100426,
    "task2": 0.11818584257346432
  },
  "layer_28": {
    "task0": 0.5,
    "task1": 0.1254690332644715,
    "task2": 0.11940849108309794
  },
  "layer_29": {
    "task0": 0.5,
    "task1": 0.08602807875542814,
    "task2": 0.17473333614401956
  },
  "layer_3": {
    "task0": 0.5,
    "task1": 0.12532147223744677,
    "task2": 0.11958767233019942
  },
  "layer_30": {
    "task0": 0.5,
    "task1": 0.13767443821408998,
    "task2": 0.12657574096715712
  },
  "layer_31": {
    "task0": 0.5,
    "task1": 0.07475020026139383,
    "task2": 0.1590180867658839
  },
  "layer_4": {
    "task0": 0.5,
    "task1": 0.12532147223744677,
    "task2": 0.11958767233019942
  },
  "layer_5": {
    "task0": 0.5,
    "task1": 0.11781694000590244,
    "task2": 0.18179518529448965
  },
  "layer_6": {
    "task0": 0.5,
    "task1": 0.14855179392048568,
    "task2": 0.11939795100973903
  },
  "layer_7": {
    "task0": 0.5,
    "task1": 0.11781694000590244,
    "task2": 0.18179518529448965
  },
  "layer_8": {
    "task0": 0.5,
    "task1": 0.11781694000590244,
    "task2": 0.17355284792782158
  },
  "layer_9": {
    "task0": 0.5002951220540495,
    "task1": 0.11781694000590244,
    "task2": 0.1411948227159661
  }
}