{
  "layer_0": {
    "task0": 0.5,
    "task1": 0.250822125721995,
    "task2": 0.18179518529448965
  },
  "layer_1": {
    "task0": 0.5,
    "task1": 0.28412875753615247,
    "task2": 0.2017686243096252
  },
  "layer_10": {
    "task0": 0.5150301446098065,
    "task1": 0.7778468738142418,
    "task2": 0.20163160335595937
  },
  "layer_11": {
    "task0": 0.5194885956406257,
    "task1": 0.7588115013280492,
    "task2": 0.22017159239428308
  },
  "layer_12": {
    "task0": 0.5351511446519668,
    "task1": 0.8115961887094734,
    "task2": 0.23309372233230743
  },
  "layer_13": {
    "task0": 0.5292487035709769,
    "task1": 0.8235064716050424,
    "task2": 0.2302584425987605
  },
  "layer_14": {
    "task0": 0.5353408659724271,
    "task1": 0.7898520173700408,
    "task2": 0.2396496479615498
  },
  "layer_15": {
    "task0": 0.538776929887432,
    "task1": 0.7852881656056326,
    "task2": 0.248703570976854
  },
  "layer_16": {
    "task0": 0.5265082844976601,
    "task1": 0.7940048062734517,
    "task2": 0.25648214511573003
  },
  "layer_17": {
    "task0": 0.5359838104473207,
    "task1": 0.7928875584974071,
    "task2": 0.26339643323917533
  },
  "layer_18": {
    "task0": 0.5352143850921203,
    "task1": 0.7741473080652641,
    "task2": 0.2531198617142375
  },
  "layer_19": {
    "task0": 0.5295543656983852,
    "task1": 0.7604030524052448,
    "task2": 0.2598549685905814
  },
  "layer_2": {
    "task0": 0.49994729963320544,
    "task1": 0.27479025254015765,
    "task2": 0.20917829588093934
  },
  "layer_20": {
    "task0": 0.5232514018297567,
    "task1": 0.776044521269868,
    "task2": 0.26480880306926935
  },
  "layer_21": {
    "task0": 0.5209747459842321,
    "task1": 0.7635966946329946,
    "task2": 0.25789451494582405
  },
  "layer_22": {
    "task0": 0.5256123782621527,
    "task1": 0.7523398962856781,
    "task2": 0.2613621990809056
  },
  "layer_23": {
    "task0": 0.5237257051309077,
    "task1": 0.7425060078418145,
    "task2": 0.2765820650111725
  },
  "layer_24": {
    "task0": 0.5232935621231923,
    "task1": 0.760244951304861,
    "task2": 0.27375732535098446
  },
  "layer_25": {
    "task0": 0.5226927779417345,
    "task1": 0.7530987815675197,
    "task2": 0.26608415194569757
  },
  "layer_26": {
    "task0": 0.5267717863316329,
    "task1": 0.7665689953202074,
    "task2": 0.26958345630085584
  },
  "layer_27": {
    "task0": 0.5193726548336777,
    "task1": 0.7779417344744719,
    "task2": 0.28032379105358574
  },
  "layer_28": {
    "task0": 0.5229351996289894,
    "task1": 0.7689932121927568,
    "task2": 0.273335722416628
  },
  "layer_29": {
    "task0": 0.5275939120536279,
    "task1": 0.7966398246131793,
    "task2": 0.2687824107255786
  },
  "layer_3": {
    "task0": 0.5,
    "task1": 0.46878030271090687,
    "task2": 0.20195834563008558
  },
  "layer_30": {
    "task0": 0.5249378135671824,
    "task1": 0.7870588979299296,
    "task2": 0.2805662127408407
  },
  "layer_31": {
    "task0": 0.5244108098992369,
    "task1": 0.7358657616257009,
    "task2": 0.2849930435515831
  },
  "layer_4": {
    "task0": 0.49992621948648763,
    "task1": 0.34589358741936843,
    "task2": 0.19592942366878874
  },
  "layer_5": {
    "task0": 0.5037838863358489,
    "task1": 0.4499873519119693,
    "task2": 0.19264092078080863
  },
  "layer_6": {
    "task0": 0.5002951220540495,
    "task1": 0.45950503815506555,
    "task2": 0.1902272439816181
  },
  "layer_7": {
    "task0": 0.5045427716176905,
    "task1": 0.5527214469412707,
    "task2": 0.19422193178464522
  },
  "layer_8": {
    "task0": 0.5106349340191407,
    "task1": 0.6641089421982377,
    "task2": 0.19511783802015262
  },
  "layer_9": {
    "task0": 0.5082107171465914,
    "task1": 0.7193916269657237,
    "task2": 0.20311775369956575
  }
}