{
  "layer_0": {
    "task0": 0.5006220489338181,
    "task1": 0.281218370666549,
    "task2": 0.1836939104675603
  },
  "layer_1": {
    "task0": 0.501771255392536,
    "task1": 0.38790485873195,
    "task2": 0.288640772835848
  },
  "layer_10": {
    "task0": 0.7861209522012758,
    "task1": 0.9225603075202822,
    "task2": 0.9692349880732667
  },
  "layer_11": {
    "task0": 0.8136913807567475,
    "task1": 0.9456709695731097,
    "task2": 0.9846385809493612
  },
  "layer_12": {
    "task0": 0.8833818327278583,
    "task1": 0.9472629903299123,
    "task2": 0.9839216434722327
  },
  "layer_13": {
    "task0": 0.9048899296324262,
    "task1": 0.9457447722091687,
    "task2": 0.9867366747616435
  },
  "layer_14": {
    "task0": 0.8986589079081772,
    "task1": 0.9330086033595236,
    "task2": 0.98228745035797
  },
  "layer_15": {
    "task0": 0.8941358810293207,
    "task1": 0.9334830471820998,
    "task2": 0.9828884116350076
  },
  "layer_16": {
    "task0": 0.8905617421776981,
    "task1": 0.9212529537005302,
    "task2": 0.9786922252773433
  },
  "layer_17": {
    "task0": 0.8787744607520007,
    "task1": 0.8902454459474155,
    "task2": 0.973947791475677
  },
  "layer_18": {
    "task0": 0.8725012657653626,
    "task1": 0.8605242078764397,
    "task2": 0.9687500007842716
  },
  "layer_19": {
    "task0": 0.8638769404487572,
    "task1": 0.8301703788128941,
    "task2": 0.9620550782815648
  },
  "layer_2": {
    "task0": 0.5072853408361736,
    "task1": 0.5021613534645513,
    "task2": 0.3527538799724759
  },
  "layer_20": {
    "task0": 0.8547359996760582,
    "task1": 0.7930161947945029,
    "task2": 0.9533253222020209
  },
  "layer_21": {
    "task0": 0.8508771943700136,
    "task1": 0.776621543142477,
    "task2": 0.9534202102425933
  },
  "layer_22": {
    "task0": 0.8376876700584062,
    "task1": 0.7299363202089884,
    "task2": 0.9396191803630387
  },
  "layer_23": {
    "task0": 0.8245192320361311,
    "task1": 0.7003415996729121,
    "task2": 0.9287175288808491
  },
  "layer_3": {
    "task0": 0.5740026150114945,
    "task1": 0.4932523623873026,
    "task2": 0.4339364035288814
  },
  "layer_4": {
    "task0": 0.5671179147987713,
    "task1": 0.6509573223740466,
    "task2": 0.7286711377412202
  },
  "layer_5": {
    "task0": 0.5934969636431912,
    "task1": 0.7453293705034836,
    "task2": 0.818277666342725
  },
  "layer_6": {
    "task0": 0.6275936247486817,
    "task1": 0.8270285096567491,
    "task2": 0.8903825082759625
  },
  "layer_7": {
    "task0": 0.6694711543287825,
    "task1": 0.8575088572606705,
    "task2": 0.9363929679197499
  },
  "layer_8": {
    "task0": 0.674879808315703,
    "task1": 0.8641721497260928,
    "task2": 0.945396847369378
  },
  "layer_9": {
    "task0": 0.6817117920208234,
    "task1": 0.888811572843235,
    "task2": 0.9349380070984605
  }
}