{
  "layer_0": {
    "task0": 0.5000210863697706,
    "task1": 0.09010205802968961,
    "task2": 0.17354082321187583
  },
  "layer_1": {
    "task0": 0.4998734817813765,
    "task1": 0.11550059041835357,
    "task2": 0.11465713562753037
  },
  "layer_10": {
    "task0": 0.5249873481781376,
    "task1": 0.08619053643724696,
    "task2": 0.13906460863697706
  },
  "layer_11": {
    "task0": 0.502688512145749,
    "task1": 0.11651273616734142,
    "task2": 0.1709999156545209
  },
  "layer_12": {
    "task0": 0.5000105431848852,
    "task1": 0.08661226383265858,
    "task2": 0.14467358299595143
  },
  "layer_13": {
    "task0": 0.35718201754385964,
    "task1": 0.08766658232118758,
    "task2": 0.1683430330634278
  },
  "layer_14": {
    "task0": 0.4440894905533063,
    "task1": 0.10620150134952766,
    "task2": 0.07476172402159244
  },
  "layer_15": {
    "task0": 0.48939355600539813,
    "task1": 0.12712972334682862,
    "task2": 0.16007717611336034
  },
  "layer_16": {
    "task0": 0.4971111673414305,
    "task1": 0.11161015519568152,
    "task2": 0.11679740215924427
  },
  "layer_17": {
    "task0": 0.5081182523616734,
    "task1": 0.11789389338731444,
    "task2": 0.12162618083670715
  },
  "layer_18": {
    "task0": 0.5020664642375169,
    "task1": 0.1274565620782726,
    "task2": 0.10290148448043185
  },
  "layer_19": {
    "task0": 0.5108489372469636,
    "task1": 0.1260754048582996,
    "task2": 0.15309758771929824
  },
  "layer_2": {
    "task0": 0.5000210863697706,
    "task1": 0.1253162955465587,
    "task2": 0.11959134615384616
  },
  "layer_20": {
    "task0": 0.47461201079622134,
    "task1": 0.10887947031039136,
    "task2": 0.1544260290148448
  },
  "layer_21": {
    "task0": 0.48710568488529016,
    "task1": 0.125727479757085,
    "task2": 0.1404035931174089
  },
  "layer_22": {
    "task0": 0.4901632085020243,
    "task1": 0.12630735492577597,
    "task2": 0.11599612010796222
  },
  "layer_23": {
    "task0": 0.48227690620782726,
    "task1": 0.12498945681511471,
    "task2": 0.13017670377867746
  },
  "layer_3": {
    "task0": 0.4996204453441296,
    "task1": 0.08611673414304993,
    "task2": 0.18180668016194332
  },
  "layer_4": {
    "task0": 0.49836580634278005,
    "task1": 0.08611673414304993,
    "task2": 0.11959134615384616
  },
  "layer_5": {
    "task0": 0.4913440452091768,
    "task1": 0.1253373819163293,
    "task2": 0.1818277665317139
  },
  "layer_6": {
    "task0": 0.49911437246963564,
    "task1": 0.1253162955465587,
    "task2": 0.1202871963562753
  },
  "layer_7": {
    "task0": 0.5000210863697706,
    "task1": 0.12527412280701755,
    "task2": 0.21924552968960864
  },
  "layer_8": {
    "task0": 0.4983130904183536,
    "task1": 0.08611673414304993,
    "task2": 0.18695175438596492
  },
  "layer_9": {
    "task0": 0.5000210863697706,
    "task1": 0.1119475371120108,
    "task2": 0.12964954453441296
  }
}