{
  "layer_0": {
    "task0": 0.5,
    "task1": 0.11715291538429108,
    "task2": 0.17355284792782158
  },
  "layer_1": {
    "task0": 0.4998945992664109,
    "task1": 0.12532147223744677,
    "task2": 0.07359079219191365
  },
  "layer_10": {
    "task0": 0.49937813567182426,
    "task1": 0.08691344491757663,
    "task2": 0.10188034908722965
  },
  "layer_11": {
    "task0": 0.49868249083013616,
    "task1": 0.1571314136346389,
    "task2": 0.1703908259201484
  },
  "layer_12": {
    "task0": 0.49826088789577977,
    "task1": 0.10708714532653148,
    "task2": 0.1696846410051014
  },
  "layer_13": {
    "task0": 0.5003689025675618,
    "task1": 0.11242042244614023,
    "task2": 0.13546102280871875
  },
  "layer_14": {
    "task0": 0.5004848433745099,
    "task1": 0.10765630928791264,
    "task2": 0.1062123192377419
  },
  "layer_15": {
    "task0": 0.5003899827142797,
    "task1": 0.12068383995952611,
    "task2": 0.14347147856149078
  },
  "layer_16": {
    "task0": 0.5008537459420718,
    "task1": 0.12253889287069437,
    "task2": 0.12896833761962984
  },
  "layer_17": {
    "task0": 0.4983030481892154,
    "task1": 0.09079219191365571,
    "task2": 0.12395126270078839
  },
  "layer_18": {
    "task0": 0.4997048779459505,
    "task1": 0.09156161726885619,
    "task2": 0.12286563514482061
  },
  "layer_19": {
    "task0": 0.5011172477760445,
    "task1": 0.1135903705889793,
    "task2": 0.13377461107129304
  },
  "layer_2": {
    "task0": 0.5,
    "task1": 0.12204350942282559,
    "task2": 0.11958767233019942
  },
  "layer_20": {
    "task0": 0.5000105400733589,
    "task1": 0.10405160419916523,
    "task2": 0.14371390024874572
  },
  "layer_21": {
    "task0": 0.5001054007335891,
    "task1": 0.11601458746152873,
    "task2": 0.12889455710611747
  },
  "layer_22": {
    "task0": 0.5010750874826089,
    "task1": 0.11932417049622665,
    "task2": 0.12122138370083056
  },
  "layer_23": {
    "task0": 0.5000948606602302,
    "task1": 0.11933471056958557,
    "task2": 0.13053880855010752
  },
  "layer_3": {
    "task0": 0.5,
    "task1": 0.08611239934229942,
    "task2": 0.18179518529448965
  },
  "layer_4": {
    "task0": 0.499409755891901,
    "task1": 0.08604915890214596,
    "task2": 0.11958767233019942
  },
  "layer_5": {
    "task0": 0.49975757831274503,
    "task1": 0.12532147223744677,
    "task2": 0.18179518529448965
  },
  "layer_6": {
    "task0": 0.5,
    "task1": 0.12532147223744677,
    "task2": 0.13284708461570893
  },
  "layer_7": {
    "task0": 0.4997786584594629,
    "task1": 0.08611239934229942,
    "task2": 0.11964037269699397
  },
  "layer_8": {
    "task0": 0.4994835364054134,
    "task1": 0.08611239934229942,
    "task2": 0.16854631308233906
  },
  "layer_9": {
    "task0": 0.49913571398456935,
    "task1": 0.15863864412496312,
    "task2": 0.11891310763522914
  }
}