{
  "layer_0": {
    "task0": 0.4979341456216535,
    "task1": 0.16249631097432438,
    "task2": 0.18179518529448965
  },
  "layer_1": {
    "task0": 0.5,
    "task1": 0.16326573632952485,
    "task2": 0.18179518529448965
  },
  "layer_10": {
    "task0": 0.5118470424554155,
    "task1": 0.8159176187866267,
    "task2": 0.43533664994308363
  },
  "layer_11": {
    "task0": 0.5186980901387074,
    "task1": 0.7882288460727687,
    "task2": 0.4313525022134154
  },
  "layer_12": {
    "task0": 0.5091066233820988,
    "task1": 0.6646359458661832,
    "task2": 0.41945275939120535
  },
  "layer_13": {
    "task0": 0.5066718664361904,
    "task1": 0.7070070407690038,
    "task2": 0.4107888190901809
  },
  "layer_14": {
    "task0": 0.5014439900501707,
    "task1": 0.7131097432438129,
    "task2": 0.42380580968843545
  },
  "layer_15": {
    "task0": 0.5072621105442894,
    "task1": 0.7172836122939416,
    "task2": 0.39873097516758715
  },
  "layer_16": {
    "task0": 0.5073675112778785,
    "task1": 0.7464058349846114,
    "task2": 0.3325920148404233
  },
  "layer_17": {
    "task0": 0.49898815295754456,
    "task1": 0.6061490787975884,
    "task2": 0.3079387832539314
  },
  "layer_18": {
    "task0": 0.5001897213204604,
    "task1": 0.5496332054471099,
    "task2": 0.2751169948142839
  },
  "layer_19": {
    "task0": 0.5006429444748935,
    "task1": 0.4754416290737383,
    "task2": 0.2848033222311227
  },
  "layer_2": {
    "task0": 0.5,
    "task1": 0.19033264471520722,
    "task2": 0.18179518529448965
  },
  "layer_20": {
    "task0": 0.5002635018339727,
    "task1": 0.35510561153505626,
    "task2": 0.2888296302542266
  },
  "layer_21": {
    "task0": 0.49984189889961633,
    "task1": 0.34072895147350224,
    "task2": 0.2838020152620262
  },
  "layer_22": {
    "task0": 0.49996837977992326,
    "task1": 0.33510055229984403,
    "task2": 0.27620262237025167
  },
  "layer_23": {
    "task0": 0.5000737805135124,
    "task1": 0.3481175428980986,
    "task2": 0.25892744213499724
  },
  "layer_3": {
    "task0": 0.5,
    "task1": 0.22362873645600573,
    "task2": 0.18189004595471983
  },
  "layer_4": {
    "task0": 0.5,
    "task1": 0.42124457186222014,
    "task2": 0.18340781651840296
  },
  "layer_5": {
    "task0": 0.5027404190733168,
    "task1": 0.566233820987394,
    "task2": 0.20388717905476622
  },
  "layer_6": {
    "task0": 0.5291854631308234,
    "task1": 0.6844512837809351,
    "task2": 0.22196340486529786
  },
  "layer_7": {
    "task0": 0.5219549728066107,
    "task1": 0.750231881613896,
    "task2": 0.23740461233610186
  },
  "layer_8": {
    "task0": 0.5023398962856781,
    "task1": 0.7754542771617691,
    "task2": 0.22086723723597115
  },
  "layer_9": {
    "task0": 0.508368818246975,
    "task1": 0.7417049622665374,
    "task2": 0.38336354821029556
  }
}