{
  "layer_0": {
    "task0": 0.5,
    "task1": 0.2715966103124078,
    "task2": 0.16664909987773516
  },
  "layer_1": {
    "task0": 0.5,
    "task1": 0.3374193684388043,
    "task2": 0.17090728951473502
  },
  "layer_10": {
    "task0": 0.5076415531852102,
    "task1": 0.6948016358193853,
    "task2": 0.13523968126818162
  },
  "layer_11": {
    "task0": 0.5083055778068215,
    "task1": 0.5983178042919178,
    "task2": 0.10315569796365782
  },
  "layer_12": {
    "task0": 0.49417133943252245,
    "task1": 0.5786394873308318,
    "task2": 0.1451578902989165
  },
  "layer_13": {
    "task0": 0.496469075424765,
    "task1": 0.6162886293688604,
    "task2": 0.10350352038450188
  },
  "layer_14": {
    "task0": 0.49694337872591593,
    "task1": 0.6268392428011299,
    "task2": 0.11008052616046207
  },
  "layer_15": {
    "task0": 0.495520468822463,
    "task1": 0.6114507356971205,
    "task2": 0.07784898182891353
  },
  "layer_16": {
    "task0": 0.49748092246722037,
    "task1": 0.6263965597200557,
    "task2": 0.081801509338505
  },
  "layer_17": {
    "task0": 0.49787090518150007,
    "task1": 0.5627766769256713,
    "task2": 0.07641553185210169
  },
  "layer_18": {
    "task0": 0.4982187276023441,
    "task1": 0.4618238542940259,
    "task2": 0.06561195665921835
  },
  "layer_19": {
    "task0": 0.4999051393397698,
    "task1": 0.45473038492347906,
    "task2": 0.06507441291791391
  },
  "layer_2": {
    "task0": 0.4991040937644926,
    "task1": 0.3111640457017581,
    "task2": 0.1516505754880054
  },
  "layer_20": {
    "task0": 0.501180488216198,
    "task1": 0.40805894009022303,
    "task2": 0.06749862979046334
  },
  "layer_21": {
    "task0": 0.499293815084953,
    "task1": 0.3770500442683081,
    "task2": 0.05703233694506514
  },
  "layer_22": {
    "task0": 0.497881445254859,
    "task1": 0.3701568362915806,
    "task2": 0.06369366330789662
  },
  "layer_23": {
    "task0": 0.49739660188034907,
    "task1": 0.38595640625658756,
    "task2": 0.06270289641215902
  },
  "layer_3": {
    "task0": 0.4983030481892154,
    "task1": 0.3149795522576837,
    "task2": 0.14264935283949576
  },
  "layer_4": {
    "task0": 0.5095598465365319,
    "task1": 0.4406383068426156,
    "task2": 0.13882330621021122
  },
  "layer_5": {
    "task0": 0.507188330030777,
    "task1": 0.49467726295375014,
    "task2": 0.10748766811417007
  },
  "layer_6": {
    "task0": 0.5063978245288587,
    "task1": 0.5816434082381213,
    "task2": 0.12387748218727603
  },
  "layer_7": {
    "task0": 0.5117100215017496,
    "task1": 0.5819385302921708,
    "task2": 0.06764619081748809
  },
  "layer_8": {
    "task0": 0.5008853661621485,
    "task1": 0.5644209283696614,
    "task2": 0.07364349255870821
  },
  "layer_9": {
    "task0": 0.5019499135713985,
    "task1": 0.5625342552384165,
    "task2": 0.0895695434040221
  }
}