{
  "layer_0": {
    "task0": 0.5000210863697706,
    "task1": 0.11456224696356275,
    "task2": 0.17354082321187583
  },
  "layer_1": {
    "task0": 0.4999789136302294,
    "task1": 0.08611673414304993,
    "task2": 0.17096828609986506
  },
  "layer_10": {
    "task0": 0.49996837044534415,
    "task1": 0.1648005229419703,
    "task2": 0.0704073886639676
  },
  "layer_11": {
    "task0": 0.4983130904183536,
    "task1": 0.109375,
    "task2": 0.2197199730094467
  },
  "layer_12": {
    "task0": 0.5032262145748988,
    "task1": 0.09188385627530364,
    "task2": 0.13578567813765183
  },
  "layer_13": {
    "task0": 0.4260501012145749,
    "task1": 0.12870065789473684,
    "task2": 0.13369812753036436
  },
  "layer_14": {
    "task0": 0.45538124156545207,
    "task1": 0.10293311403508772,
    "task2": 0.09820976720647773
  },
  "layer_15": {
    "task0": 0.4880545715249663,
    "task1": 0.1274565620782726,
    "task2": 0.12096196018893388
  },
  "layer_16": {
    "task0": 0.4021908738191633,
    "task1": 0.14633940620782726,
    "task2": 0.0925797064777328
  },
  "layer_17": {
    "task0": 0.4735682354925776,
    "task1": 0.12474696356275304,
    "task2": 0.12079326923076923
  },
  "layer_18": {
    "task0": 0.480959008097166,
    "task1": 0.1344150641025641,
    "task2": 0.10812036099865047
  },
  "layer_19": {
    "task0": 0.48144399460188936,
    "task1": 0.12318657219973009,
    "task2": 0.12742493252361672
  },
  "layer_2": {
    "task0": 0.5000210863697706,
    "task1": 0.08723431174089069,
    "task2": 0.11959134615384616
  },
  "layer_20": {
    "task0": 0.4702576754385965,
    "task1": 0.12571693657219973,
    "task2": 0.15030364372469635
  },
  "layer_21": {
    "task0": 0.4794829622132254,
    "task1": 0.11951754385964912,
    "task2": 0.14015055668016194
  },
  "layer_22": {
    "task0": 0.4923983636977058,
    "task1": 0.11674468623481782,
    "task2": 0.11729293184885291
  },
  "layer_23": {
    "task0": 0.4883286943319838,
    "task1": 0.12786774628879893,
    "task2": 0.12762525303643724
  },
  "layer_3": {
    "task0": 0.49995782726045884,
    "task1": 0.08611673414304993,
    "task2": 0.1754069669365722
  },
  "layer_4": {
    "task0": 0.5000210863697706,
    "task1": 0.08611673414304993,
    "task2": 0.11897984143049932
  },
  "layer_5": {
    "task0": 0.5000210863697706,
    "task1": 0.08617999325236167,
    "task2": 0.11941211201079623
  },
  "layer_6": {
    "task0": 0.5000210863697706,
    "task1": 0.09029183535762483,
    "task2": 0.11962297570850203
  },
  "layer_7": {
    "task0": 0.5000210863697706,
    "task1": 0.12236420377867746,
    "task2": 0.11903255735492578
  },
  "layer_8": {
    "task0": 0.5026779689608637,
    "task1": 0.12582236842105263,
    "task2": 0.1523911943319838
  },
  "layer_9": {
    "task0": 0.5001792341430499,
    "task1": 0.08621162280701754,
    "task2": 0.09184168353576248
  }
}