{
  "layer_0": {
    "task0": 0.4999789136302294,
    "task1": 0.1253162955465587,
    "task2": 0.17354082321187583
  },
  "layer_1": {
    "task0": 0.5000210863697706,
    "task1": 0.1253162955465587,
    "task2": 0.1818277665317139
  },
  "layer_10": {
    "task0": 0.4987664473684211,
    "task1": 0.15405701754385964,
    "task2": 0.18186993927125505
  },
  "layer_11": {
    "task0": 0.4984606950067476,
    "task1": 0.11962297570850203,
    "task2": 0.15494264507422403
  },
  "layer_12": {
    "task0": 0.499926197705803,
    "task1": 0.12505271592442646,
    "task2": 0.13141025641025642
  },
  "layer_13": {
    "task0": 0.4799257759784076,
    "task1": 0.1157957995951417,
    "task2": 0.14903846153846154
  },
  "layer_14": {
    "task0": 0.4936951754385965,
    "task1": 0.15365637651821862,
    "task2": 0.10127783400809717
  },
  "layer_15": {
    "task0": 0.5,
    "task1": 0.14114161605937922,
    "task2": 0.1724021592442645
  },
  "layer_16": {
    "task0": 0.483394483805668,
    "task1": 0.11132548920377867,
    "task2": 0.15407810391363022
  },
  "layer_17": {
    "task0": 0.4993357793522267,
    "task1": 0.08376560391363023,
    "task2": 0.18319838056680163
  },
  "layer_18": {
    "task0": 0.5002424932523617,
    "task1": 0.12088815789473684,
    "task2": 0.1592337213225371
  },
  "layer_19": {
    "task0": 0.5009910593792173,
    "task1": 0.13594382591093118,
    "task2": 0.175290991902834
  },
  "layer_2": {
    "task0": 0.5000210863697706,
    "task1": 0.08611673414304993,
    "task2": 0.19495403171390013
  },
  "layer_20": {
    "task0": 0.494475371120108,
    "task1": 0.09932734480431848,
    "task2": 0.12231148785425101
  },
  "layer_21": {
    "task0": 0.49105937921727394,
    "task1": 0.11094593454790823,
    "task2": 0.13868505398110662
  },
  "layer_22": {
    "task0": 0.5024143893387314,
    "task1": 0.08885796221322537,
    "task2": 0.1716430499325236
  },
  "layer_23": {
    "task0": 0.4999894568151147,
    "task1": 0.13164220647773278,
    "task2": 0.180414979757085
  },
  "layer_24": {
    "task0": 0.4979546221322537,
    "task1": 0.12391405195681511,
    "task2": 0.1239245951417004
  },
  "layer_25": {
    "task0": 0.499926197705803,
    "task1": 0.11527918353576248,
    "task2": 0.184084008097166
  },
  "layer_26": {
    "task0": 0.4954980600539811,
    "task1": 0.10891109986504724,
    "task2": 0.16784750337381915
  },
  "layer_27": {
    "task0": 0.49996837044534415,
    "task1": 0.13728281039136303,
    "task2": 0.12586454116059378
  },
  "layer_28": {
    "task0": 0.5004322705802969,
    "task1": 0.10865806342780027,
    "task2": 0.1638621794871795
  },
  "layer_29": {
    "task0": 0.49875590418353577,
    "task1": 0.1243674089068826,
    "task2": 0.13157894736842105
  },
  "layer_3": {
    "task0": 0.49994728407557354,
    "task1": 0.1253162955465587,
    "task2": 0.11959134615384616
  },
  "layer_30": {
    "task0": 0.4887504217273954,
    "task1": 0.13681891025641027,
    "task2": 0.14144736842105263
  },
  "layer_31": {
    "task0": 0.4999789136302294,
    "task1": 0.09525767543859649,
    "task2": 0.09636470985155196
  },
  "layer_4": {
    "task0": 0.5,
    "task1": 0.1253057523616734,
    "task2": 0.18253415991902833
  },
  "layer_5": {
    "task0": 0.5000210863697706,
    "task1": 0.12529520917678813,
    "task2": 0.11959134615384616
  },
  "layer_6": {
    "task0": 0.4999789136302294,
    "task1": 0.13853744939271256,
    "task2": 0.20393682523616735
  },
  "layer_7": {
    "task0": 0.49951501349527666,
    "task1": 0.18165907557354927,
    "task2": 0.14106781376518218
  },
  "layer_8": {
    "task0": 0.4999789136302294,
    "task1": 0.15997174426450742,
    "task2": 0.1735935391363023
  },
  "layer_9": {
    "task0": 0.4941907051282051,
    "task1": 0.13202176113360323,
    "task2": 0.10257464574898785
  }
}