{
  "layer_0": {
    "task0": 0.5000210863697706,
    "task1": 0.21627235155195682,
    "task2": 0.1818277665317139
  },
  "layer_1": {
    "task0": 0.4999789136302294,
    "task1": 0.26175565114709853,
    "task2": 0.2172528677462888
  },
  "layer_10": {
    "task0": 0.5002319500674763,
    "task1": 0.20775345816464239,
    "task2": 0.18251307354925775
  },
  "layer_11": {
    "task0": 0.5003057523616734,
    "task1": 0.2630840924426451,
    "task2": 0.212645495951417
  },
  "layer_12": {
    "task0": 0.5002741228070176,
    "task1": 0.23827597840755735,
    "task2": 0.22140688259109312
  },
  "layer_13": {
    "task0": 0.5139697199730094,
    "task1": 0.18453736504723348,
    "task2": 0.31605305330634276
  },
  "layer_14": {
    "task0": 0.6157641700404858,
    "task1": 0.17750506072874495,
    "task2": 0.23314144736842105
  },
  "layer_15": {
    "task0": 0.5238065114709851,
    "task1": 0.2916666666666667,
    "task2": 0.3527327935222672
  },
  "layer_16": {
    "task0": 0.5481296390013495,
    "task1": 0.27499789136302294,
    "task2": 0.4680014338731444
  },
  "layer_17": {
    "task0": 0.6181363866396761,
    "task1": 0.18810096153846154,
    "task2": 0.41348262483130904
  },
  "layer_18": {
    "task0": 0.6316949224021593,
    "task1": 0.2267628205128205,
    "task2": 0.470057354925776
  },
  "layer_19": {
    "task0": 0.6227226720647774,
    "task1": 0.2384341261808367,
    "task2": 0.40534328609986503
  },
  "layer_2": {
    "task0": 0.5000210863697706,
    "task1": 0.166824814439946,
    "task2": 0.1818277665317139
  },
  "layer_20": {
    "task0": 0.6422697368421053,
    "task1": 0.18102648448043185,
    "task2": 0.3632865215924426
  },
  "layer_21": {
    "task0": 0.6092168522267206,
    "task1": 0.2168205971659919,
    "task2": 0.40867493252361675
  },
  "layer_22": {
    "task0": 0.6207616396761133,
    "task1": 0.1802146592442645,
    "task2": 0.5067265519568152
  },
  "layer_23": {
    "task0": 0.6114625506072875,
    "task1": 0.25340544871794873,
    "task2": 0.5167952935222672
  },
  "layer_24": {
    "task0": 0.6338879048582996,
    "task1": 0.23934084008097167,
    "task2": 0.5401273616734144
  },
  "layer_25": {
    "task0": 0.6134024966261808,
    "task1": 0.23439608636977058,
    "task2": 0.5231950067476383
  },
  "layer_26": {
    "task0": 0.5966388326585695,
    "task1": 0.2512757253711201,
    "task2": 0.4958670715249663
  },
  "layer_27": {
    "task0": 0.6151421221322537,
    "task1": 0.31535720310391363,
    "task2": 0.3940726214574899
  },
  "layer_28": {
    "task0": 0.5390097840755735,
    "task1": 0.305741818488529,
    "task2": 0.4240890688259109
  },
  "layer_29": {
    "task0": 0.5209176788124157,
    "task1": 0.3298646255060729,
    "task2": 0.46203399122807015
  },
  "layer_3": {
    "task0": 0.4999789136302294,
    "task1": 0.17109480431848853,
    "task2": 0.17354082321187583
  },
  "layer_30": {
    "task0": 0.5339174257759784,
    "task1": 0.3360851045883941,
    "task2": 0.4642269736842105
  },
  "layer_31": {
    "task0": 0.5493210188933874,
    "task1": 0.2949350539811066,
    "task2": 0.4757928475033738
  },
  "layer_4": {
    "task0": 0.4999789136302294,
    "task1": 0.1668459008097166,
    "task2": 0.17354082321187583
  },
  "layer_5": {
    "task0": 0.5158042341430499,
    "task1": 0.23669450067476383,
    "task2": 0.17354082321187583
  },
  "layer_6": {
    "task0": 0.4999789136302294,
    "task1": 0.258793016194332,
    "task2": 0.1735619095816464
  },
  "layer_7": {
    "task0": 0.5152349021592443,
    "task1": 0.27094930836707154,
    "task2": 0.14620234480431848
  },
  "layer_8": {
    "task0": 0.5405490890688259,
    "task1": 0.21958291160593793,
    "task2": 0.20062626518218624
  },
  "layer_9": {
    "task0": 0.5131368083670715,
    "task1": 0.29575742240215924,
    "task2": 0.21555541497975708
  }
}