{
  "layer_0": {
    "task0": 0.5008642860154306,
    "task1": 0.08614401956237615,
    "task2": 0.18179518529448965
  },
  "layer_1": {
    "task0": 0.5,
    "task1": 0.08612293941565834,
    "task2": 0.18179518529448965
  },
  "layer_10": {
    "task0": 0.5170538386947173,
    "task1": 0.5027298789999578,
    "task2": 0.3861672077237658
  },
  "layer_11": {
    "task0": 0.5406425228719592,
    "task1": 0.6262911589864666,
    "task2": 0.4712150596568152
  },
  "layer_12": {
    "task0": 0.7557970403474008,
    "task1": 0.5025823179729331,
    "task2": 0.5512036763775876
  },
  "layer_13": {
    "task0": 0.7770669083856824,
    "task1": 0.5505607319026941,
    "task2": 0.5455858172772883
  },
  "layer_14": {
    "task0": 0.5413908680804418,
    "task1": 0.6037459420717568,
    "task2": 0.5532379105358574
  },
  "layer_15": {
    "task0": 0.7067224587883132,
    "task1": 0.6252160715038577,
    "task2": 0.6249947299633205
  },
  "layer_16": {
    "task0": 0.6745119946034824,
    "task1": 0.6050950714616974,
    "task2": 0.5341392976095114
  },
  "layer_17": {
    "task0": 0.5629347780260551,
    "task1": 0.47573675112778785,
    "task2": 0.4564378768076226
  },
  "layer_18": {
    "task0": 0.6222016105232092,
    "task1": 0.508948522281715,
    "task2": 0.41424596315190354
  },
  "layer_19": {
    "task0": 0.5204582823896454,
    "task1": 0.37371938108689234,
    "task2": 0.4885429402588642
  },
  "layer_2": {
    "task0": 0.5,
    "task1": 0.09015978751212109,
    "task2": 0.18179518529448965
  },
  "layer_20": {
    "task0": 0.5032147223744677,
    "task1": 0.3553269530755934,
    "task2": 0.45063029638686286
  },
  "layer_21": {
    "task0": 0.5007799654285594,
    "task1": 0.3558961170369746,
    "task2": 0.42873856402040555
  },
  "layer_22": {
    "task0": 0.5505080315358994,
    "task1": 0.3324760740334753,
    "task2": 0.4061511868122602
  },
  "layer_23": {
    "task0": 0.5,
    "task1": 0.33414140562418315,
    "task2": 0.3798326236350605
  },
  "layer_3": {
    "task0": 0.5,
    "task1": 0.08771449049285383,
    "task2": 0.18179518529448965
  },
  "layer_4": {
    "task0": 0.5,
    "task1": 0.09882372781314558,
    "task2": 0.18185842573464311
  },
  "layer_5": {
    "task0": 0.5001686411737426,
    "task1": 0.14701294321008473,
    "task2": 0.18279649226358616
  },
  "layer_6": {
    "task0": 0.5,
    "task1": 0.25879042118133144,
    "task2": 0.19025886420169486
  },
  "layer_7": {
    "task0": 0.5051540958725073,
    "task1": 0.3199228466630128,
    "task2": 0.15895484632573043
  },
  "layer_8": {
    "task0": 0.4672098317804292,
    "task1": 0.36959821240355833,
    "task2": 0.1952864791938952
  },
  "layer_9": {
    "task0": 0.47702264007757494,
    "task1": 0.22329145410852058,
    "task2": 0.34359585142712595
  }
}