{
  "layer_0": {
    "task0": 0.5006956441462294,
    "task1": 0.27695096722252377,
    "task2": 0.18179518519224402
  },
  "layer_1": {
    "task0": 0.4972806611864838,
    "task1": 0.4656288203226911,
    "task2": 0.19421139142795127
  },
  "layer_10": {
    "task0": 0.5094544450606804,
    "task1": 0.8882541414107614,
    "task2": 0.47206880518267974
  },
  "layer_11": {
    "task0": 0.5120156835657061,
    "task1": 0.9191260164266463,
    "task2": 0.49226358575028895
  },
  "layer_12": {
    "task0": 0.5233357223274183,
    "task1": 0.9089232248209083,
    "task2": 0.501939372580813
  },
  "layer_13": {
    "task0": 0.5235676038734647,
    "task1": 0.907574096149043,
    "task2": 0.5038892868853645
  },
  "layer_14": {
    "task0": 0.5193199547382816,
    "task1": 0.8956321928901594,
    "task2": 0.49123065928672976
  },
  "layer_15": {
    "task0": 0.5150828447290755,
    "task1": 0.8909840210201095,
    "task2": 0.486498165432923
  },
  "layer_16": {
    "task0": 0.5120683833984989,
    "task1": 0.8794637206352713,
    "task2": 0.47906741387634805
  },
  "layer_17": {
    "task0": 0.5088009605711681,
    "task1": 0.8451347014898143,
    "task2": 0.4581242882149095
  },
  "layer_18": {
    "task0": 0.5075466919199874,
    "task1": 0.8162654405025884,
    "task2": 0.44412707052884604
  },
  "layer_19": {
    "task0": 0.5068194273771466,
    "task1": 0.7772882492653138,
    "task2": 0.43044605567869776
  },
  "layer_2": {
    "task0": 0.49894599271688084,
    "task1": 0.5340549767644346,
    "task2": 0.19308360385010342
  },
  "layer_20": {
    "task0": 0.5027931185756568,
    "task1": 0.7402925918798251,
    "task2": 0.41498376774894197
  },
  "layer_21": {
    "task0": 0.5018339721761063,
    "task1": 0.7153231584864708,
    "task2": 0.4041485725291649
  },
  "layer_22": {
    "task0": 0.5011910273949469,
    "task1": 0.6651418689112071,
    "task2": 0.3875479571126435
  },
  "layer_23": {
    "task0": 0.504237109206633,
    "task1": 0.641648045588949,
    "task2": 0.37594333601874186
  },
  "layer_3": {
    "task0": 0.5055862382768006,
    "task1": 0.5668978446597388,
    "task2": 0.20105189900317413
  },
  "layer_4": {
    "task0": 0.501749651957382,
    "task1": 0.6778215771437576,
    "task2": 0.21642986618758575
  },
  "layer_5": {
    "task0": 0.513659933712386,
    "task1": 0.7464374545092295,
    "task2": 0.20854589149919417
  },
  "layer_6": {
    "task0": 0.5089485211728763,
    "task1": 0.8177199711902753,
    "task2": 0.22591593212909145
  },
  "layer_7": {
    "task0": 0.5155255270333343,
    "task1": 0.8407921910215588,
    "task2": 0.23579198079697045
  },
  "layer_8": {
    "task0": 0.5063029636694774,
    "task1": 0.8435115297339287,
    "task2": 0.2439289173862299
  },
  "layer_9": {
    "task0": 0.5053859769976347,
    "task1": 0.8618828778020587,
    "task2": 0.4191681771168138
  }
}