{
  "layer_0": {
    "task0": 0.4999789136302294,
    "task1": 0.11302294197031039,
    "task2": 0.17750506072874495
  },
  "layer_1": {
    "task0": 0.4999789136302294,
    "task1": 0.09587972334682861,
    "task2": 0.1818277665317139
  },
  "layer_10": {
    "task0": 0.5932439271255061,
    "task1": 0.5286247469635628,
    "task2": 0.3586053475033738
  },
  "layer_11": {
    "task0": 0.6089849021592443,
    "task1": 0.4963415148448043,
    "task2": 0.3170124831309042
  },
  "layer_12": {
    "task0": 0.37517923414304993,
    "task1": 0.5501855600539811,
    "task2": 0.4157388663967611
  },
  "layer_13": {
    "task0": 0.28052252024291496,
    "task1": 0.5709134615384616,
    "task2": 0.3181511470985155
  },
  "layer_14": {
    "task0": 0.40075700067476383,
    "task1": 0.4825404858299595,
    "task2": 0.3099274628879892
  },
  "layer_15": {
    "task0": 0.4074624662618084,
    "task1": 0.4738950742240216,
    "task2": 0.30028044871794873
  },
  "layer_16": {
    "task0": 0.3853534075573549,
    "task1": 0.3330908400809717,
    "task2": 0.2638853744939271
  },
  "layer_17": {
    "task0": 0.4024860829959514,
    "task1": 0.32456140350877194,
    "task2": 0.2607962213225371
  },
  "layer_18": {
    "task0": 0.44854925775978405,
    "task1": 0.2980242071524966,
    "task2": 0.2614709851551957
  },
  "layer_19": {
    "task0": 0.4231085526315789,
    "task1": 0.26993716261808365,
    "task2": 0.2595837550607287
  },
  "layer_2": {
    "task0": 0.5000210863697706,
    "task1": 0.12384024966261808,
    "task2": 0.18221786437246965
  },
  "layer_20": {
    "task0": 0.4515962381916329,
    "task1": 0.2498840249662618,
    "task2": 0.23900345816464239
  },
  "layer_21": {
    "task0": 0.46396339406207826,
    "task1": 0.2312647604588394,
    "task2": 0.1973367914979757
  },
  "layer_22": {
    "task0": 0.46058957489878544,
    "task1": 0.21057903171390013,
    "task2": 0.1771149628879892
  },
  "layer_23": {
    "task0": 0.47114330296896084,
    "task1": 0.22133308029689608,
    "task2": 0.17076796558704455
  },
  "layer_3": {
    "task0": 0.5000210863697706,
    "task1": 0.1284054487179487,
    "task2": 0.17906545209176788
  },
  "layer_4": {
    "task0": 0.5000210863697706,
    "task1": 0.26257801956815113,
    "task2": 0.161700826585695
  },
  "layer_5": {
    "task0": 0.5183240553306343,
    "task1": 0.3880313765182186,
    "task2": 0.13803137651821862
  },
  "layer_6": {
    "task0": 0.5348346828609987,
    "task1": 0.4043522267206478,
    "task2": 0.14388284412955465
  },
  "layer_7": {
    "task0": 0.5057354925775979,
    "task1": 0.4899101720647773,
    "task2": 0.07454031713900135
  },
  "layer_8": {
    "task0": 0.5099105937921727,
    "task1": 0.3996605094466937,
    "task2": 0.07975919365721998
  },
  "layer_9": {
    "task0": 0.5140329790823212,
    "task1": 0.4079474527665317,
    "task2": 0.26407515182186236
  }
}