{
  "layer_0": {
    "task0": 0.5,
    "task1": 0.11616214848855348,
    "task2": 0.17355284792782158
  },
  "layer_1": {
    "task0": 0.5,
    "task1": 0.08611239934229942,
    "task2": 0.09708461570892533
  },
  "layer_10": {
    "task0": 0.5000105400733589,
    "task1": 0.1667018002445297,
    "task2": 0.11330578860828872
  },
  "layer_11": {
    "task0": 0.49893545259075,
    "task1": 0.10941650153885071,
    "task2": 0.16196930730637885
  },
  "layer_12": {
    "task0": 0.49876681141700746,
    "task1": 0.1280618913107635,
    "task2": 0.15068088873898564
  },
  "layer_13": {
    "task0": 0.4988089717104431,
    "task1": 0.12374046123361018,
    "task2": 0.14016189552679287
  },
  "layer_14": {
    "task0": 0.49892491251739113,
    "task1": 0.10057337999072473,
    "task2": 0.12212783000969686
  },
  "layer_15": {
    "task0": 0.4998945992664109,
    "task1": 0.1346283570133648,
    "task2": 0.1330157257894515
  },
  "layer_16": {
    "task0": 0.499884059193052,
    "task1": 0.1483726126733842,
    "task2": 0.10824655339601164
  },
  "layer_17": {
    "task0": 0.5011067077026856,
    "task1": 0.11998819511783802,
    "task2": 0.13338462835701337
  },
  "layer_18": {
    "task0": 0.5004216029343564,
    "task1": 0.1300539651755976,
    "task2": 0.11728993633795691
  },
  "layer_19": {
    "task0": 0.5009275264555841,
    "task1": 0.12128462414098402,
    "task2": 0.11820692272018213
  },
  "layer_2": {
    "task0": 0.5,
    "task1": 0.10684472363927652,
    "task2": 0.11958767233019942
  },
  "layer_20": {
    "task0": 0.500126480880307,
    "task1": 0.12595387663898142,
    "task2": 0.14583245499388675
  },
  "layer_21": {
    "task0": 0.500695644841688,
    "task1": 0.1220540494961845,
    "task2": 0.12757704793625363
  },
  "layer_22": {
    "task0": 0.49864033053670054,
    "task1": 0.12273915426451368,
    "task2": 0.12481554871621907
  },
  "layer_23": {
    "task0": 0.5008326657953539,
    "task1": 0.12820945233778827,
    "task2": 0.1278510898435853
  },
  "layer_3": {
    "task0": 0.5000632404401535,
    "task1": 0.08611239934229942,
    "task2": 0.18232218896243518
  },
  "layer_4": {
    "task0": 0.5,
    "task1": 0.08611239934229942,
    "task2": 0.1194717315232514
  },
  "layer_5": {
    "task0": 0.5,
    "task1": 0.11381171212951642,
    "task2": 0.11940849108309794
  },
  "layer_6": {
    "task0": 0.5,
    "task1": 0.09022302795227455,
    "task2": 0.12024115687845187
  },
  "layer_7": {
    "task0": 0.5,
    "task1": 0.12459420717568194,
    "task2": 0.1225494329440533
  },
  "layer_8": {
    "task0": 0.5001054007335891,
    "task1": 0.12137948480121422,
    "task2": 0.16742906530629453
  },
  "layer_9": {
    "task0": 0.5000421602934356,
    "task1": 0.08652346220329693,
    "task2": 0.13956111134533497
  }
}