{
  "layer_0": {
    "task0": 0.4999789136302294,
    "task1": 0.08611673414304993,
    "task2": 0.1818277665317139
  },
  "layer_1": {
    "task0": 0.5000210863697706,
    "task1": 0.1178200910931174,
    "task2": 0.1818277665317139
  },
  "layer_10": {
    "task0": 0.49996837044534415,
    "task1": 0.11342358299595141,
    "task2": 0.1593602395411606
  },
  "layer_11": {
    "task0": 0.4956140350877193,
    "task1": 0.1178306342780027,
    "task2": 0.16894399460188933
  },
  "layer_12": {
    "task0": 0.4999894568151147,
    "task1": 0.1183683367071525,
    "task2": 0.18146929824561403
  },
  "layer_13": {
    "task0": 0.4823507085020243,
    "task1": 0.11541624493927126,
    "task2": 0.17117914979757085
  },
  "layer_14": {
    "task0": 0.46793817476383265,
    "task1": 0.1419218117408907,
    "task2": 0.18867029352226722
  },
  "layer_15": {
    "task0": 0.4980705971659919,
    "task1": 0.136228491902834,
    "task2": 0.12582236842105263
  },
  "layer_16": {
    "task0": 0.4944015688259109,
    "task1": 0.1049890350877193,
    "task2": 0.09809379217273954
  },
  "layer_17": {
    "task0": 0.5002741228070176,
    "task1": 0.11503669028340081,
    "task2": 0.15569121120107962
  },
  "layer_18": {
    "task0": 0.49996837044534415,
    "task1": 0.11517375168690958,
    "task2": 0.155596322537112
  },
  "layer_19": {
    "task0": 0.49791244939271256,
    "task1": 0.12463098852901484,
    "task2": 0.12013959176788123
  },
  "layer_2": {
    "task0": 0.4999789136302294,
    "task1": 0.08611673414304993,
    "task2": 0.1818277665317139
  },
  "layer_20": {
    "task0": 0.46302505060728744,
    "task1": 0.08816211201079623,
    "task2": 0.20041540148448042
  },
  "layer_21": {
    "task0": 0.488771508097166,
    "task1": 0.11779900472334683,
    "task2": 0.07750295209176788
  },
  "layer_22": {
    "task0": 0.4895833333333333,
    "task1": 0.10276442307692307,
    "task2": 0.17378331646423753
  },
  "layer_23": {
    "task0": 0.5000843454790823,
    "task1": 0.13299173414304993,
    "task2": 0.13290738866396762
  },
  "layer_24": {
    "task0": 0.4999894568151147,
    "task1": 0.12004470310391363,
    "task2": 0.1654542004048583
  },
  "layer_25": {
    "task0": 0.4942117914979757,
    "task1": 0.1285214237516869,
    "task2": 0.13103070175438597
  },
  "layer_26": {
    "task0": 0.49950447031039136,
    "task1": 0.10640182186234817,
    "task2": 0.10906924763832658
  },
  "layer_27": {
    "task0": 0.49981022267206476,
    "task1": 0.14566464237516868,
    "task2": 0.08302758097165992
  },
  "layer_28": {
    "task0": 0.49480220985155193,
    "task1": 0.14389338731443996,
    "task2": 0.08896339406207827
  },
  "layer_29": {
    "task0": 0.4942434210526316,
    "task1": 0.1373249831309042,
    "task2": 0.1632085020242915
  },
  "layer_3": {
    "task0": 0.5000210863697706,
    "task1": 0.1253162955465587,
    "task2": 0.11959134615384616
  },
  "layer_30": {
    "task0": 0.4975223515519568,
    "task1": 0.13849527665317138,
    "task2": 0.12933324898785425
  },
  "layer_31": {
    "task0": 0.49298878205128205,
    "task1": 0.10912196356275304,
    "task2": 0.14014001349527666
  },
  "layer_4": {
    "task0": 0.4999789136302294,
    "task1": 0.08611673414304993,
    "task2": 0.1818277665317139
  },
  "layer_5": {
    "task0": 0.5000210863697706,
    "task1": 0.1178200910931174,
    "task2": 0.1821440620782726
  },
  "layer_6": {
    "task0": 0.5000210863697706,
    "task1": 0.12160509446693657,
    "task2": 0.17579706477732793
  },
  "layer_7": {
    "task0": 0.5000210863697706,
    "task1": 0.1253162955465587,
    "task2": 0.07360197368421052
  },
  "layer_8": {
    "task0": 0.50490258097166,
    "task1": 0.1253162955465587,
    "task2": 0.11954917341430499
  },
  "layer_9": {
    "task0": 0.502140266531714,
    "task1": 0.12162618083670715,
    "task2": 0.19223389001349528
  }
}