{
  "layer_0": {
    "task0": 0.5,
    "task1": 0.11525570217968717,
    "task2": 0.17355284792782158
  },
  "layer_1": {
    "task0": 0.5000210801467179,
    "task1": 0.12532147223744677,
    "task2": 0.07359079219191365
  },
  "layer_10": {
    "task0": 0.5040157679497449,
    "task1": 0.08613347948901724,
    "task2": 0.11688941355031832
  },
  "layer_11": {
    "task0": 0.5015283106370421,
    "task1": 0.13229900080104556,
    "task2": 0.15313672583161178
  },
  "layer_12": {
    "task0": 0.496342594544458,
    "task1": 0.11726885619123908,
    "task2": 0.14605379653442388
  },
  "layer_13": {
    "task0": 0.5021817951852945,
    "task1": 0.10145874615287323,
    "task2": 0.15466503646865382
  },
  "layer_14": {
    "task0": 0.49998945992664107,
    "task1": 0.1116931573843754,
    "task2": 0.10731902694042751
  },
  "layer_15": {
    "task0": 0.5014334499768118,
    "task1": 0.13236224124119905,
    "task2": 0.14063619882794384
  },
  "layer_16": {
    "task0": 0.504953834478688,
    "task1": 0.1232556178591003,
    "task2": 0.10186980901387073
  },
  "layer_17": {
    "task0": 0.5005797040347401,
    "task1": 0.10767738943463047,
    "task2": 0.1387179054766221
  },
  "layer_18": {
    "task0": 0.5025612378262153,
    "task1": 0.09029680846578692,
    "task2": 0.11513976137273915
  },
  "layer_19": {
    "task0": 0.5032358025211855,
    "task1": 0.1054112736624647,
    "task2": 0.12045195834563009
  },
  "layer_2": {
    "task0": 0.5,
    "task1": 0.12526877187065222,
    "task2": 0.11958767233019942
  },
  "layer_20": {
    "task0": 0.5006534845482524,
    "task1": 0.12050465871242463,
    "task2": 0.1465808002023694
  },
  "layer_21": {
    "task0": 0.49974703823938615,
    "task1": 0.12128462414098402,
    "task2": 0.12497364981660272
  },
  "layer_22": {
    "task0": 0.497754964374552,
    "task1": 0.11191449892491252,
    "task2": 0.15509717947636917
  },
  "layer_23": {
    "task0": 0.499061933471057,
    "task1": 0.11586702643450399,
    "task2": 0.16697584215186137
  },
  "layer_3": {
    "task0": 0.5,
    "task1": 0.08611239934229942,
    "task2": 0.18179518529448965
  },
  "layer_4": {
    "task0": 0.49984189889961633,
    "task1": 0.08611239934229942,
    "task2": 0.11958767233019942
  },
  "layer_5": {
    "task0": 0.49954677684556686,
    "task1": 0.12532147223744677,
    "task2": 0.18179518529448965
  },
  "layer_6": {
    "task0": 0.5,
    "task1": 0.12532147223744677,
    "task2": 0.11931363042286774
  },
  "layer_7": {
    "task0": 0.49898815295754456,
    "task1": 0.08611239934229942,
    "task2": 0.11958767233019942
  },
  "layer_8": {
    "task0": 0.5019077532779628,
    "task1": 0.08611239934229942,
    "task2": 0.15331590707871326
  },
  "layer_9": {
    "task0": 0.5021501749652177,
    "task1": 0.16522618997428223,
    "task2": 0.11951389181668705
  }
}