{
  "layer_0": {
    "task0": 0.4999789136302294,
    "task1": 0.10778297908232119,
    "task2": 0.17536479419703105
  },
  "layer_1": {
    "task0": 0.4999789136302294,
    "task1": 0.10640182186234817,
    "task2": 0.14688765182186234
  },
  "layer_10": {
    "task0": 0.6651906207827261,
    "task1": 0.6236504723346828,
    "task2": 0.8037491565452092
  },
  "layer_11": {
    "task0": 0.7809547908232118,
    "task1": 0.6621858130904184,
    "task2": 0.8943467442645074
  },
  "layer_12": {
    "task0": 0.9209050269905533,
    "task1": 0.6650851889338731,
    "task2": 0.9263663967611336
  },
  "layer_13": {
    "task0": 0.9473262483130904,
    "task1": 0.7861736673414305,
    "task2": 0.9538946524966262
  },
  "layer_14": {
    "task0": 0.9454284750337382,
    "task1": 0.7746183367071525,
    "task2": 0.9293922908232118
  },
  "layer_15": {
    "task0": 0.9413271761133604,
    "task1": 0.8138073549257759,
    "task2": 0.9508160425101214
  },
  "layer_16": {
    "task0": 0.9361293859649122,
    "task1": 0.8016405195681512,
    "task2": 0.9549595141700404
  },
  "layer_17": {
    "task0": 0.9299510796221323,
    "task1": 0.776958923751687,
    "task2": 0.9434041835357625
  },
  "layer_18": {
    "task0": 0.9282325404858299,
    "task1": 0.7399207152496626,
    "task2": 0.9330929487179487
  },
  "layer_19": {
    "task0": 0.9243842780026991,
    "task1": 0.7172317813765182,
    "task2": 0.9289705634278003
  },
  "layer_2": {
    "task0": 0.4999789136302294,
    "task1": 0.12281756072874495,
    "task2": 0.14119433198380565
  },
  "layer_20": {
    "task0": 0.9152538798920378,
    "task1": 0.70475919365722,
    "task2": 0.9116902834008097
  },
  "layer_21": {
    "task0": 0.9125759109311741,
    "task1": 0.6819859143049932,
    "task2": 0.8870930330634278
  },
  "layer_22": {
    "task0": 0.9005355937921727,
    "task1": 0.6449793353576249,
    "task2": 0.8807987516869096
  },
  "layer_23": {
    "task0": 0.892480600539811,
    "task1": 0.634372891363023,
    "task2": 0.8718159581646424
  },
  "layer_3": {
    "task0": 0.5329685391363023,
    "task1": 0.1427758097165992,
    "task2": 0.16975581983805668
  },
  "layer_4": {
    "task0": 0.5091409412955465,
    "task1": 0.15961327597840755,
    "task2": 0.1657494095816464
  },
  "layer_5": {
    "task0": 0.517332995951417,
    "task1": 0.182376012145749,
    "task2": 0.13285467273954116
  },
  "layer_6": {
    "task0": 0.5555309547908233,
    "task1": 0.36156798245614036,
    "task2": 0.13199013157894737
  },
  "layer_7": {
    "task0": 0.525725371120108,
    "task1": 0.39274418016194335,
    "task2": 0.559263242240216
  },
  "layer_8": {
    "task0": 0.5105115553306343,
    "task1": 0.3928601551956815,
    "task2": 0.587645495951417
  },
  "layer_9": {
    "task0": 0.5227416497975709,
    "task1": 0.44282430836707154,
    "task2": 0.7106317476383266
  }
}