{
  "layer_0": {
    "task0": 0.49693283868271243,
    "task1": 0.23112272835033149,
    "task2": 0.1956237615024296
  },
  "layer_1": {
    "task0": 0.49999999959415875,
    "task1": 0.2925291961417305,
    "task2": 0.202148066754693
  },
  "layer_10": {
    "task0": 0.6989228041138404,
    "task1": 0.905856063864229,
    "task2": 0.8609342718468411
  },
  "layer_11": {
    "task0": 0.7178211556507648,
    "task1": 0.9156372522912263,
    "task2": 0.8689974278049508
  },
  "layer_12": {
    "task0": 0.84180403823301,
    "task1": 0.9312576404493722,
    "task2": 0.9022935196104578
  },
  "layer_13": {
    "task0": 0.87023061552663,
    "task1": 0.9377819459640818,
    "task2": 0.9226569405734235
  },
  "layer_14": {
    "task0": 0.8761119767957526,
    "task1": 0.9463826456861124,
    "task2": 0.9346093841500505
  },
  "layer_15": {
    "task0": 0.9023672992777345,
    "task1": 0.9476685351020515,
    "task2": 0.9342299414714356
  },
  "layer_16": {
    "task0": 0.9003646858509268,
    "task1": 0.9504300336190885,
    "task2": 0.9407858669542986
  },
  "layer_17": {
    "task0": 0.8988047552532699,
    "task1": 0.9523904877903088,
    "task2": 0.9452548578065535
  },
  "layer_18": {
    "task0": 0.9029470038841706,
    "task1": 0.9548568654827566,
    "task2": 0.9511045993820623
  },
  "layer_19": {
    "task0": 0.903347526886038,
    "task1": 0.9563957157345443,
    "task2": 0.9607487663967804
  },
  "layer_2": {
    "task0": 0.5098971285174405,
    "task1": 0.32350647133458615,
    "task2": 0.23807917679579726
  },
  "layer_20": {
    "task0": 0.9073000532566353,
    "task1": 0.9579451065258432,
    "task2": 0.9627092197896145
  },
  "layer_21": {
    "task0": 0.9104936965222332,
    "task1": 0.9610122681478259,
    "task2": 0.9648066949069618
  },
  "layer_22": {
    "task0": 0.9128652122948352,
    "task1": 0.9658923224252354,
    "task2": 0.9672625317552036
  },
  "layer_23": {
    "task0": 0.9163961371219934,
    "task1": 0.9647539940287821,
    "task2": 0.9712361394793626
  },
  "layer_24": {
    "task0": 0.9174290643262443,
    "task1": 0.9676314347964565,
    "task2": 0.9751992065886219
  },
  "layer_25": {
    "task0": 0.9176187864477073,
    "task1": 0.9696551276669846,
    "task2": 0.9736708959515801
  },
  "layer_26": {
    "task0": 0.9194843794473122,
    "task1": 0.9725747288034831,
    "task2": 0.977823685152147
  },
  "layer_27": {
    "task0": 0.9225515398624509,
    "task1": 0.9747249030506255,
    "task2": 0.9821767345170729
  },
  "layer_28": {
    "task0": 0.9241852522106193,
    "task1": 0.9734495548922726,
    "task2": 0.9830726407375026
  },
  "layer_29": {
    "task0": 0.9235001471828281,
    "task1": 0.977412622268533,
    "task2": 0.9838631467357283
  },
  "layer_3": {
    "task0": 0.5030671609431723,
    "task1": 0.3964332386570488,
    "task2": 0.3248766807550207
  },
  "layer_30": {
    "task0": 0.9225620803793454,
    "task1": 0.9780977275256307,
    "task2": 0.9816813515504338
  },
  "layer_31": {
    "task0": 0.9201378624915645,
    "task1": 0.9776761243544289,
    "task2": 0.9817235115768687
  },
  "layer_4": {
    "task0": 0.5168641173861934,
    "task1": 0.44874362291951087,
    "task2": 0.4059193051280017
  },
  "layer_5": {
    "task0": 0.5377123832729023,
    "task1": 0.700419493940891,
    "task2": 0.5336966143154647
  },
  "layer_6": {
    "task0": 0.5159682106091454,
    "task1": 0.8301256362031064,
    "task2": 0.6273662456913176
  },
  "layer_7": {
    "task0": 0.5511298958109891,
    "task1": 0.8298094347581084,
    "task2": 0.7273704615466394
  },
  "layer_8": {
    "task0": 0.589811963841713,
    "task1": 0.8704941178267549,
    "task2": 0.7562397225489428
  },
  "layer_9": {
    "task0": 0.6615371639085281,
    "task1": 0.8901829746739851,
    "task2": 0.7816939993771179
  }
}