{
  "layer_0": {
    "task0": 0.5,
    "task1": 0.24633205447109913,
    "task2": 0.18179518529448965
  },
  "layer_1": {
    "task0": 0.5047324929381508,
    "task1": 0.17145537332939836,
    "task2": 0.21653526708545892
  },
  "layer_10": {
    "task0": 0.5,
    "task1": 0.1345229562797757,
    "task2": 0.11187233863147687
  },
  "layer_11": {
    "task0": 0.5001054007335891,
    "task1": 0.2985897381845778,
    "task2": 0.19915468611661538
  },
  "layer_12": {
    "task0": 0.5359205700071672,
    "task1": 0.3720856697162612,
    "task2": 0.14723428475062186
  },
  "layer_13": {
    "task0": 0.5069669884902399,
    "task1": 0.2539209072895147,
    "task2": 0.1685884733757747
  },
  "layer_14": {
    "task0": 0.5132804924322273,
    "task1": 0.15709979341456218,
    "task2": 0.14476790758463678
  },
  "layer_15": {
    "task0": 0.5,
    "task1": 0.11703697457734306,
    "task2": 0.1474767064378768
  },
  "layer_16": {
    "task0": 0.5,
    "task1": 0.1913128715375859,
    "task2": 0.16801930941439353
  },
  "layer_17": {
    "task0": 0.5000421602934356,
    "task1": 0.12598549685905813,
    "task2": 0.24096715713141365
  },
  "layer_18": {
    "task0": 0.5003267422741262,
    "task1": 0.1600299338083393,
    "task2": 0.2665162949534129
  },
  "layer_19": {
    "task0": 0.5001581011003836,
    "task1": 0.12542687297103589,
    "task2": 0.18459884480795985
  },
  "layer_2": {
    "task0": 0.5,
    "task1": 0.1668072009781188,
    "task2": 0.17812723976558878
  },
  "layer_20": {
    "task0": 0.5,
    "task1": 0.13150849529912728,
    "task2": 0.1962983262363506
  },
  "layer_21": {
    "task0": 0.5,
    "task1": 0.12512121084362748,
    "task2": 0.2451410261815422
  },
  "layer_22": {
    "task0": 0.5,
    "task1": 0.13375353092457523,
    "task2": 0.2625532273704625
  },
  "layer_23": {
    "task0": 0.5,
    "task1": 0.1257536152451621,
    "task2": 0.2409566170580547
  },
  "layer_24": {
    "task0": 0.5,
    "task1": 0.13991947383953793,
    "task2": 0.27097474598423205
  },
  "layer_25": {
    "task0": 0.5,
    "task1": 0.13470213752687718,
    "task2": 0.22275391036721615
  },
  "layer_26": {
    "task0": 0.5,
    "task1": 0.1812471014798263,
    "task2": 0.195307559340613
  },
  "layer_27": {
    "task0": 0.5,
    "task1": 0.21419537079978077,
    "task2": 0.201199460348244
  },
  "layer_28": {
    "task0": 0.5,
    "task1": 0.2099371811627809,
    "task2": 0.25724103039757157
  },
  "layer_29": {
    "task0": 0.5,
    "task1": 0.38070744972385007,
    "task2": 0.19635102660314516
  },
  "layer_3": {
    "task0": 0.5,
    "task1": 0.1668072009781188,
    "task2": 0.17355284792782158
  },
  "layer_30": {
    "task0": 0.5,
    "task1": 0.2052573885914246,
    "task2": 0.22054049496184494
  },
  "layer_31": {
    "task0": 0.5,
    "task1": 0.14513681015219865,
    "task2": 0.29210759306884776
  },
  "layer_4": {
    "task0": 0.5,
    "task1": 0.17478603651081412,
    "task2": 0.17355284792782158
  },
  "layer_5": {
    "task0": 0.5,
    "task1": 0.17202453729077954,
    "task2": 0.17355284792782158
  },
  "layer_6": {
    "task0": 0.5,
    "task1": 0.21121253003920906,
    "task2": 0.17355284792782158
  },
  "layer_7": {
    "task0": 0.5,
    "task1": 0.17233019941818795,
    "task2": 0.14102618154222354
  },
  "layer_8": {
    "task0": 0.5021923352586534,
    "task1": 0.13784307938783255,
    "task2": 0.10595935747712804
  },
  "layer_9": {
    "task0": 0.5,
    "task1": 0.12532147223744677,
    "task2": 0.13819090180867658
  }
}