{
  "layer_0": {
    "task0": 0.5,
    "task1": 0.08611239934229942,
    "task2": 0.18179518529448965
  },
  "layer_1": {
    "task0": 0.5,
    "task1": 0.11781694000590244,
    "task2": 0.18179518529448965
  },
  "layer_10": {
    "task0": 0.5,
    "task1": 0.08716640667819048,
    "task2": 0.11988279438424891
  },
  "layer_11": {
    "task0": 0.5,
    "task1": 0.08052616046207682,
    "task2": 0.07334837050465871
  },
  "layer_12": {
    "task0": 0.50861123993423,
    "task1": 0.08611239934229942,
    "task2": 0.11958767233019942
  },
  "layer_13": {
    "task0": 0.5000105400733589,
    "task1": 0.12507905055019183,
    "task2": 0.1196719929170707
  },
  "layer_14": {
    "task0": 0.5,
    "task1": 0.10640204055820228,
    "task2": 0.10563261520300181
  },
  "layer_15": {
    "task0": 0.5001475610270247,
    "task1": 0.09528226316455163,
    "task2": 0.11827016316033559
  },
  "layer_16": {
    "task0": 0.49984189889961633,
    "task1": 0.12532147223744677,
    "task2": 0.10069986087103167
  },
  "layer_17": {
    "task0": 0.5002635018339727,
    "task1": 0.12532147223744677,
    "task2": 0.17314178506682407
  },
  "layer_18": {
    "task0": 0.5008326657953539,
    "task1": 0.12532147223744677,
    "task2": 0.1206627598128083
  },
  "layer_19": {
    "task0": 0.5,
    "task1": 0.13888654665036468,
    "task2": 0.21971836923984991
  },
  "layer_2": {
    "task0": 0.5,
    "task1": 0.08611239934229942,
    "task2": 0.18179518529448965
  },
  "layer_20": {
    "task0": 0.486561406467389,
    "task1": 0.08611239934229942,
    "task2": 0.12291833551161516
  },
  "layer_21": {
    "task0": 0.4999578397065644,
    "task1": 0.12533201231080568,
    "task2": 0.11813314220666976
  },
  "layer_22": {
    "task0": 0.49998945992664107,
    "task1": 0.11672077237657574,
    "task2": 0.1315295754458451
  },
  "layer_23": {
    "task0": 0.500231881613896,
    "task1": 0.14924743876217378,
    "task2": 0.10326109869724694
  },
  "layer_24": {
    "task0": 0.4983241283359332,
    "task1": 0.12532147223744677,
    "task2": 0.1383911632024959
  },
  "layer_25": {
    "task0": 0.5,
    "task1": 0.20310721362620685,
    "task2": 0.10997512542687297
  },
  "layer_26": {
    "task0": 0.49787090518150007,
    "task1": 0.14086808044183988,
    "task2": 0.14574813440701548
  },
  "layer_27": {
    "task0": 0.46556558033643913,
    "task1": 0.15052278763860197,
    "task2": 0.08480543024579451
  },
  "layer_28": {
    "task0": 0.506945908343522,
    "task1": 0.1294426409207808,
    "task2": 0.076025549137822
  },
  "layer_29": {
    "task0": 0.4994308360386188,
    "task1": 0.09853914583245499,
    "task2": 0.12572199502508538
  },
  "layer_3": {
    "task0": 0.5,
    "task1": 0.12532147223744677,
    "task2": 0.11958767233019942
  },
  "layer_30": {
    "task0": 0.4775812639655972,
    "task1": 0.15303132509802267,
    "task2": 0.1202727770985286
  },
  "layer_31": {
    "task0": 0.46817951852944895,
    "task1": 0.09850752561237826,
    "task2": 0.09870778700619756
  },
  "layer_4": {
    "task0": 0.5,
    "task1": 0.12532147223744677,
    "task2": 0.11958767233019942
  },
  "layer_5": {
    "task0": 0.5,
    "task1": 0.11781694000590244,
    "task2": 0.17748429529069523
  },
  "layer_6": {
    "task0": 0.5,
    "task1": 0.08611239934229942,
    "task2": 0.1335111092373203
  },
  "layer_7": {
    "task0": 0.4964269151313293,
    "task1": 0.0861967199291707,
    "task2": 0.18179518529448965
  },
  "layer_8": {
    "task0": 0.5,
    "task1": 0.08611239934229942,
    "task2": 0.18179518529448965
  },
  "layer_9": {
    "task0": 0.5,
    "task1": 0.18361861798558118,
    "task2": 0.1404043172140478
  }
}