{
  "layer_0": {
    "task0": 0.4999789136302294,
    "task1": 0.08611673414304993,
    "task2": 0.1818277665317139
  },
  "layer_1": {
    "task0": 0.5000210863697706,
    "task1": 0.1178200910931174,
    "task2": 0.1818277665317139
  },
  "layer_10": {
    "task0": 0.5001265182186235,
    "task1": 0.13957068151147098,
    "task2": 0.17249704790823212
  },
  "layer_11": {
    "task0": 0.5001054318488529,
    "task1": 0.08147773279352227,
    "task2": 0.07314861673414305
  },
  "layer_12": {
    "task0": 0.5158674932523617,
    "task1": 0.08616945006747638,
    "task2": 0.1200763326585695
  },
  "layer_13": {
    "task0": 0.5019083164642375,
    "task1": 0.12583291160593793,
    "task2": 0.11952808704453441
  },
  "layer_14": {
    "task0": 0.49995782726045884,
    "task1": 0.12054023279352227,
    "task2": 0.1257591093117409
  },
  "layer_15": {
    "task0": 0.5004533569500674,
    "task1": 0.10440915991902834,
    "task2": 0.09516278677462887
  },
  "layer_16": {
    "task0": 0.4997575067476383,
    "task1": 0.1251897773279352,
    "task2": 0.16737306005398112
  },
  "layer_17": {
    "task0": 0.5015393049932524,
    "task1": 0.12537955465587045,
    "task2": 0.1720964068825911
  },
  "layer_18": {
    "task0": 0.5122511808367072,
    "task1": 0.12458881578947369,
    "task2": 0.1206140350877193
  },
  "layer_19": {
    "task0": 0.4999789136302294,
    "task1": 0.12772014170040485,
    "task2": 0.21433240553306343
  },
  "layer_2": {
    "task0": 0.4999789136302294,
    "task1": 0.08611673414304993,
    "task2": 0.1818277665317139
  },
  "layer_20": {
    "task0": 0.4850075910931174,
    "task1": 0.0887314439946019,
    "task2": 0.13084092442645073
  },
  "layer_21": {
    "task0": 0.5000105431848852,
    "task1": 0.12712972334682862,
    "task2": 0.12374536099865047
  },
  "layer_22": {
    "task0": 0.4999156545209177,
    "task1": 0.11223220310391363,
    "task2": 0.10004428137651822
  },
  "layer_23": {
    "task0": 0.49053221997300944,
    "task1": 0.10891109986504724,
    "task2": 0.10900598852901484
  },
  "layer_24": {
    "task0": 0.4901948380566802,
    "task1": 0.12514760458839405,
    "task2": 0.16164811066126855
  },
  "layer_25": {
    "task0": 0.4998734817813765,
    "task1": 0.12331309041835357,
    "task2": 0.09339153171390013
  },
  "layer_26": {
    "task0": 0.5036584851551957,
    "task1": 0.125653677462888,
    "task2": 0.1482371794871795
  },
  "layer_27": {
    "task0": 0.4936951754385965,
    "task1": 0.11232709176788123,
    "task2": 0.10611715587044535
  },
  "layer_28": {
    "task0": 0.5032262145748988,
    "task1": 0.11874789136302294,
    "task2": 0.12922781713900136
  },
  "layer_29": {
    "task0": 0.5001159750337382,
    "task1": 0.11292805330634278,
    "task2": 0.15608130904183537
  },
  "layer_3": {
    "task0": 0.5000210863697706,
    "task1": 0.1253162955465587,
    "task2": 0.11959134615384616
  },
  "layer_30": {
    "task0": 0.47980980094466935,
    "task1": 0.1435243758434548,
    "task2": 0.1439250168690958
  },
  "layer_31": {
    "task0": 0.4901315789473684,
    "task1": 0.09453019568151147,
    "task2": 0.1262757253711201
  },
  "layer_4": {
    "task0": 0.5000210863697706,
    "task1": 0.1253162955465587,
    "task2": 0.11959134615384616
  },
  "layer_5": {
    "task0": 0.5000210863697706,
    "task1": 0.11780954790823212,
    "task2": 0.18088942307692307
  },
  "layer_6": {
    "task0": 0.4999789136302294,
    "task1": 0.086264338731444,
    "task2": 0.1186846322537112
  },
  "layer_7": {
    "task0": 0.5005271592442645,
    "task1": 0.08774038461538461,
    "task2": 0.18176450742240216
  },
  "layer_8": {
    "task0": 0.5,
    "task1": 0.08855220985155196,
    "task2": 0.17852774966261808
  },
  "layer_9": {
    "task0": 0.5005060728744939,
    "task1": 0.12539009784075575,
    "task2": 0.1186846322537112
  }
}