{
  "layer_0": {
    "task0": 0.5,
    "task1": 0.12532147223744677,
    "task2": 0.18179518529448965
  },
  "layer_1": {
    "task0": 0.49998945992664107,
    "task1": 0.16465702601290105,
    "task2": 0.11231502171255112
  },
  "layer_10": {
    "task0": 0.4997364981660272,
    "task1": 0.13080231038408027,
    "task2": 0.14120536278932502
  },
  "layer_11": {
    "task0": 0.4980395463552426,
    "task1": 0.12208566971626122,
    "task2": 0.13138201441882036
  },
  "layer_12": {
    "task0": 0.4999367595598465,
    "task1": 0.168788734769594,
    "task2": 0.15111303174670096
  },
  "layer_13": {
    "task0": 0.5002635018339727,
    "task1": 0.15688899194738395,
    "task2": 0.13798010034149838
  },
  "layer_14": {
    "task0": 0.49763902356760403,
    "task1": 0.12085248113326869,
    "task2": 0.1436717399553101
  },
  "layer_15": {
    "task0": 0.5000737805135124,
    "task1": 0.13035962730300604,
    "task2": 0.13424891437244404
  },
  "layer_16": {
    "task0": 0.5016231712972722,
    "task1": 0.16671234031788862,
    "task2": 0.11668915215649901
  },
  "layer_17": {
    "task0": 0.5003478224208441,
    "task1": 0.15847000295122055,
    "task2": 0.13217251992073864
  },
  "layer_18": {
    "task0": 0.5000632404401535,
    "task1": 0.11571946540747924,
    "task2": 0.1345229562797757
  },
  "layer_19": {
    "task0": 0.5017496521775792,
    "task1": 0.09251022387115815,
    "task2": 0.10409376449260087
  },
  "layer_2": {
    "task0": 0.5,
    "task1": 0.1252582317972933,
    "task2": 0.1413002234495552
  },
  "layer_20": {
    "task0": 0.5008537459420718,
    "task1": 0.16634343775032676,
    "task2": 0.16668072009781187
  },
  "layer_21": {
    "task0": 0.5005375437413044,
    "task1": 0.12691302331464227,
    "task2": 0.12926345967367933
  },
  "layer_22": {
    "task0": 0.4998208187528985,
    "task1": 0.13055988869682533,
    "task2": 0.16954762005143556
  },
  "layer_23": {
    "task0": 0.5035098444285172,
    "task1": 0.10609637843079388,
    "task2": 0.09461823854294026
  },
  "layer_3": {
    "task0": 0.5,
    "task1": 0.11781694000590244,
    "task2": 0.13575614486276824
  },
  "layer_4": {
    "task0": 0.49996837977992326,
    "task1": 0.08481597031915342,
    "task2": 0.17355284792782158
  },
  "layer_5": {
    "task0": 0.5,
    "task1": 0.12532147223744677,
    "task2": 0.15372696993971077
  },
  "layer_6": {
    "task0": 0.5000316202200767,
    "task1": 0.12400396306758295,
    "task2": 0.17859100299338082
  },
  "layer_7": {
    "task0": 0.5,
    "task1": 0.13772713858088453,
    "task2": 0.17355284792782158
  },
  "layer_8": {
    "task0": 0.5,
    "task1": 0.09264724482482398,
    "task2": 0.16935789873097518
  },
  "layer_9": {
    "task0": 0.5,
    "task1": 0.1724777604452127,
    "task2": 0.14462034655761205
  }
}