{
  "layer_0": {
    "task0": 0.5,
    "task1": 0.1668072009781188,
    "task2": 0.18179518529448965
  },
  "layer_1": {
    "task0": 0.5,
    "task1": 0.1668072009781188,
    "task2": 0.18179518529448965
  },
  "layer_10": {
    "task0": 0.5,
    "task1": 0.12960074202116448,
    "task2": 0.21497533622834014
  },
  "layer_11": {
    "task0": 0.5,
    "task1": 0.11782748007926135,
    "task2": 0.20801888781145916
  },
  "layer_12": {
    "task0": 0.5003899827142797,
    "task1": 0.315654116952654,
    "task2": 0.19416923141785067
  },
  "layer_13": {
    "task0": 0.5023398962856781,
    "task1": 0.2306589653863991,
    "task2": 0.18259623086976684
  },
  "layer_14": {
    "task0": 0.5945128378093512,
    "task1": 0.2037817783211771,
    "task2": 0.28657405455541973
  },
  "layer_15": {
    "task0": 0.5,
    "task1": 0.1338273114380876,
    "task2": 0.18179518529448965
  },
  "layer_16": {
    "task0": 0.5,
    "task1": 0.21636662591171635,
    "task2": 0.18181626544120746
  },
  "layer_17": {
    "task0": 0.5,
    "task1": 0.24656393608499516,
    "task2": 0.18698090138707366
  },
  "layer_18": {
    "task0": 0.5623129136978794,
    "task1": 0.1210632826004469,
    "task2": 0.18179518529448965
  },
  "layer_19": {
    "task0": 0.5000105400733589,
    "task1": 0.23857456047894093,
    "task2": 0.18179518529448965
  },
  "layer_2": {
    "task0": 0.5,
    "task1": 0.1668072009781188,
    "task2": 0.17355284792782158
  },
  "layer_20": {
    "task0": 0.5000105400733589,
    "task1": 0.32627851089843585,
    "task2": 0.19932332729035795
  },
  "layer_21": {
    "task0": 0.5031514819343142,
    "task1": 0.20611113453349636,
    "task2": 0.18551583119018508
  },
  "layer_22": {
    "task0": 0.587092626164678,
    "task1": 0.1546544963952949,
    "task2": 0.18646443779248703
  },
  "layer_23": {
    "task0": 0.5063451241620641,
    "task1": 0.13755849740714196,
    "task2": 0.21828491926303806
  },
  "layer_24": {
    "task0": 0.5014018297567351,
    "task1": 0.12850457439183777,
    "task2": 0.21521775791559508
  },
  "layer_25": {
    "task0": 0.5000210801467179,
    "task1": 0.13723175513301572,
    "task2": 0.2335680256334584
  },
  "layer_26": {
    "task0": 0.5002740419073317,
    "task1": 0.14642269910198574,
    "task2": 0.19144989249125174
  },
  "layer_27": {
    "task0": 0.5001475610270247,
    "task1": 0.11869176609469202,
    "task2": 0.2367405877144905
  },
  "layer_28": {
    "task0": 0.5007378051351238,
    "task1": 0.12416206416796662,
    "task2": 0.19910198574982083
  },
  "layer_29": {
    "task0": 0.5044479109574602,
    "task1": 0.12994856444200853,
    "task2": 0.21655634723217673
  },
  "layer_3": {
    "task0": 0.5,
    "task1": 0.1668072009781188,
    "task2": 0.17355284792782158
  },
  "layer_30": {
    "task0": 0.5086323200809477,
    "task1": 0.11781694000590244,
    "task2": 0.32693199544668833
  },
  "layer_31": {
    "task0": 0.5021501749652177,
    "task1": 0.1190712087356128,
    "task2": 0.4009549306463173
  },
  "layer_4": {
    "task0": 0.5,
    "task1": 0.20427716176904592,
    "task2": 0.17355284792782158
  },
  "layer_5": {
    "task0": 0.5000105400733589,
    "task1": 0.11781694000590244,
    "task2": 0.17355284792782158
  },
  "layer_6": {
    "task0": 0.5,
    "task1": 0.11781694000590244,
    "task2": 0.17355284792782158
  },
  "layer_7": {
    "task0": 0.49998945992664107,
    "task1": 0.11781694000590244,
    "task2": 0.17523925966524728
  },
  "layer_8": {
    "task0": 0.5183502677178633,
    "task1": 0.11781694000590244,
    "task2": 0.19215607740629875
  },
  "layer_9": {
    "task0": 0.5,
    "task1": 0.1227496943378726,
    "task2": 0.1735844681478983
  }
}