{
  "layer_0": {
    "task0": 0.5,
    "task1": 0.12532147223744677,
    "task2": 0.17355284792782158
  },
  "layer_1": {
    "task0": 0.5,
    "task1": 0.12532147223744677,
    "task2": 0.18179518529448965
  },
  "layer_10": {
    "task0": 0.5004216029343564,
    "task1": 0.1668072009781188,
    "task2": 0.18179518529448965
  },
  "layer_11": {
    "task0": 0.5000105400733589,
    "task1": 0.12534255238416458,
    "task2": 0.15995615329482693
  },
  "layer_12": {
    "task0": 0.5,
    "task1": 0.1253530924575235,
    "task2": 0.11989333445760783
  },
  "layer_13": {
    "task0": 0.4989986930309035,
    "task1": 0.1225494329440533,
    "task2": 0.1581538007504532
  },
  "layer_14": {
    "task0": 0.5004005227876386,
    "task1": 0.1522618997428222,
    "task2": 0.10548505417597706
  },
  "layer_15": {
    "task0": 0.5005164635945866,
    "task1": 0.08721910704498503,
    "task2": 0.17361608836797504
  },
  "layer_16": {
    "task0": 0.4999789198532822,
    "task1": 0.1656267127619208,
    "task2": 0.17593490450693536
  },
  "layer_17": {
    "task0": 0.5000421602934356,
    "task1": 0.08795691218010877,
    "task2": 0.18179518529448965
  },
  "layer_18": {
    "task0": 0.5,
    "task1": 0.12159028626839243,
    "task2": 0.14232261056536955
  },
  "layer_19": {
    "task0": 0.5096968674901977,
    "task1": 0.106317719971331,
    "task2": 0.20415068088873897
  },
  "layer_2": {
    "task0": 0.5,
    "task1": 0.08611239934229942,
    "task2": 0.19104936970361314
  },
  "layer_20": {
    "task0": 0.5,
    "task1": 0.0887790379021038,
    "task2": 0.11939795100973903
  },
  "layer_21": {
    "task0": 0.49706985960622285,
    "task1": 0.08171718875163371,
    "task2": 0.11965091277035288
  },
  "layer_22": {
    "task0": 0.519562376154138,
    "task1": 0.06349340191407732,
    "task2": 0.18179518529448965
  },
  "layer_23": {
    "task0": 0.5,
    "task1": 0.12657574096715712,
    "task2": 0.181753025001054
  },
  "layer_24": {
    "task0": 0.5,
    "task1": 0.11476031873181837,
    "task2": 0.13159281588599855
  },
  "layer_25": {
    "task0": 0.5,
    "task1": 0.15596146549179982,
    "task2": 0.18041443568447235
  },
  "layer_26": {
    "task0": 0.5,
    "task1": 0.11849150470087272,
    "task2": 0.18156330368059362
  },
  "layer_27": {
    "task0": 0.5,
    "task1": 0.10297651671655635,
    "task2": 0.17808507947215313
  },
  "layer_28": {
    "task0": 0.5,
    "task1": 0.13314220666975843,
    "task2": 0.11780639993254353
  },
  "layer_29": {
    "task0": 0.4986719507567773,
    "task1": 0.12327669800581811,
    "task2": 0.1374003963067583
  },
  "layer_3": {
    "task0": 0.5,
    "task1": 0.12532147223744677,
    "task2": 0.11958767233019942
  },
  "layer_30": {
    "task0": 0.5051330157257895,
    "task1": 0.14765588768497828,
    "task2": 0.1229604958050508
  },
  "layer_31": {
    "task0": 0.5,
    "task1": 0.0807158817825372,
    "task2": 0.13975083266579535
  },
  "layer_4": {
    "task0": 0.5,
    "task1": 0.12532147223744677,
    "task2": 0.18709684219402167
  },
  "layer_5": {
    "task0": 0.5,
    "task1": 0.12532147223744677,
    "task2": 0.11958767233019942
  },
  "layer_6": {
    "task0": 0.5,
    "task1": 0.1668072009781188,
    "task2": 0.1755870820860913
  },
  "layer_7": {
    "task0": 0.5,
    "task1": 0.1668072009781188,
    "task2": 0.1411948227159661
  },
  "layer_8": {
    "task0": 0.5,
    "task1": 0.16675450061132424,
    "task2": 0.17355284792782158
  },
  "layer_9": {
    "task0": 0.4999789198532822,
    "task1": 0.09918209030734854,
    "task2": 0.07359079219191365
  }
}