{
  "layer_0": {
    "task0": 0.5,
    "task1": 0.13235170116784012,
    "task2": 0.1738795902019478
  },
  "layer_1": {
    "task0": 0.5015072304903242,
    "task1": 0.15091277035288164,
    "task2": 0.18106792023272483
  },
  "layer_10": {
    "task0": 0.5587398288292087,
    "task1": 0.703212614359796,
    "task2": 0.5820123108056832
  },
  "layer_11": {
    "task0": 0.6591656477929086,
    "task1": 0.7870378177832118,
    "task2": 0.750822125721995
  },
  "layer_12": {
    "task0": 0.7731354610228087,
    "task1": 0.8391163202495889,
    "task2": 0.7677916438298411
  },
  "layer_13": {
    "task0": 0.7697310173278806,
    "task1": 0.8204709304776762,
    "task2": 0.7400080104557528
  },
  "layer_14": {
    "task0": 0.7426114085754036,
    "task1": 0.8087292887558497,
    "task2": 0.7090201947805557
  },
  "layer_15": {
    "task0": 0.7565137653358067,
    "task1": 0.7839601163624099,
    "task2": 0.7772144694127071
  },
  "layer_16": {
    "task0": 0.7504005227876386,
    "task1": 0.7281609680003372,
    "task2": 0.7872169990303133
  },
  "layer_17": {
    "task0": 0.7957649985243898,
    "task1": 0.7346325730427083,
    "task2": 0.7482714279691387
  },
  "layer_18": {
    "task0": 0.7708166448838484,
    "task1": 0.7047198448501202,
    "task2": 0.7686770099919895
  },
  "layer_19": {
    "task0": 0.8074328597327037,
    "task1": 0.744698343100468,
    "task2": 0.7370673299886167
  },
  "layer_2": {
    "task0": 0.5000316202200767,
    "task1": 0.14703402335680257,
    "task2": 0.17410093174248492
  },
  "layer_20": {
    "task0": 0.7779417344744719,
    "task1": 0.7441397192124457,
    "task2": 0.7545006113242548
  },
  "layer_21": {
    "task0": 0.8129242379526962,
    "task1": 0.6952232387537417,
    "task2": 0.7444137611197774
  },
  "layer_22": {
    "task0": 0.8077069016400354,
    "task1": 0.665963995109406,
    "task2": 0.7297419790041739
  },
  "layer_23": {
    "task0": 0.8080968843543151,
    "task1": 0.5902335680256334,
    "task2": 0.7391437244403221
  },
  "layer_3": {
    "task0": 0.5001686411737426,
    "task1": 0.14767696783169612,
    "task2": 0.17362662844133395
  },
  "layer_4": {
    "task0": 0.511077617100215,
    "task1": 0.26082465533960114,
    "task2": 0.1775580758042076
  },
  "layer_5": {
    "task0": 0.5129959104515367,
    "task1": 0.4170917829588094,
    "task2": 0.17839074159956153
  },
  "layer_6": {
    "task0": 0.5008537459420718,
    "task1": 0.6066971626122518,
    "task2": 0.3355959357477128
  },
  "layer_7": {
    "task0": 0.5040579282431805,
    "task1": 0.615624604747249,
    "task2": 0.4829777815253594
  },
  "layer_8": {
    "task0": 0.5032463425945445,
    "task1": 0.45451958345630084,
    "task2": 0.33583835743496776
  },
  "layer_9": {
    "task0": 0.5021501749652177,
    "task1": 0.6498166027235549,
    "task2": 0.42727349382351704
  }
}