{
  "layer_0": {
    "task0": 0.5,
    "task1": 0.1611050212909482,
    "task2": 0.17889666512078925
  },
  "layer_1": {
    "task0": 0.5000210801467179,
    "task1": 0.21906488469159746,
    "task2": 0.19523377882710063
  },
  "layer_10": {
    "task0": 0.5004321430077153,
    "task1": 0.4143408238121337,
    "task2": 0.39870989502086934
  },
  "layer_11": {
    "task0": 0.5061659429149626,
    "task1": 0.42104431046840085,
    "task2": 0.40875458493191114
  },
  "layer_12": {
    "task0": 0.5019604536447574,
    "task1": 0.43507314810911085,
    "task2": 0.43261731101648465
  },
  "layer_13": {
    "task0": 0.501760192250938,
    "task1": 0.45671191871495426,
    "task2": 0.4293393482018635
  },
  "layer_14": {
    "task0": 0.5003267422741262,
    "task1": 0.43290189299717524,
    "task2": 0.3699354947510435
  },
  "layer_15": {
    "task0": 0.5008959062355074,
    "task1": 0.3570976853998904,
    "task2": 0.3620093595851427
  },
  "layer_16": {
    "task0": 0.4999367595598465,
    "task1": 0.25852691934735866,
    "task2": 0.3357013364813019
  },
  "layer_17": {
    "task0": 0.5005691639613812,
    "task1": 0.2665479151734896,
    "task2": 0.3263944517053839
  },
  "layer_18": {
    "task0": 0.5009275264555841,
    "task1": 0.24816602723554956,
    "task2": 0.300444791095746
  },
  "layer_19": {
    "task0": 0.5004848433745099,
    "task1": 0.2218053037649142,
    "task2": 0.28398119650912773
  },
  "layer_2": {
    "task0": 0.5,
    "task1": 0.2579788355326953,
    "task2": 0.19069100720941018
  },
  "layer_20": {
    "task0": 0.49931489523167083,
    "task1": 0.21708335090012226,
    "task2": 0.2615730005480838
  },
  "layer_21": {
    "task0": 0.5010856275559677,
    "task1": 0.2041612209620979,
    "task2": 0.23074328597327037
  },
  "layer_22": {
    "task0": 0.5009907668957376,
    "task1": 0.19643534719001643,
    "task2": 0.201083519541296
  },
  "layer_23": {
    "task0": 0.5015915510771956,
    "task1": 0.20942071756819428,
    "task2": 0.1898161811206206
  },
  "layer_3": {
    "task0": 0.5,
    "task1": 0.3381887937940048,
    "task2": 0.1530418651713816
  },
  "layer_4": {
    "task0": 0.5,
    "task1": 0.4195265399047177,
    "task2": 0.1992706269235634
  },
  "layer_5": {
    "task0": 0.511910282895569,
    "task1": 0.39792992959230994,
    "task2": 0.19624562586955605
  },
  "layer_6": {
    "task0": 0.5,
    "task1": 0.3733610185926894,
    "task2": 0.20453012352965977
  },
  "layer_7": {
    "task0": 0.5084425987604874,
    "task1": 0.37443610607529826,
    "task2": 0.2138370083055778
  },
  "layer_8": {
    "task0": 0.5069986087103167,
    "task1": 0.34947721236139806,
    "task2": 0.1941165310510561
  },
  "layer_9": {
    "task0": 0.5044162907373835,
    "task1": 0.35367216155824444,
    "task2": 0.33063156119566595
  }
}