{
  "layer_0": {
    "task0": 0.5,
    "task1": 0.1110923732029175,
    "task2": 0.1778848180783338
  },
  "layer_1": {
    "task0": 0.5,
    "task1": 0.10845735486318984,
    "task2": 0.18509422825582866
  },
  "layer_10": {
    "task0": 0.6007314810911084,
    "task1": 0.5505396517559762,
    "task2": 0.6342594544458029
  },
  "layer_11": {
    "task0": 0.7299000801045575,
    "task1": 0.6022597917281505,
    "task2": 0.7318394536025971
  },
  "layer_12": {
    "task0": 0.8478645811374848,
    "task1": 0.6355875036890257,
    "task2": 0.8036911336902904
  },
  "layer_13": {
    "task0": 0.8687866267549222,
    "task1": 0.6878978877692988,
    "task2": 0.804576499852439
  },
  "layer_14": {
    "task0": 0.8585100552299844,
    "task1": 0.677853197858257,
    "task2": 0.769688857034445
  },
  "layer_15": {
    "task0": 0.8715481259749568,
    "task1": 0.7176735950082213,
    "task2": 0.7790589822505165
  },
  "layer_16": {
    "task0": 0.8759222564189046,
    "task1": 0.723133353008137,
    "task2": 0.7671065390615118
  },
  "layer_17": {
    "task0": 0.8335300813693663,
    "task1": 0.7264745562629116,
    "task2": 0.7440026982587798
  },
  "layer_18": {
    "task0": 0.863864412496311,
    "task1": 0.7191070449850331,
    "task2": 0.7182638391163203
  },
  "layer_19": {
    "task0": 0.8654138032800708,
    "task1": 0.6950651376533581,
    "task2": 0.7050676672709643
  },
  "layer_2": {
    "task0": 0.5,
    "task1": 0.13077069016400353,
    "task2": 0.11965091277035288
  },
  "layer_20": {
    "task0": 0.8788523968126818,
    "task1": 0.742685189088916,
    "task2": 0.7377102744635102
  },
  "layer_21": {
    "task0": 0.8250453223154434,
    "task1": 0.6845250642944475,
    "task2": 0.6964142670432987
  },
  "layer_22": {
    "task0": 0.8278911421223492,
    "task1": 0.6710021501749652,
    "task2": 0.6051583119018509
  },
  "layer_23": {
    "task0": 0.8243180572536785,
    "task1": 0.6905118259623086,
    "task2": 0.5835300813693663
  },
  "layer_3": {
    "task0": 0.5,
    "task1": 0.126122517812724,
    "task2": 0.1411948227159661
  },
  "layer_4": {
    "task0": 0.5385872085669716,
    "task1": 0.1743644335764577,
    "task2": 0.16921033770395041
  },
  "layer_5": {
    "task0": 0.5297230068721278,
    "task1": 0.23998693030903495,
    "task2": 0.21375268771870654
  },
  "layer_6": {
    "task0": 0.5203212614359796,
    "task1": 0.5040895484632573,
    "task2": 0.23019520215860703
  },
  "layer_7": {
    "task0": 0.5428348581306126,
    "task1": 0.47077237657574095,
    "task2": 0.4066360301867701
  },
  "layer_8": {
    "task0": 0.5004637632277921,
    "task1": 0.47244824823980774,
    "task2": 0.438941355031831
  },
  "layer_9": {
    "task0": 0.5007272650617648,
    "task1": 0.5667397445086217,
    "task2": 0.5260761414899447
  }
}