{
  "layer_0": {
    "task0": 0.5,
    "task1": 0.08166448838483915,
    "task2": 0.17355284792782158
  },
  "layer_1": {
    "task0": 0.5,
    "task1": 0.08611239934229942,
    "task2": 0.1475610270247481
  },
  "layer_10": {
    "task0": 0.5,
    "task1": 0.17279396264598001,
    "task2": 0.1323306210211223
  },
  "layer_11": {
    "task0": 0.5004426830810742,
    "task1": 0.1103967283612294,
    "task2": 0.13284708461570893
  },
  "layer_12": {
    "task0": 0.5026455584130866,
    "task1": 0.11352713014882583,
    "task2": 0.11587756650786289
  },
  "layer_13": {
    "task0": 0.5065032252624478,
    "task1": 0.1277456891099962,
    "task2": 0.10682364349255871
  },
  "layer_14": {
    "task0": 0.49866141068341835,
    "task1": 0.0893798220835617,
    "task2": 0.12208566971626122
  },
  "layer_15": {
    "task0": 0.5001475610270247,
    "task1": 0.1467705215228298,
    "task2": 0.13046502803659513
  },
  "layer_16": {
    "task0": 0.5015810110038366,
    "task1": 0.13902356760403053,
    "task2": 0.1459694759475526
  },
  "layer_17": {
    "task0": 0.4989565327374679,
    "task1": 0.11945065137653359,
    "task2": 0.1611050212909482
  },
  "layer_18": {
    "task0": 0.4995994772123614,
    "task1": 0.1371158143260677,
    "task2": 0.09998313588262574
  },
  "layer_19": {
    "task0": 0.4999578397065644,
    "task1": 0.10186980901387073,
    "task2": 0.12390910240735276
  },
  "layer_2": {
    "task0": 0.5,
    "task1": 0.08049454024200009,
    "task2": 0.11958767233019942
  },
  "layer_20": {
    "task0": 0.5012648088030692,
    "task1": 0.14163750579704035,
    "task2": 0.1643302837387748
  },
  "layer_21": {
    "task0": 0.5024242168725495,
    "task1": 0.13210927948058518,
    "task2": 0.10915299970487795
  },
  "layer_22": {
    "task0": 0.5,
    "task1": 0.11541380328007082,
    "task2": 0.16652261899742823
  },
  "layer_23": {
    "task0": 0.4985981702432649,
    "task1": 0.15283106370420338,
    "task2": 0.1378009190943969
  },
  "layer_3": {
    "task0": 0.5,
    "task1": 0.08611239934229942,
    "task2": 0.1819427463215144
  },
  "layer_4": {
    "task0": 0.5,
    "task1": 0.08611239934229942,
    "task2": 0.11939795100973903
  },
  "layer_5": {
    "task0": 0.5,
    "task1": 0.10232303216830389,
    "task2": 0.11939795100973903
  },
  "layer_6": {
    "task0": 0.5,
    "task1": 0.09022302795227455,
    "task2": 0.11908174880897171
  },
  "layer_7": {
    "task0": 0.5,
    "task1": 0.12530039209072896,
    "task2": 0.12167460685526371
  },
  "layer_8": {
    "task0": 0.5011383279227624,
    "task1": 0.11804882161979847,
    "task2": 0.16821957080821281
  },
  "layer_9": {
    "task0": 0.49935705552510645,
    "task1": 0.08727180741177959,
    "task2": 0.1662907373835322
  }
}