{
  "layer_0": {
    "task0": 0.5,
    "task1": 0.126122517812724,
    "task2": 0.17243560015177706
  },
  "layer_1": {
    "task0": 0.5,
    "task1": 0.13834900290906024,
    "task2": 0.1759454445802943
  },
  "layer_10": {
    "task0": 0.505881360934272,
    "task1": 0.5187086302120663,
    "task2": 0.2601079303511952
  },
  "layer_11": {
    "task0": 0.5082317972933091,
    "task1": 0.6364412496310974,
    "task2": 0.2653568868839327
  },
  "layer_12": {
    "task0": 0.5127429486909229,
    "task1": 0.6138960327163877,
    "task2": 0.30476622117289937
  },
  "layer_13": {
    "task0": 0.5134491336059699,
    "task1": 0.6300223449555209,
    "task2": 0.29190733167502847
  },
  "layer_14": {
    "task0": 0.5109405961465492,
    "task1": 0.6458640752139635,
    "task2": 0.2903579408912686
  },
  "layer_15": {
    "task0": 0.5116573211349551,
    "task1": 0.655107719549728,
    "task2": 0.2954066360301868
  },
  "layer_16": {
    "task0": 0.5107508748260888,
    "task1": 0.62258105316413,
    "task2": 0.28860828871368943
  },
  "layer_17": {
    "task0": 0.508368818246975,
    "task1": 0.568837219107045,
    "task2": 0.29278215776381805
  },
  "layer_18": {
    "task0": 0.508727180741178,
    "task1": 0.5468190058602808,
    "task2": 0.2927505375437413
  },
  "layer_19": {
    "task0": 0.5079682954593364,
    "task1": 0.5336860744550782,
    "task2": 0.2831696108604916
  },
  "layer_2": {
    "task0": 0.5003689025675618,
    "task1": 0.12748218727602345,
    "task2": 0.1736687887347696
  },
  "layer_20": {
    "task0": 0.5089063619882794,
    "task1": 0.4974914625405793,
    "task2": 0.2869113369029048
  },
  "layer_21": {
    "task0": 0.5078312745056706,
    "task1": 0.4930330115097601,
    "task2": 0.2808718748682491
  },
  "layer_22": {
    "task0": 0.5086217800075888,
    "task1": 0.4549517264640162,
    "task2": 0.2735254437370884
  },
  "layer_23": {
    "task0": 0.5067667270964206,
    "task1": 0.42542898098570764,
    "task2": 0.2708061048104895
  },
  "layer_3": {
    "task0": 0.5,
    "task1": 0.1522618997428222,
    "task2": 0.17364770858805179
  },
  "layer_4": {
    "task0": 0.500822125721995,
    "task1": 0.19260930056073192,
    "task2": 0.17375310932164087
  },
  "layer_5": {
    "task0": 0.500695644841688,
    "task1": 0.33644968168978456,
    "task2": 0.17462793541043045
  },
  "layer_6": {
    "task0": 0.5008642860154306,
    "task1": 0.3723913318436696,
    "task2": 0.17648298832159873
  },
  "layer_7": {
    "task0": 0.5005164635945866,
    "task1": 0.5627661368523125,
    "task2": 0.175977064800371
  },
  "layer_8": {
    "task0": 0.4972279607066065,
    "task1": 0.42509169863822255,
    "task2": 0.17849614233315064
  },
  "layer_9": {
    "task0": 0.49894599266410894,
    "task1": 0.4534971963404865,
    "task2": 0.21554450018972132
  }
}