{
  "layer_0": {
    "task0": 0.5,
    "task1": 0.12532147223744677,
    "task2": 0.17355284792782158
  },
  "layer_1": {
    "task0": 0.5,
    "task1": 0.12532147223744677,
    "task2": 0.18179518529448965
  },
  "layer_10": {
    "task0": 0.4950040052278764,
    "task1": 0.12532147223744677,
    "task2": 0.17355284792782158
  },
  "layer_11": {
    "task0": 0.5,
    "task1": 0.16573211349550993,
    "task2": 0.19358952738311058
  },
  "layer_12": {
    "task0": 0.5,
    "task1": 0.12532147223744677,
    "task2": 0.10586449681689784
  },
  "layer_13": {
    "task0": 0.5,
    "task1": 0.15611956659218348,
    "task2": 0.10809899236898689
  },
  "layer_14": {
    "task0": 0.5180024452970192,
    "task1": 0.12527931194401112,
    "task2": 0.12417260424132552
  },
  "layer_15": {
    "task0": 0.5,
    "task1": 0.13255196256165944,
    "task2": 0.17355284792782158
  },
  "layer_16": {
    "task0": 0.5,
    "task1": 0.12532147223744677,
    "task2": 0.18179518529448965
  },
  "layer_17": {
    "task0": 0.5,
    "task1": 0.10855221552342004,
    "task2": 0.15507609932965133
  },
  "layer_18": {
    "task0": 0.5033412032547746,
    "task1": 0.07852354652388381,
    "task2": 0.1736898688814874
  },
  "layer_19": {
    "task0": 0.5,
    "task1": 0.18699144146043256,
    "task2": 0.18060415700493276
  },
  "layer_2": {
    "task0": 0.5,
    "task1": 0.12532147223744677,
    "task2": 0.10375648214511574
  },
  "layer_20": {
    "task0": 0.5,
    "task1": 0.12532147223744677,
    "task2": 0.1614001433449977
  },
  "layer_21": {
    "task0": 0.5,
    "task1": 0.12530039209072896,
    "task2": 0.1769783717694675
  },
  "layer_22": {
    "task0": 0.5,
    "task1": 0.13629368860407268,
    "task2": 0.11958767233019942
  },
  "layer_23": {
    "task0": 0.5,
    "task1": 0.10566423542307854,
    "task2": 0.14491546861166155
  },
  "layer_24": {
    "task0": 0.5001475610270247,
    "task1": 0.06442092836966146,
    "task2": 0.19233525865340023
  },
  "layer_25": {
    "task0": 0.5,
    "task1": 0.0867869640372697,
    "task2": 0.08283443652767823
  },
  "layer_26": {
    "task0": 0.5,
    "task1": 0.1668072009781188,
    "task2": 0.1430814958472111
  },
  "layer_27": {
    "task0": 0.5,
    "task1": 0.08611239934229942,
    "task2": 0.1411948227159661
  },
  "layer_28": {
    "task0": 0.5,
    "task1": 0.15716303385471564,
    "task2": 0.11021754711412791
  },
  "layer_29": {
    "task0": 0.5,
    "task1": 0.12532147223744677,
    "task2": 0.1720561575108563
  },
  "layer_3": {
    "task0": 0.5,
    "task1": 0.12532147223744677,
    "task2": 0.07359079219191365
  },
  "layer_30": {
    "task0": 0.5114465196677769,
    "task1": 0.1668072009781188,
    "task2": 0.11959821240355833
  },
  "layer_31": {
    "task0": 0.5,
    "task1": 0.12526877187065222,
    "task2": 0.1170685947974198
  },
  "layer_4": {
    "task0": 0.5,
    "task1": 0.08611239934229942,
    "task2": 0.17355284792782158
  },
  "layer_5": {
    "task0": 0.5,
    "task1": 0.12532147223744677,
    "task2": 0.11958767233019942
  },
  "layer_6": {
    "task0": 0.5,
    "task1": 0.12532147223744677,
    "task2": 0.17355284792782158
  },
  "layer_7": {
    "task0": 0.5,
    "task1": 0.08611239934229942,
    "task2": 0.1411948227159661
  },
  "layer_8": {
    "task0": 0.4843690712087356,
    "task1": 0.12267591382436022,
    "task2": 0.11958767233019942
  },
  "layer_9": {
    "task0": 0.5,
    "task1": 0.12532147223744677,
    "task2": 0.19000590244108098
  }
}