{
  "layer_0": {
    "task0": 0.5,
    "task1": 0.168198490661495,
    "task2": 0.18179518529448965
  },
  "layer_1": {
    "task0": 0.5,
    "task1": 0.16768202706690838,
    "task2": 0.18597959441797715
  },
  "layer_10": {
    "task0": 0.6343437750326743,
    "task1": 0.5548927020532063,
    "task2": 0.5537965344238795
  },
  "layer_11": {
    "task0": 0.6123150217125511,
    "task1": 0.5207534044436949,
    "task2": 0.5394936548758379
  },
  "layer_12": {
    "task0": 0.6744698343100468,
    "task1": 0.46052742527087986,
    "task2": 0.5802837387748219
  },
  "layer_13": {
    "task0": 0.6794131287153758,
    "task1": 0.4914520005059235,
    "task2": 0.5207850246637716
  },
  "layer_14": {
    "task0": 0.6885724524642691,
    "task1": 0.46806357772250096,
    "task2": 0.5030039209072895
  },
  "layer_15": {
    "task0": 0.7804397318605337,
    "task1": 0.4323327290357941,
    "task2": 0.5301024495130486
  },
  "layer_16": {
    "task0": 0.8118491504700873,
    "task1": 0.433523757325351,
    "task2": 0.5701125679834732
  },
  "layer_17": {
    "task0": 0.7612567983473165,
    "task1": 0.4193895189510519,
    "task2": 0.5628188372191071
  },
  "layer_18": {
    "task0": 0.7860997512542687,
    "task1": 0.44115477043720225,
    "task2": 0.4971014798262996
  },
  "layer_19": {
    "task0": 0.7598444285172224,
    "task1": 0.47921497533622837,
    "task2": 0.668788734769594
  },
  "layer_2": {
    "task0": 0.5,
    "task1": 0.24445592141321304,
    "task2": 0.18378725915932376
  },
  "layer_20": {
    "task0": 0.7542792697837177,
    "task1": 0.460632826004469,
    "task2": 0.606560141658586
  },
  "layer_21": {
    "task0": 0.8419621400564948,
    "task1": 0.44562376154138034,
    "task2": 0.6920822968927863
  },
  "layer_22": {
    "task0": 0.8166659639951094,
    "task1": 0.48416880981491633,
    "task2": 0.6866646991863063
  },
  "layer_23": {
    "task0": 0.7879126438720013,
    "task1": 0.5004532231544332,
    "task2": 0.6563725283527974
  },
  "layer_24": {
    "task0": 0.7966503646865383,
    "task1": 0.5045638517644083,
    "task2": 0.6369893334457608
  },
  "layer_25": {
    "task0": 0.7926135165900755,
    "task1": 0.5204055820228509,
    "task2": 0.667850668240651
  },
  "layer_26": {
    "task0": 0.7317762131624436,
    "task1": 0.49944137611197775,
    "task2": 0.6543382941945276
  },
  "layer_27": {
    "task0": 0.7592752645558413,
    "task1": 0.5378283232851301,
    "task2": 0.6554028416037776
  },
  "layer_28": {
    "task0": 0.6882035498967073,
    "task1": 0.5045111513976137,
    "task2": 0.7093890973481175
  },
  "layer_29": {
    "task0": 0.719823769973439,
    "task1": 0.5059656815211434,
    "task2": 0.6899742822210042
  },
  "layer_3": {
    "task0": 0.5,
    "task1": 0.4729120114675998,
    "task2": 0.30856064758210716
  },
  "layer_30": {
    "task0": 0.7598128082971457,
    "task1": 0.5682048147055103,
    "task2": 0.6797609511362199
  },
  "layer_31": {
    "task0": 0.6635608583835744,
    "task1": 0.5352670854589148,
    "task2": 0.6630970951557823
  },
  "layer_4": {
    "task0": 0.560341919979763,
    "task1": 0.4790674143092036,
    "task2": 0.33256039462034653
  },
  "layer_5": {
    "task0": 0.5003794426409208,
    "task1": 0.4380138285762469,
    "task2": 0.3651924617395337
  },
  "layer_6": {
    "task0": 0.501760192250938,
    "task1": 0.7604030524052448,
    "task2": 0.3741409840212488
  },
  "layer_7": {
    "task0": 0.5163371137063114,
    "task1": 0.7811669969222986,
    "task2": 0.48414772966819847
  },
  "layer_8": {
    "task0": 0.5426978371769468,
    "task1": 0.6994181879505882,
    "task2": 0.4289388254142249
  },
  "layer_9": {
    "task0": 0.6135165900754669,
    "task1": 0.5740861756397825,
    "task2": 0.6435241789282854
  }
}