{
  "layer_0": {
    "task0": 0.49927273493823515,
    "task1": 0.09600952822631645,
    "task2": 0.18179518529448965
  },
  "layer_1": {
    "task0": 0.5,
    "task1": 0.09773810025717779,
    "task2": 0.18179518529448965
  },
  "layer_10": {
    "task0": 0.5611851258484759,
    "task1": 0.7598549685905814,
    "task2": 0.4992832750115941
  },
  "layer_11": {
    "task0": 0.6012268645389772,
    "task1": 0.7452991272819259,
    "task2": 0.49235844681478985
  },
  "layer_12": {
    "task0": 0.7258421518613769,
    "task1": 0.6361988279438425,
    "task2": 0.5250221341540537
  },
  "layer_13": {
    "task0": 0.7629748303048189,
    "task1": 0.6903115645684894,
    "task2": 0.49129389940553986
  },
  "layer_14": {
    "task0": 0.5826552552805767,
    "task1": 0.7177473755217336,
    "task2": 0.5120367637758759
  },
  "layer_15": {
    "task0": 0.6794342088620937,
    "task1": 0.7270648003710106,
    "task2": 0.5574223196593449
  },
  "layer_16": {
    "task0": 0.6752076394451706,
    "task1": 0.7446351026603145,
    "task2": 0.4261773261941903
  },
  "layer_17": {
    "task0": 0.5904338294194528,
    "task1": 0.6053374931489524,
    "task2": 0.3959483958008348
  },
  "layer_18": {
    "task0": 0.654169653020785,
    "task1": 0.5467557654201273,
    "task2": 0.3261520300181289
  },
  "layer_19": {
    "task0": 0.5459441797714912,
    "task1": 0.46089632783844176,
    "task2": 0.3638327922762342
  },
  "layer_2": {
    "task0": 0.5,
    "task1": 0.14154264513681014,
    "task2": 0.18179518529448965
  },
  "layer_20": {
    "task0": 0.5017812723976559,
    "task1": 0.3540199839790885,
    "task2": 0.4000906446308866
  },
  "layer_21": {
    "task0": 0.5054702980732746,
    "task1": 0.33941144230363846,
    "task2": 0.39077321978160967
  },
  "layer_22": {
    "task0": 0.5753615245162106,
    "task1": 0.33425734643113114,
    "task2": 0.4107044985033096
  },
  "layer_23": {
    "task0": 0.5000632404401535,
    "task1": 0.35196466967410095,
    "task2": 0.34538766389814074
  },
  "layer_3": {
    "task0": 0.5,
    "task1": 0.1419853282178844,
    "task2": 0.18179518529448965
  },
  "layer_4": {
    "task0": 0.5,
    "task1": 0.28110375648214514,
    "task2": 0.18179518529448965
  },
  "layer_5": {
    "task0": 0.5155466082043931,
    "task1": 0.3744888064420928,
    "task2": 0.1931046840086007
  },
  "layer_6": {
    "task0": 0.5260129010497913,
    "task1": 0.520742864370336,
    "task2": 0.18685442050676673
  },
  "layer_7": {
    "task0": 0.5213014882583583,
    "task1": 0.5202158607023905,
    "task2": 0.20662759812808298
  },
  "layer_8": {
    "task0": 0.502118554745141,
    "task1": 0.6413529238163498,
    "task2": 0.19123909102407352
  },
  "layer_9": {
    "task0": 0.5016126312239133,
    "task1": 0.5234095029301404,
    "task2": 0.4061511868122602
  }
}