{
  "layer_0": {
    "task0": 0.4999789136302294,
    "task1": 0.16702513495276652,
    "task2": 0.1818277665317139
  },
  "layer_1": {
    "task0": 0.4999789136302294,
    "task1": 0.16679318488529016,
    "task2": 0.1780005904183536
  },
  "layer_10": {
    "task0": 0.4999789136302294,
    "task1": 0.1178306342780027,
    "task2": 0.17354082321187583
  },
  "layer_11": {
    "task0": 0.4999789136302294,
    "task1": 0.20170167004048584,
    "task2": 0.17471111673414305
  },
  "layer_12": {
    "task0": 0.4999789136302294,
    "task1": 0.21995192307692307,
    "task2": 0.11263284412955465
  },
  "layer_13": {
    "task0": 0.4999789136302294,
    "task1": 0.1561445681511471,
    "task2": 0.2112432523616734
  },
  "layer_14": {
    "task0": 0.5207384446693657,
    "task1": 0.18441084682860998,
    "task2": 0.3590587044534413
  },
  "layer_15": {
    "task0": 0.4999894568151147,
    "task1": 0.12943868083670715,
    "task2": 0.3362432523616734
  },
  "layer_16": {
    "task0": 0.6327070681511471,
    "task1": 0.20030996963562753,
    "task2": 0.41228070175438597
  },
  "layer_17": {
    "task0": 0.5000843454790823,
    "task1": 0.2812394568151147,
    "task2": 0.34499409581646423
  },
  "layer_18": {
    "task0": 0.5420462213225371,
    "task1": 0.144694669365722,
    "task2": 0.23592484817813766
  },
  "layer_19": {
    "task0": 0.5090565958164642,
    "task1": 0.2490300269905533,
    "task2": 0.40607076585695007
  },
  "layer_2": {
    "task0": 0.5000210863697706,
    "task1": 0.16679318488529016,
    "task2": 0.1818277665317139
  },
  "layer_20": {
    "task0": 0.4999789136302294,
    "task1": 0.13952850877192982,
    "task2": 0.4024966261808367
  },
  "layer_21": {
    "task0": 0.5119770580296896,
    "task1": 0.22091135290148448,
    "task2": 0.4342948717948718
  },
  "layer_22": {
    "task0": 0.5181342780026991,
    "task1": 0.15653466599190283,
    "task2": 0.4960252192982456
  },
  "layer_23": {
    "task0": 0.5246499662618084,
    "task1": 0.1268134278002699,
    "task2": 0.4102247807017544
  },
  "layer_24": {
    "task0": 0.5114182692307693,
    "task1": 0.12654984817813766,
    "task2": 0.30295841767881243
  },
  "layer_25": {
    "task0": 0.5078230431848852,
    "task1": 0.11892712550607287,
    "task2": 0.3170968286099865
  },
  "layer_26": {
    "task0": 0.503194585020243,
    "task1": 0.11810475708502025,
    "task2": 0.27361673414304993
  },
  "layer_27": {
    "task0": 0.5626581477732794,
    "task1": 0.1178200910931174,
    "task2": 0.11281207827260459
  },
  "layer_28": {
    "task0": 0.5193783738191633,
    "task1": 0.1178306342780027,
    "task2": 0.21709471997300944
  },
  "layer_29": {
    "task0": 0.534919028340081,
    "task1": 0.11821018893387314,
    "task2": 0.12893260796221323
  },
  "layer_3": {
    "task0": 0.5000210863697706,
    "task1": 0.16679318488529016,
    "task2": 0.17354082321187583
  },
  "layer_30": {
    "task0": 0.5460210020242915,
    "task1": 0.1178200910931174,
    "task2": 0.10128837719298246
  },
  "layer_31": {
    "task0": 0.5507127192982456,
    "task1": 0.11784117746288798,
    "task2": 0.17419450067476383
  },
  "layer_4": {
    "task0": 0.4999789136302294,
    "task1": 0.16679318488529016,
    "task2": 0.17354082321187583
  },
  "layer_5": {
    "task0": 0.5000210863697706,
    "task1": 0.1178200910931174,
    "task2": 0.17354082321187583
  },
  "layer_6": {
    "task0": 0.4999789136302294,
    "task1": 0.1178200910931174,
    "task2": 0.17354082321187583
  },
  "layer_7": {
    "task0": 0.4999789136302294,
    "task1": 0.1178200910931174,
    "task2": 0.17353028002699056
  },
  "layer_8": {
    "task0": 0.5000210863697706,
    "task1": 0.1178200910931174,
    "task2": 0.17353028002699056
  },
  "layer_9": {
    "task0": 0.4999789136302294,
    "task1": 0.1178200910931174,
    "task2": 0.17354082321187583
  }
}