{
  "layer_0": {
    "task0": 0.4999789136302294,
    "task1": 0.2650029520917679,
    "task2": 0.1818277665317139
  },
  "layer_1": {
    "task0": 0.4999789136302294,
    "task1": 0.2804908906882591,
    "task2": 0.1894188596491228
  },
  "layer_10": {
    "task0": 0.5205170377867746,
    "task1": 0.26435981781376516,
    "task2": 0.270601383265857
  },
  "layer_11": {
    "task0": 0.5361104082321188,
    "task1": 0.3159476214574899,
    "task2": 0.3145137483130904
  },
  "layer_12": {
    "task0": 0.6751328441295547,
    "task1": 0.3407662786774629,
    "task2": 0.3226847165991903
  },
  "layer_13": {
    "task0": 0.6112516869095816,
    "task1": 0.3334598515519568,
    "task2": 0.2980874662618084
  },
  "layer_14": {
    "task0": 0.6661184210526315,
    "task1": 0.3453631072874494,
    "task2": 0.3639718286099865
  },
  "layer_15": {
    "task0": 0.6231022267206477,
    "task1": 0.3697811234817814,
    "task2": 0.39665570175438597
  },
  "layer_16": {
    "task0": 0.6024375843454791,
    "task1": 0.3279035931174089,
    "task2": 0.34690241228070173
  },
  "layer_17": {
    "task0": 0.5390941295546559,
    "task1": 0.35804655870445345,
    "task2": 0.3573296221322537
  },
  "layer_18": {
    "task0": 0.5506705465587044,
    "task1": 0.3688638663967611,
    "task2": 0.3283674932523617
  },
  "layer_19": {
    "task0": 0.5296474358974359,
    "task1": 0.4236251686909582,
    "task2": 0.37526357962213225
  },
  "layer_2": {
    "task0": 0.5015709345479082,
    "task1": 0.30411816801619435,
    "task2": 0.227216177462888
  },
  "layer_20": {
    "task0": 0.518387314439946,
    "task1": 0.4537470479082321,
    "task2": 0.3374240890688259
  },
  "layer_21": {
    "task0": 0.509921136977058,
    "task1": 0.43316675101214575,
    "task2": 0.30816675101214575
  },
  "layer_22": {
    "task0": 0.5399586707152496,
    "task1": 0.4462508434547908,
    "task2": 0.35620150134952766
  },
  "layer_23": {
    "task0": 0.5263368758434548,
    "task1": 0.4182481443994602,
    "task2": 0.3400177125506073
  },
  "layer_24": {
    "task0": 0.5636281207827261,
    "task1": 0.44903424426450744,
    "task2": 0.33933240553306343
  },
  "layer_25": {
    "task0": 0.5643661437246964,
    "task1": 0.40136850539811064,
    "task2": 0.43186993927125505
  },
  "layer_26": {
    "task0": 0.567370951417004,
    "task1": 0.375400641025641,
    "task2": 0.3682734480431849
  },
  "layer_27": {
    "task0": 0.5394104251012146,
    "task1": 0.3248144399460189,
    "task2": 0.393461116734143
  },
  "layer_28": {
    "task0": 0.5561530026990553,
    "task1": 0.3633603238866397,
    "task2": 0.31499873481781376
  },
  "layer_29": {
    "task0": 0.5573127530364372,
    "task1": 0.3225371120107962,
    "task2": 0.3115300269905533
  },
  "layer_3": {
    "task0": 0.5000210863697706,
    "task1": 0.3464174257759784,
    "task2": 0.21507042847503374
  },
  "layer_30": {
    "task0": 0.5371225539811066,
    "task1": 0.304286858974359,
    "task2": 0.3495698380566802
  },
  "layer_31": {
    "task0": 0.5439229082321188,
    "task1": 0.22403213562753035,
    "task2": 0.3343138495276653
  },
  "layer_4": {
    "task0": 0.4999789136302294,
    "task1": 0.3430119770580297,
    "task2": 0.1955444500674764
  },
  "layer_5": {
    "task0": 0.5,
    "task1": 0.5378184041835358,
    "task2": 0.16664558029689608
  },
  "layer_6": {
    "task0": 0.5040274966261808,
    "task1": 0.32455086032388664,
    "task2": 0.18028846153846154
  },
  "layer_7": {
    "task0": 0.5104904689608637,
    "task1": 0.3481359649122807,
    "task2": 0.1935939608636977
  },
  "layer_8": {
    "task0": 0.5015393049932524,
    "task1": 0.34715544871794873,
    "task2": 0.1967042004048583
  },
  "layer_9": {
    "task0": 0.5093518049932524,
    "task1": 0.3390582827260459,
    "task2": 0.23108552631578946
  }
}