{
  "layer_0": {
    "task0": 0.5,
    "task1": 0.1668072009781188,
    "task2": 0.18179518529448965
  },
  "layer_1": {
    "task0": 0.5,
    "task1": 0.1668072009781188,
    "task2": 0.18009823348370504
  },
  "layer_10": {
    "task0": 0.5,
    "task1": 0.11969307306378853,
    "task2": 0.17355284792782158
  },
  "layer_11": {
    "task0": 0.5,
    "task1": 0.15408533243391373,
    "task2": 0.17355284792782158
  },
  "layer_12": {
    "task0": 0.5,
    "task1": 0.13577722500948605,
    "task2": 0.10486318984780134
  },
  "layer_13": {
    "task0": 0.5,
    "task1": 0.12536363253088242,
    "task2": 0.19306252371516505
  },
  "layer_14": {
    "task0": 0.5009802268223786,
    "task1": 0.12749272734938236,
    "task2": 0.23272481976474557
  },
  "layer_15": {
    "task0": 0.5,
    "task1": 0.12561659429149627,
    "task2": 0.31849993675955984
  },
  "layer_16": {
    "task0": 0.589822505164636,
    "task1": 0.13315274674311733,
    "task2": 0.3011615160841519
  },
  "layer_17": {
    "task0": 0.5,
    "task1": 0.22273283022049833,
    "task2": 0.23382098739407225
  },
  "layer_18": {
    "task0": 0.5933955900333067,
    "task1": 0.16378219992411147,
    "task2": 0.17434335342973986
  },
  "layer_19": {
    "task0": 0.5081790969265146,
    "task1": 0.26607361187233863,
    "task2": 0.36593026687465746
  },
  "layer_2": {
    "task0": 0.5,
    "task1": 0.1668072009781188,
    "task2": 0.18179518529448965
  },
  "layer_20": {
    "task0": 0.5,
    "task1": 0.17680973059572494,
    "task2": 0.26650575488005396
  },
  "layer_21": {
    "task0": 0.5121105442893883,
    "task1": 0.24686959821240356,
    "task2": 0.24714364011973522
  },
  "layer_22": {
    "task0": 0.5655697963657828,
    "task1": 0.22052995488848604,
    "task2": 0.35494751043467265
  },
  "layer_23": {
    "task0": 0.5370061975631351,
    "task1": 0.22138370083055778,
    "task2": 0.2968400860069986
  },
  "layer_24": {
    "task0": 0.5099919895442472,
    "task1": 0.23662464690754248,
    "task2": 0.2921392132889245
  },
  "layer_25": {
    "task0": 0.5512247565243054,
    "task1": 0.17969771069606644,
    "task2": 0.28022893039335556
  },
  "layer_26": {
    "task0": 0.5,
    "task1": 0.12921075930688478,
    "task2": 0.23420043003499305
  },
  "layer_27": {
    "task0": 0.5519309414393524,
    "task1": 0.11781694000590244,
    "task2": 0.07390699439268097
  },
  "layer_28": {
    "task0": 0.511794342088621,
    "task1": 0.11781694000590244,
    "task2": 0.17531304017875965
  },
  "layer_29": {
    "task0": 0.525232935621232,
    "task1": 0.11784856022597917,
    "task2": 0.08680804418398752
  },
  "layer_3": {
    "task0": 0.5,
    "task1": 0.1668072009781188,
    "task2": 0.17355284792782158
  },
  "layer_30": {
    "task0": 0.5362894725747291,
    "task1": 0.11781694000590244,
    "task2": 0.07366457270542603
  },
  "layer_31": {
    "task0": 0.503414983768287,
    "task1": 0.11782748007926135,
    "task2": 0.09423879590201947
  },
  "layer_4": {
    "task0": 0.5,
    "task1": 0.1668072009781188,
    "task2": 0.17355284792782158
  },
  "layer_5": {
    "task0": 0.5,
    "task1": 0.11781694000590244,
    "task2": 0.17355284792782158
  },
  "layer_6": {
    "task0": 0.5,
    "task1": 0.11781694000590244,
    "task2": 0.17355284792782158
  },
  "layer_7": {
    "task0": 0.5,
    "task1": 0.11781694000590244,
    "task2": 0.17355284792782158
  },
  "layer_8": {
    "task0": 0.5,
    "task1": 0.11781694000590244,
    "task2": 0.17355284792782158
  },
  "layer_9": {
    "task0": 0.5,
    "task1": 0.12107382267380581,
    "task2": 0.17355284792782158
  }
}