{
  "layer_0": {
    "task0": 0.5,
    "task1": 0.15631982798600277,
    "task2": 0.17634596736793287
  },
  "layer_1": {
    "task0": 0.5004110628609975,
    "task1": 0.13654665036468655,
    "task2": 0.18352375732535098
  },
  "layer_10": {
    "task0": 0.5064294447489355,
    "task1": 0.30865550824233734,
    "task2": 0.2640393777140689
  },
  "layer_11": {
    "task0": 0.5057654201273241,
    "task1": 0.2786057590960833,
    "task2": 0.2824001855052911
  },
  "layer_12": {
    "task0": 0.5124794468569501,
    "task1": 0.25362578523546525,
    "task2": 0.3392744213499726
  },
  "layer_13": {
    "task0": 0.513681015219866,
    "task1": 0.2893566339221721,
    "task2": 0.33699776550444793
  },
  "layer_14": {
    "task0": 0.5090223027952274,
    "task1": 0.28672161558244447,
    "task2": 0.3256144862768245
  },
  "layer_15": {
    "task0": 0.5074834520848265,
    "task1": 0.29631308233905307,
    "task2": 0.32270542602976515
  },
  "layer_16": {
    "task0": 0.5059551414477845,
    "task1": 0.2262953750158101,
    "task2": 0.29745141026181543
  },
  "layer_17": {
    "task0": 0.5069353682701632,
    "task1": 0.2154074792360555,
    "task2": 0.27426324887221215
  },
  "layer_18": {
    "task0": 0.5045743918377672,
    "task1": 0.2221952864791939,
    "task2": 0.26325941228550953
  },
  "layer_19": {
    "task0": 0.5015599308571188,
    "task1": 0.20857751169948144,
    "task2": 0.250347822420844
  },
  "layer_2": {
    "task0": 0.5,
    "task1": 0.1450735697120452,
    "task2": 0.18960537965344237
  },
  "layer_20": {
    "task0": 0.5034887642817995,
    "task1": 0.20987394072262744,
    "task2": 0.22843500990766896
  },
  "layer_21": {
    "task0": 0.5018339727644504,
    "task1": 0.21327838441755553,
    "task2": 0.20196888570344448
  },
  "layer_22": {
    "task0": 0.5009696867490198,
    "task1": 0.18947889877313545,
    "task2": 0.16990598254563852
  },
  "layer_23": {
    "task0": 0.49915679413128716,
    "task1": 0.2001770732324297,
    "task2": 0.16188498671950757
  },
  "layer_3": {
    "task0": 0.5,
    "task1": 0.21717821156035247,
    "task2": 0.18843543151060332
  },
  "layer_4": {
    "task0": 0.4999578397065644,
    "task1": 0.3138517644082803,
    "task2": 0.1830599940975589
  },
  "layer_5": {
    "task0": 0.4989986930309035,
    "task1": 0.31601247944685695,
    "task2": 0.18757114549517265
  },
  "layer_6": {
    "task0": 0.5039841477296682,
    "task1": 0.2745583709262617,
    "task2": 0.18571609258400437
  },
  "layer_7": {
    "task0": 0.501306969096505,
    "task1": 0.26150976010793037,
    "task2": 0.18644335764576922
  },
  "layer_8": {
    "task0": 0.5039419874362325,
    "task1": 0.2655782284244698,
    "task2": 0.18795058813609342
  },
  "layer_9": {
    "task0": 0.5025928580462921,
    "task1": 0.27178633163286814,
    "task2": 0.20846157089253342
  }
}