{
  "layer_0": {
    "task0": 0.498524389752369,
    "task1": 0.2875226608467442,
    "task2": 0.18179518519224402
  },
  "layer_1": {
    "task0": 0.4988932924028583,
    "task1": 0.2990429610340017,
    "task2": 0.18548421084226205
  },
  "layer_10": {
    "task0": 0.515114464490539,
    "task1": 0.8845440355582694,
    "task2": 0.3607656304529015
  },
  "layer_11": {
    "task0": 0.5162527925144476,
    "task1": 0.9034318471983697,
    "task2": 0.38965597163961685
  },
  "layer_12": {
    "task0": 0.5643893078549413,
    "task1": 0.915753192846251,
    "task2": 0.4124330705225485
  },
  "layer_13": {
    "task0": 0.5763839114278478,
    "task1": 0.9219929163651922,
    "task2": 0.42329988572712746
  },
  "layer_14": {
    "task0": 0.5759096070329357,
    "task1": 0.9259981448358908,
    "task2": 0.4617184530462245
  },
  "layer_15": {
    "task0": 0.5828660563368877,
    "task1": 0.930351194132967,
    "task2": 0.4639318681996726
  },
  "layer_16": {
    "task0": 0.581801509439023,
    "task1": 0.93182680422668,
    "task2": 0.4904612328151516
  },
  "layer_17": {
    "task0": 0.5777962815023262,
    "task1": 0.9361798548135274,
    "task2": 0.5013069681249359
  },
  "layer_18": {
    "task0": 0.5797251144533159,
    "task1": 0.9397740206223795,
    "task2": 0.5063029635758699
  },
  "layer_19": {
    "task0": 0.5812323454625641,
    "task1": 0.9439689691086895,
    "task2": 0.5142396382117076
  },
  "layer_2": {
    "task0": 0.4996310969436695,
    "task1": 0.3654875835545389,
    "task2": 0.19495973664397276
  },
  "layer_20": {
    "task0": 0.5783865254188127,
    "task1": 0.9422509369068028,
    "task2": 0.5136177737990341
  },
  "layer_21": {
    "task0": 0.5785340856448349,
    "task1": 0.9434630461063859,
    "task2": 0.5216914701911107
  },
  "layer_22": {
    "task0": 0.571609258113334,
    "task1": 0.9453497190309408,
    "task2": 0.5292487027335365
  },
  "layer_23": {
    "task0": 0.570091488222493,
    "task1": 0.946087524662372,
    "task2": 0.5263501828192981
  },
  "layer_24": {
    "task0": 0.5653484547222147,
    "task1": 0.9449386561548656,
    "task2": 0.5276255314664197
  },
  "layer_25": {
    "task0": 0.5636409630598389,
    "task1": 0.9452126983518147,
    "task2": 0.5292170820548465
  },
  "layer_26": {
    "task0": 0.5616805091179253,
    "task1": 0.9453602593863782,
    "task2": 0.5245583700586659
  },
  "layer_27": {
    "task0": 0.564990092633853,
    "task1": 0.9452548586301727,
    "task2": 0.529311943583929
  },
  "layer_28": {
    "task0": 0.5630612589120161,
    "task1": 0.9451810783459669,
    "task2": 0.5284054967033667
  },
  "layer_29": {
    "task0": 0.5576752812340005,
    "task1": 0.9452232386469415,
    "task2": 0.5224292757666289
  },
  "layer_3": {
    "task0": 0.5004532232690864,
    "task1": 0.45701758080938015,
    "task2": 0.21669336815128953
  },
  "layer_30": {
    "task0": 0.5513828571415745,
    "task1": 0.9434841260237972,
    "task2": 0.5198469577484627
  },
  "layer_31": {
    "task0": 0.5344344197552835,
    "task1": 0.9389835141353852,
    "task2": 0.516463594170097
  },
  "layer_4": {
    "task0": 0.5014756098735156,
    "task1": 0.5664235414942871,
    "task2": 0.22587377201972936
  },
  "layer_5": {
    "task0": 0.503646865045762,
    "task1": 0.7237762965161731,
    "task2": 0.2284560899051804
  },
  "layer_6": {
    "task0": 0.4986297902415739,
    "task1": 0.7886188282769196,
    "task2": 0.2450356252684343
  },
  "layer_7": {
    "task0": 0.49932543510587846,
    "task1": 0.8087819881884555,
    "task2": 0.2545111512708669
  },
  "layer_8": {
    "task0": 0.5026350179715806,
    "task1": 0.8458725067304818,
    "task2": 0.270658543627976
  },
  "layer_9": {
    "task0": 0.509190943502818,
    "task1": 0.8707154601682945,
    "task2": 0.32924027128549604
  }
}