{
  "layer_0": {
    "task0": 0.4999789136302294,
    "task1": 0.1627867746288799,
    "task2": 0.17780026990553308
  },
  "layer_1": {
    "task0": 0.4999894568151147,
    "task1": 0.13520580296896087,
    "task2": 0.19422655195681512
  },
  "layer_10": {
    "task0": 0.5903023785425101,
    "task1": 0.5429318488529015,
    "task2": 0.8337866902834008
  },
  "layer_11": {
    "task0": 0.7012904858299596,
    "task1": 0.5247764844804319,
    "task2": 0.8992914979757085
  },
  "layer_12": {
    "task0": 0.8537871120107963,
    "task1": 0.4642480600539811,
    "task2": 0.9330929487179487
  },
  "layer_13": {
    "task0": 0.9002192982456141,
    "task1": 0.5230474021592443,
    "task2": 0.8850371120107963
  },
  "layer_14": {
    "task0": 0.890477395411606,
    "task1": 0.4609269568151147,
    "task2": 0.7458987010796221
  },
  "layer_15": {
    "task0": 0.8064798414304993,
    "task1": 0.47331519905533065,
    "task2": 0.8277243589743589
  },
  "layer_16": {
    "task0": 0.7974443319838057,
    "task1": 0.3316464237516869,
    "task2": 0.7705592105263158
  },
  "layer_17": {
    "task0": 0.778888326585695,
    "task1": 0.2855410762483131,
    "task2": 0.730885205802969
  },
  "layer_18": {
    "task0": 0.7466788967611336,
    "task1": 0.2911922233468286,
    "task2": 0.6618484311740891
  },
  "layer_19": {
    "task0": 0.6978112348178138,
    "task1": 0.2699160762483131,
    "task2": 0.6031334345479082
  },
  "layer_2": {
    "task0": 0.5000210863697706,
    "task1": 0.17880187246963564,
    "task2": 0.14141573886639677
  },
  "layer_20": {
    "task0": 0.6598557692307693,
    "task1": 0.26474991565452094,
    "task2": 0.5407177800269906
  },
  "layer_21": {
    "task0": 0.6298393218623481,
    "task1": 0.26473937246963564,
    "task2": 0.44131663292847506
  },
  "layer_22": {
    "task0": 0.6128542510121457,
    "task1": 0.22363149460188933,
    "task2": 0.3534075573549258
  },
  "layer_23": {
    "task0": 0.6031018049932524,
    "task1": 0.23125421727395412,
    "task2": 0.3187204790823212
  },
  "layer_3": {
    "task0": 0.5000210863697706,
    "task1": 0.1753964237516869,
    "task2": 0.15163208502024292
  },
  "layer_4": {
    "task0": 0.5466641363022942,
    "task1": 0.25302589406207826,
    "task2": 0.3875463900134953
  },
  "layer_5": {
    "task0": 0.5321672570850202,
    "task1": 0.35801492914979755,
    "task2": 0.358320681511471
  },
  "layer_6": {
    "task0": 0.5221723178137652,
    "task1": 0.40811614372469635,
    "task2": 0.37932270580296895
  },
  "layer_7": {
    "task0": 0.547528677462888,
    "task1": 0.4346533400809717,
    "task2": 0.5028888326585695
  },
  "layer_8": {
    "task0": 0.5198528171390013,
    "task1": 0.4518492746288799,
    "task2": 0.6038820006747638
  },
  "layer_9": {
    "task0": 0.5153297908232118,
    "task1": 0.47329411268556004,
    "task2": 0.7801113360323887
  }
}