{
  "layer_0": {
    "task0": 0.4999789136302294,
    "task1": 0.2720457995951417,
    "task2": 0.1841999831309042
  },
  "layer_1": {
    "task0": 0.4999789136302294,
    "task1": 0.29330086032388664,
    "task2": 0.1820597165991903
  },
  "layer_10": {
    "task0": 0.502614709851552,
    "task1": 0.46465924426450744,
    "task2": 0.4031819331983806
  },
  "layer_11": {
    "task0": 0.5208017037786775,
    "task1": 0.5425628373819164,
    "task2": 0.37536901147098517
  },
  "layer_12": {
    "task0": 0.38437289136302294,
    "task1": 0.5566379892037787,
    "task2": 0.42704116059379216
  },
  "layer_13": {
    "task0": 0.4073886639676113,
    "task1": 0.602036943319838,
    "task2": 0.3765393049932524
  },
  "layer_14": {
    "task0": 0.41645580296896084,
    "task1": 0.5038693488529015,
    "task2": 0.314935475708502
  },
  "layer_15": {
    "task0": 0.4096765350877193,
    "task1": 0.45016236504723345,
    "task2": 0.31750801282051283
  },
  "layer_16": {
    "task0": 0.41794239203778677,
    "task1": 0.2999430668016194,
    "task2": 0.2958839406207827
  },
  "layer_17": {
    "task0": 0.4477690620782726,
    "task1": 0.3023152834008097,
    "task2": 0.29079158232118757
  },
  "layer_18": {
    "task0": 0.4798519736842105,
    "task1": 0.2829685391363023,
    "task2": 0.278962128879892
  },
  "layer_19": {
    "task0": 0.45476973684210525,
    "task1": 0.25231950067476383,
    "task2": 0.26419112685560053
  },
  "layer_2": {
    "task0": 0.5000210863697706,
    "task1": 0.3730705971659919,
    "task2": 0.18709935897435898
  },
  "layer_20": {
    "task0": 0.4715650303643725,
    "task1": 0.23749578272604588,
    "task2": 0.2405743927125506
  },
  "layer_21": {
    "task0": 0.4590186403508772,
    "task1": 0.23346828609986506,
    "task2": 0.20577133940620781
  },
  "layer_22": {
    "task0": 0.4624451754385965,
    "task1": 0.21684168353576247,
    "task2": 0.1820386302294197
  },
  "layer_23": {
    "task0": 0.46900303643724695,
    "task1": 0.22617240215924425,
    "task2": 0.1798034750337382
  },
  "layer_3": {
    "task0": 0.5000210863697706,
    "task1": 0.2886829453441296,
    "task2": 0.12956519905533062
  },
  "layer_4": {
    "task0": 0.5000210863697706,
    "task1": 0.3902454453441296,
    "task2": 0.12647604588394062
  },
  "layer_5": {
    "task0": 0.5322726889338731,
    "task1": 0.38277032726045884,
    "task2": 0.09509952766531714
  },
  "layer_6": {
    "task0": 0.4999789136302294,
    "task1": 0.367261302294197,
    "task2": 0.15907557354925775
  },
  "layer_7": {
    "task0": 0.5269694669365722,
    "task1": 0.41721491228070173,
    "task2": 0.15156882591093118
  },
  "layer_8": {
    "task0": 0.5194627192982456,
    "task1": 0.38466810053981104,
    "task2": 0.16971364709851552
  },
  "layer_9": {
    "task0": 0.5231422908232118,
    "task1": 0.39120487516869096,
    "task2": 0.2619454284750337
  }
}