{
  "layer_0": {
    "task0": 0.4999789136302294,
    "task1": 0.08611673414304993,
    "task2": 0.1818277665317139
  },
  "layer_1": {
    "task0": 0.5000210863697706,
    "task1": 0.1178200910931174,
    "task2": 0.1818277665317139
  },
  "layer_10": {
    "task0": 0.4999789136302294,
    "task1": 0.1253162955465587,
    "task2": 0.11960188933873145
  },
  "layer_11": {
    "task0": 0.5000632591093117,
    "task1": 0.1178200910931174,
    "task2": 0.17354082321187583
  },
  "layer_12": {
    "task0": 0.4999789136302294,
    "task1": 0.1178200910931174,
    "task2": 0.0871183367071525
  },
  "layer_13": {
    "task0": 0.48526062753036436,
    "task1": 0.14462086707152497,
    "task2": 0.08742408906882591
  },
  "layer_14": {
    "task0": 0.4993674089068826,
    "task1": 0.1253162955465587,
    "task2": 0.15762061403508773
  },
  "layer_15": {
    "task0": 0.5086454116059379,
    "task1": 0.09986504723346828,
    "task2": 0.11958080296896087
  },
  "layer_16": {
    "task0": 0.4999789136302294,
    "task1": 0.12324983130904184,
    "task2": 0.09979124493927126
  },
  "layer_17": {
    "task0": 0.5128732287449392,
    "task1": 0.1253162955465587,
    "task2": 0.1350371120107962
  },
  "layer_18": {
    "task0": 0.4999894568151147,
    "task1": 0.0864752024291498,
    "task2": 0.17357245276653172
  },
  "layer_19": {
    "task0": 0.4999789136302294,
    "task1": 0.1253162955465587,
    "task2": 0.11658653846153846
  },
  "layer_2": {
    "task0": 0.4999789136302294,
    "task1": 0.08611673414304993,
    "task2": 0.1818277665317139
  },
  "layer_20": {
    "task0": 0.5001370614035088,
    "task1": 0.08876307354925776,
    "task2": 0.08698127530364372
  },
  "layer_21": {
    "task0": 0.49993674089068824,
    "task1": 0.07465629217273954,
    "task2": 0.1194331983805668
  },
  "layer_22": {
    "task0": 0.4991670883940621,
    "task1": 0.12534792510121456,
    "task2": 0.1419112685560054
  },
  "layer_23": {
    "task0": 0.49268302968960864,
    "task1": 0.12182650134952766,
    "task2": 0.18418943994601888
  },
  "layer_24": {
    "task0": 0.4999789136302294,
    "task1": 0.1130123987854251,
    "task2": 0.18296643049932523
  },
  "layer_25": {
    "task0": 0.5423203441295547,
    "task1": 0.1196440620782726,
    "task2": 0.1527180330634278
  },
  "layer_26": {
    "task0": 0.49269357287449395,
    "task1": 0.09655448717948718,
    "task2": 0.10024460188933873
  },
  "layer_27": {
    "task0": 0.5000210863697706,
    "task1": 0.11745107962213225,
    "task2": 0.087645495951417
  },
  "layer_28": {
    "task0": 0.5000210863697706,
    "task1": 0.1178306342780027,
    "task2": 0.1462128879892038
  },
  "layer_29": {
    "task0": 0.4997047908232119,
    "task1": 0.16326121794871795,
    "task2": 0.13460484143049933
  },
  "layer_3": {
    "task0": 0.5000210863697706,
    "task1": 0.1253162955465587,
    "task2": 0.11959134615384616
  },
  "layer_30": {
    "task0": 0.49981022267206476,
    "task1": 0.12952302631578946,
    "task2": 0.16476889338731443
  },
  "layer_31": {
    "task0": 0.4956456646423752,
    "task1": 0.13479461875843454,
    "task2": 0.11274881916329285
  },
  "layer_4": {
    "task0": 0.4999789136302294,
    "task1": 0.08611673414304993,
    "task2": 0.1818277665317139
  },
  "layer_5": {
    "task0": 0.5000210863697706,
    "task1": 0.1178200910931174,
    "task2": 0.181395495951417
  },
  "layer_6": {
    "task0": 0.5000210863697706,
    "task1": 0.12160509446693657,
    "task2": 0.17045167004048584
  },
  "layer_7": {
    "task0": 0.5000210863697706,
    "task1": 0.1253162955465587,
    "task2": 0.07360197368421052
  },
  "layer_8": {
    "task0": 0.4999156545209177,
    "task1": 0.1253162955465587,
    "task2": 0.1397815452091768
  },
  "layer_9": {
    "task0": 0.5011597503373819,
    "task1": 0.12160509446693657,
    "task2": 0.11959134615384616
  }
}