{
  "layer_0": {
    "task0": 0.5,
    "task1": 0.16682828112483664,
    "task2": 0.18179518529448965
  },
  "layer_1": {
    "task0": 0.5,
    "task1": 0.1668072009781188,
    "task2": 0.20661705805472405
  },
  "layer_10": {
    "task0": 0.5,
    "task1": 0.11781694000590244,
    "task2": 0.10782495046165522
  },
  "layer_11": {
    "task0": 0.5009696867490198,
    "task1": 0.11781694000590244,
    "task2": 0.11863906572789747
  },
  "layer_12": {
    "task0": 0.5029090602470593,
    "task1": 0.11781694000590244,
    "task2": 0.10444158691344492
  },
  "layer_13": {
    "task0": 0.510244951304861,
    "task1": 0.11781694000590244,
    "task2": 0.19064884691597453
  },
  "layer_14": {
    "task0": 0.5007588852818415,
    "task1": 0.11781694000590244,
    "task2": 0.17450145453012353
  },
  "layer_15": {
    "task0": 0.5,
    "task1": 0.13882330621021122,
    "task2": 0.17355284792782158
  },
  "layer_16": {
    "task0": 0.5,
    "task1": 0.15182975673510687,
    "task2": 0.17355284792782158
  },
  "layer_17": {
    "task0": 0.5,
    "task1": 0.1723723597116236,
    "task2": 0.17355284792782158
  },
  "layer_18": {
    "task0": 0.5,
    "task1": 0.125764155318521,
    "task2": 0.1315295754458451
  },
  "layer_19": {
    "task0": 0.5546819005860281,
    "task1": 0.12532147223744677,
    "task2": 0.2215207217842236
  },
  "layer_2": {
    "task0": 0.5,
    "task1": 0.1668072009781188,
    "task2": 0.17355284792782158
  },
  "layer_20": {
    "task0": 0.5,
    "task1": 0.12532147223744677,
    "task2": 0.17721025338336355
  },
  "layer_21": {
    "task0": 0.5,
    "task1": 0.12532147223744677,
    "task2": 0.3057991483620726
  },
  "layer_22": {
    "task0": 0.5005164635945866,
    "task1": 0.12532147223744677,
    "task2": 0.19796365782705846
  },
  "layer_23": {
    "task0": 0.5020553143049875,
    "task1": 0.12532147223744677,
    "task2": 0.14003541464648595
  },
  "layer_24": {
    "task0": 0.5015704709304777,
    "task1": 0.12532147223744677,
    "task2": 0.14740292592436444
  },
  "layer_25": {
    "task0": 0.500822125721995,
    "task1": 0.12532147223744677,
    "task2": 0.18917323664572705
  },
  "layer_26": {
    "task0": 0.5158311901850837,
    "task1": 0.12537417260424133,
    "task2": 0.15557148277752014
  },
  "layer_27": {
    "task0": 0.5,
    "task1": 0.13304734600952822,
    "task2": 0.08781989122644293
  },
  "layer_28": {
    "task0": 0.5503920907289515,
    "task1": 0.12539525275095914,
    "task2": 0.1298326236350605
  },
  "layer_29": {
    "task0": 0.5383131666596399,
    "task1": 0.12532147223744677,
    "task2": 0.08447868797166828
  },
  "layer_3": {
    "task0": 0.5,
    "task1": 0.1668072009781188,
    "task2": 0.17355284792782158
  },
  "layer_30": {
    "task0": 0.5000527003667945,
    "task1": 0.12572199502508538,
    "task2": 0.08495299127281926
  },
  "layer_31": {
    "task0": 0.5,
    "task1": 0.12560605421813736,
    "task2": 0.1406045786078671
  },
  "layer_4": {
    "task0": 0.5,
    "task1": 0.1668072009781188,
    "task2": 0.17355284792782158
  },
  "layer_5": {
    "task0": 0.5,
    "task1": 0.11781694000590244,
    "task2": 0.17355284792782158
  },
  "layer_6": {
    "task0": 0.5,
    "task1": 0.11781694000590244,
    "task2": 0.17355284792782158
  },
  "layer_7": {
    "task0": 0.5,
    "task1": 0.11781694000590244,
    "task2": 0.17355284792782158
  },
  "layer_8": {
    "task0": 0.5,
    "task1": 0.11781694000590244,
    "task2": 0.17355284792782158
  },
  "layer_9": {
    "task0": 0.5,
    "task1": 0.11781694000590244,
    "task2": 0.17355284792782158
  }
}