{
  "layer_0": {
    "task0": 0.49784919062526284,
    "task1": 0.3147562419676427,
    "task2": 0.17790570199067296
  },
  "layer_1": {
    "task0": 0.49784919062526284,
    "task1": 0.2670483303013762,
    "task2": 0.20278761836017672
  },
  "layer_10": {
    "task0": 0.7218813269968458,
    "task1": 0.893587635918024,
    "task2": 0.921179150642171
  },
  "layer_11": {
    "task0": 0.7633898454277139,
    "task1": 0.9162238540678371,
    "task2": 0.9326712232530519
  },
  "layer_12": {
    "task0": 0.8642459524828091,
    "task1": 0.9326395921097432,
    "task2": 0.9500358473916768
  },
  "layer_13": {
    "task0": 0.8847208175300425,
    "task1": 0.9450805509782191,
    "task2": 0.9590080992171639
  },
  "layer_14": {
    "task0": 0.8862390367367007,
    "task1": 0.9492978243692685,
    "task2": 0.9674426463009054
  },
  "layer_15": {
    "task0": 0.9083586381031916,
    "task1": 0.9546326773288922,
    "task2": 0.9704158241771332
  },
  "layer_16": {
    "task0": 0.9029288978671577,
    "task1": 0.9559294880441969,
    "task2": 0.9749704801883453
  },
  "layer_17": {
    "task0": 0.8990700924203463,
    "task1": 0.9585758276716096,
    "task2": 0.9741164830773466
  },
  "layer_18": {
    "task0": 0.9022435906082995,
    "task1": 0.9627192996935001,
    "task2": 0.9818657233245298
  },
  "layer_19": {
    "task0": 0.9022963055674685,
    "task1": 0.966820597930154,
    "task2": 0.9841114217050967
  },
  "layer_2": {
    "task0": 0.5082236846328264,
    "task1": 0.3318045718064997,
    "task2": 0.25016869112406825
  },
  "layer_20": {
    "task0": 0.8968981958111288,
    "task1": 0.9662828964260426,
    "task2": 0.9853555166367416
  },
  "layer_21": {
    "task0": 0.9029288985307722,
    "task1": 0.9690873833239962,
    "task2": 0.9857561579036971
  },
  "layer_22": {
    "task0": 0.9017796905537848,
    "task1": 0.9711854764123354,
    "task2": 0.9890245455801084
  },
  "layer_23": {
    "task0": 0.8994285604249128,
    "task1": 0.9718391547399332,
    "task2": 0.9879596835447226
  },
  "layer_24": {
    "task0": 0.9001876699377489,
    "task1": 0.9732941145959654,
    "task2": 0.9876961037214951
  },
  "layer_25": {
    "task0": 0.8917214917308083,
    "task1": 0.9728934733290099,
    "task2": 0.989193236417616
  },
  "layer_26": {
    "task0": 0.8908885810700183,
    "task1": 0.9716599200539262,
    "task2": 0.9878331654065373
  },
  "layer_27": {
    "task0": 0.8967189616278598,
    "task1": 0.9740110509670699,
    "task2": 0.9876012149770894
  },
  "layer_28": {
    "task0": 0.8905617414738646,
    "task1": 0.9717969816183111,
    "task2": 0.9870424269222215
  },
  "layer_29": {
    "task0": 0.8849422244930718,
    "task1": 0.9719445866692243,
    "task2": 0.9868631929400478
  },
  "layer_3": {
    "task0": 0.5160256417797484,
    "task1": 0.41084682943447726,
    "task2": 0.2975075917868962
  },
  "layer_30": {
    "task0": 0.8823802309279177,
    "task1": 0.9686761987112794,
    "task2": 0.9851446537031979
  },
  "layer_31": {
    "task0": 0.8669871808546274,
    "task1": 0.9663566976142155,
    "task2": 0.9817497482706822
  },
  "layer_4": {
    "task0": 0.5497743775728743,
    "task1": 0.4928833513084533,
    "task2": 0.42146381625199286
  },
  "layer_5": {
    "task0": 0.5583248990267395,
    "task1": 0.6635669705718152,
    "task2": 0.5483721325754637
  },
  "layer_6": {
    "task0": 0.583111927315452,
    "task1": 0.7363360335952357,
    "task2": 0.674468624225834
  },
  "layer_7": {
    "task0": 0.5883624329660264,
    "task1": 0.7895580304336612,
    "task2": 0.7462677134756457
  },
  "layer_8": {
    "task0": 0.5969867585440558,
    "task1": 0.8388579623338825,
    "task2": 0.8046242415341932
  },
  "layer_9": {
    "task0": 0.6813427804694003,
    "task1": 0.872891364732252,
    "task2": 0.8860914315852397
  }
}