{
  "layer_0": {
    "task0": 0.49866101615301833,
    "task1": 0.23208712917650762,
    "task2": 0.20431638023389978
  },
  "layer_1": {
    "task0": 0.5002319507813647,
    "task1": 0.4140308713301634,
    "task2": 0.2164937586054789
  },
  "layer_10": {
    "task0": 0.8975413307326365,
    "task1": 0.9612537970949924,
    "task2": 0.9781650658319836
  },
  "layer_11": {
    "task0": 0.922222926066472,
    "task1": 0.9729145599602044,
    "task2": 0.9852289990012946
  },
  "layer_12": {
    "task0": 0.9347271437426167,
    "task1": 0.9743273451662899,
    "task2": 0.9894041004370743
  },
  "layer_13": {
    "task0": 0.9545694170934468,
    "task1": 0.9749493939191223,
    "task2": 0.9925248834848727
  },
  "layer_14": {
    "task0": 0.9514591768685623,
    "task1": 0.96747427676049,
    "task2": 0.9905849368626933
  },
  "layer_15": {
    "task0": 0.9482962233334901,
    "task1": 0.9672212397400667,
    "task2": 0.9899628890751184
  },
  "layer_16": {
    "task0": 0.9463879065273906,
    "task1": 0.9593243939995604,
    "task2": 0.9883392387837695
  },
  "layer_17": {
    "task0": 0.9430457167779869,
    "task1": 0.9366987185520038,
    "task2": 0.9864203781090606
  },
  "layer_18": {
    "task0": 0.9389338739688902,
    "task1": 0.9167299266004691,
    "task2": 0.9833839414452734
  },
  "layer_19": {
    "task0": 0.9363086212743148,
    "task1": 0.8945576091486755,
    "task2": 0.9808852068888835
  },
  "layer_2": {
    "task0": 0.5107435060013965,
    "task1": 0.4786922243925241,
    "task2": 0.2575278345208902
  },
  "layer_20": {
    "task0": 0.9324814453017213,
    "task1": 0.8671242422983553,
    "task2": 0.9762145760852476
  },
  "layer_21": {
    "task0": 0.9302041170648556,
    "task1": 0.8518998829419153,
    "task2": 0.9738950759333316
  },
  "layer_22": {
    "task0": 0.9213689286739398,
    "task1": 0.8140287630149389,
    "task2": 0.9659876866459685
  },
  "layer_23": {
    "task0": 0.9139570695990332,
    "task1": 0.7810496802312321,
    "task2": 0.9570786958603081
  },
  "layer_3": {
    "task0": 0.5176492914979758,
    "task1": 0.5343286099865047,
    "task2": 0.2971174936545523
  },
  "layer_4": {
    "task0": 0.5728006924976383,
    "task1": 0.6976952599851708,
    "task2": 0.5360893228175508
  },
  "layer_5": {
    "task0": 0.5881515695699635,
    "task1": 0.8296537635780056,
    "task2": 0.6889760466078836
  },
  "layer_6": {
    "task0": 0.6064439954867087,
    "task1": 0.897109059368068,
    "task2": 0.8176134458759374
  },
  "layer_7": {
    "task0": 0.6731296400671546,
    "task1": 0.92866481221237,
    "task2": 0.9103618428292062
  },
  "layer_8": {
    "task0": 0.7474801795363588,
    "task1": 0.9307734489280042,
    "task2": 0.9338520597389997
  },
  "layer_9": {
    "task0": 0.7698317321567882,
    "task1": 0.9378057532867117,
    "task2": 0.9558135133322113
  }
}