{
  "layer_0": {
    "task0": 0.5,
    "task1": 0.11781694000590244,
    "task2": 0.17355284792782158
  },
  "layer_1": {
    "task0": 0.4979025254015768,
    "task1": 0.11781694000590244,
    "task2": 0.13465997723344156
  },
  "layer_10": {
    "task0": 0.4990935536911337,
    "task1": 0.08709262616467811,
    "task2": 0.09091867279396265
  },
  "layer_11": {
    "task0": 0.49972595809266834,
    "task1": 0.11362199080905604,
    "task2": 0.1548442177157553
  },
  "layer_12": {
    "task0": 0.49992621948648763,
    "task1": 0.1116931573843754,
    "task2": 0.1726674817656731
  },
  "layer_13": {
    "task0": 0.4984084489228045,
    "task1": 0.08322441924195792,
    "task2": 0.13028584678949365
  },
  "layer_14": {
    "task0": 0.49894599266410894,
    "task1": 0.12340317888612505,
    "task2": 0.11072347063535562
  },
  "layer_15": {
    "task0": 0.4998945992664109,
    "task1": 0.12141110502129095,
    "task2": 0.1549390783759855
  },
  "layer_16": {
    "task0": 0.4996310974324381,
    "task1": 0.12271807411779587,
    "task2": 0.11413845440364265
  },
  "layer_17": {
    "task0": 0.4988827522239555,
    "task1": 0.12234917155023399,
    "task2": 0.1429655550402631
  },
  "layer_18": {
    "task0": 0.49975757831274503,
    "task1": 0.12686032294784771,
    "task2": 0.09809646275138074
  },
  "layer_19": {
    "task0": 0.5004321430077153,
    "task1": 0.12063113959273157,
    "task2": 0.15081790969265146
  },
  "layer_2": {
    "task0": 0.5,
    "task1": 0.12532147223744677,
    "task2": 0.11958767233019942
  },
  "layer_20": {
    "task0": 0.5019288334246806,
    "task1": 0.1109026518824571,
    "task2": 0.13155065559256293
  },
  "layer_21": {
    "task0": 0.500938066528943,
    "task1": 0.12427800497491462,
    "task2": 0.13345840887052574
  },
  "layer_22": {
    "task0": 0.5023504363590371,
    "task1": 0.12489986930309036,
    "task2": 0.11815422235338759
  },
  "layer_23": {
    "task0": 0.5004005227876386,
    "task1": 0.12329777815253594,
    "task2": 0.12577469539187994
  },
  "layer_3": {
    "task0": 0.5,
    "task1": 0.08611239934229942,
    "task2": 0.18179518529448965
  },
  "layer_4": {
    "task0": 0.5,
    "task1": 0.1430814958472111,
    "task2": 0.11958767233019942
  },
  "layer_5": {
    "task0": 0.4999789198532822,
    "task1": 0.12532147223744677,
    "task2": 0.18179518529448965
  },
  "layer_6": {
    "task0": 0.4991146338378515,
    "task1": 0.12532147223744677,
    "task2": 0.12045195834563009
  },
  "layer_7": {
    "task0": 0.5,
    "task1": 0.13082339053079808,
    "task2": 0.12909481849993676
  },
  "layer_8": {
    "task0": 0.4999578397065644,
    "task1": 0.08611239934229942,
    "task2": 0.18181626544120746
  },
  "layer_9": {
    "task0": 0.5002108014671782,
    "task1": 0.11872338631476875,
    "task2": 0.1354926430287955
  }
}