{
  "layer_0": {
    "task0": 0.4999789136302294,
    "task1": 0.16693024628879893,
    "task2": 0.1818277665317139
  },
  "layer_1": {
    "task0": 0.4999789136302294,
    "task1": 0.16680372807017543,
    "task2": 0.18510669703103913
  },
  "layer_10": {
    "task0": 0.5000210863697706,
    "task1": 0.1178200910931174,
    "task2": 0.1409307523616734
  },
  "layer_11": {
    "task0": 0.5031313259109311,
    "task1": 0.1178200910931174,
    "task2": 0.14580170377867746
  },
  "layer_12": {
    "task0": 0.6676471828609987,
    "task1": 0.1178200910931174,
    "task2": 0.10844719973009447
  },
  "layer_13": {
    "task0": 0.5506810897435898,
    "task1": 0.1178200910931174,
    "task2": 0.19374156545209176
  },
  "layer_14": {
    "task0": 0.5296579790823212,
    "task1": 0.1178200910931174,
    "task2": 0.19104251012145748
  },
  "layer_15": {
    "task0": 0.500253036437247,
    "task1": 0.12412491565452091,
    "task2": 0.1735619095816464
  },
  "layer_16": {
    "task0": 0.5000210863697706,
    "task1": 0.1876054318488529,
    "task2": 0.17377277327935223
  },
  "layer_17": {
    "task0": 0.5000210863697706,
    "task1": 0.1735619095816464,
    "task2": 0.1736884278002699
  },
  "layer_18": {
    "task0": 0.5006431342780027,
    "task1": 0.15830592105263158,
    "task2": 0.137209008097166
  },
  "layer_19": {
    "task0": 0.569405786099865,
    "task1": 0.12673962550607287,
    "task2": 0.22819669365721998
  },
  "layer_2": {
    "task0": 0.501233552631579,
    "task1": 0.16679318488529016,
    "task2": 0.17354082321187583
  },
  "layer_20": {
    "task0": 0.5007485661268556,
    "task1": 0.12557987516869096,
    "task2": 0.25869812753036436
  },
  "layer_21": {
    "task0": 0.5012019230769231,
    "task1": 0.12582236842105263,
    "task2": 0.22761681848852902
  },
  "layer_22": {
    "task0": 0.5195786943319838,
    "task1": 0.12711918016194332,
    "task2": 0.15534328609986506
  },
  "layer_23": {
    "task0": 0.5162575910931174,
    "task1": 0.1283316464237517,
    "task2": 0.13093581309041835
  },
  "layer_24": {
    "task0": 0.5445765856950068,
    "task1": 0.12559041835357626,
    "task2": 0.1625759109311741
  },
  "layer_25": {
    "task0": 0.5154457658569501,
    "task1": 0.1349527665317139,
    "task2": 0.18040443657219973
  },
  "layer_26": {
    "task0": 0.5022456983805668,
    "task1": 0.1564503205128205,
    "task2": 0.18870192307692307
  },
  "layer_27": {
    "task0": 0.5000105431848852,
    "task1": 0.19514380904183537,
    "task2": 0.13642881241565452
  },
  "layer_28": {
    "task0": 0.5334851551956815,
    "task1": 0.16359859986504724,
    "task2": 0.15044070512820512
  },
  "layer_29": {
    "task0": 0.5137588562753036,
    "task1": 0.15215924426450742,
    "task2": 0.09617493252361674
  },
  "layer_3": {
    "task0": 0.5000210863697706,
    "task1": 0.16679318488529016,
    "task2": 0.17354082321187583
  },
  "layer_30": {
    "task0": 0.5001159750337382,
    "task1": 0.16457911605937922,
    "task2": 0.16390435222672065
  },
  "layer_31": {
    "task0": 0.5000210863697706,
    "task1": 0.16023532388663966,
    "task2": 0.19032557354925775
  },
  "layer_4": {
    "task0": 0.4999789136302294,
    "task1": 0.16679318488529016,
    "task2": 0.17354082321187583
  },
  "layer_5": {
    "task0": 0.5000210863697706,
    "task1": 0.1178200910931174,
    "task2": 0.17354082321187583
  },
  "layer_6": {
    "task0": 0.5000210863697706,
    "task1": 0.1178200910931174,
    "task2": 0.17354082321187583
  },
  "layer_7": {
    "task0": 0.5000210863697706,
    "task1": 0.1178200910931174,
    "task2": 0.17354082321187583
  },
  "layer_8": {
    "task0": 0.5000210863697706,
    "task1": 0.1178200910931174,
    "task2": 0.17355136639676114
  },
  "layer_9": {
    "task0": 0.5000210863697706,
    "task1": 0.1178200910931174,
    "task2": 0.17354082321187583
  }
}