{
  "layer_0": {
    "task0": 0.5,
    "task1": 0.12532147223744677,
    "task2": 0.18179518529448965
  },
  "layer_1": {
    "task0": 0.5000527003667945,
    "task1": 0.12532147223744677,
    "task2": 0.18180572536784856
  },
  "layer_10": {
    "task0": 0.5001475610270247,
    "task1": 0.16155824444538133,
    "task2": 0.14233315063872845
  },
  "layer_11": {
    "task0": 0.4999578397065644,
    "task1": 0.12151650575488006,
    "task2": 0.20196888570344448
  },
  "layer_12": {
    "task0": 0.5001475610270247,
    "task1": 0.13457565664657026,
    "task2": 0.11827016316033559
  },
  "layer_13": {
    "task0": 0.5161263122391332,
    "task1": 0.1252582317972933,
    "task2": 0.14712888401703275
  },
  "layer_14": {
    "task0": 0.5,
    "task1": 0.1188814874151524,
    "task2": 0.14023567604030523
  },
  "layer_15": {
    "task0": 0.507314810911084,
    "task1": 0.12592225641890467,
    "task2": 0.09509254184409123
  },
  "layer_16": {
    "task0": 0.503309583034698,
    "task1": 0.1512500527003668,
    "task2": 0.12457312702896413
  },
  "layer_17": {
    "task0": 0.5024347569459083,
    "task1": 0.1113031746700957,
    "task2": 0.1455900333066318
  },
  "layer_18": {
    "task0": 0.5394936548758379,
    "task1": 0.11978793372401872,
    "task2": 0.15728951473502256
  },
  "layer_19": {
    "task0": 0.5031514819343142,
    "task1": 0.11156667650406847,
    "task2": 0.11324254816813525
  },
  "layer_2": {
    "task0": 0.5,
    "task1": 0.12532147223744677,
    "task2": 0.17836966145284372
  },
  "layer_20": {
    "task0": 0.5455963573506472,
    "task1": 0.09219402167039083,
    "task2": 0.11734263670475147
  },
  "layer_21": {
    "task0": 0.5057970403474008,
    "task1": 0.09104515367426957,
    "task2": 0.15221973944938658
  },
  "layer_22": {
    "task0": 0.5144609806484253,
    "task1": 0.11850204477423162,
    "task2": 0.1742590328428686
  },
  "layer_23": {
    "task0": 0.4926219486487626,
    "task1": 0.1206627598128083,
    "task2": 0.1064231207049201
  },
  "layer_3": {
    "task0": 0.5012753488764282,
    "task1": 0.12532147223744677,
    "task2": 0.18186896580800202
  },
  "layer_4": {
    "task0": 0.4893018255407058,
    "task1": 0.12532147223744677,
    "task2": 0.17355284792782158
  },
  "layer_5": {
    "task0": 0.5,
    "task1": 0.12532147223744677,
    "task2": 0.07359079219191365
  },
  "layer_6": {
    "task0": 0.5,
    "task1": 0.12532147223744677,
    "task2": 0.18179518529448965
  },
  "layer_7": {
    "task0": 0.5,
    "task1": 0.12532147223744677,
    "task2": 0.17355284792782158
  },
  "layer_8": {
    "task0": 0.5014650701968886,
    "task1": 0.12532147223744677,
    "task2": 0.1198617142375311
  },
  "layer_9": {
    "task0": 0.5011383279227624,
    "task1": 0.08696614528437117,
    "task2": 0.14105780176230026
  }
}