{
  "layer_0": {
    "task0": 0.5,
    "task1": 0.12570091487836754,
    "task2": 0.17353176778110377
  },
  "layer_1": {
    "task0": 0.4998102786795396,
    "task1": 0.12635439942662,
    "task2": 0.17363716851469285
  },
  "layer_10": {
    "task0": 0.5013385893165816,
    "task1": 0.3116699692229858,
    "task2": 0.2511910282895569
  },
  "layer_11": {
    "task0": 0.5019499135713985,
    "task1": 0.2630275306716135,
    "task2": 0.2533306631814157
  },
  "layer_12": {
    "task0": 0.5058392006408364,
    "task1": 0.3423626628441334,
    "task2": 0.273810025717779
  },
  "layer_13": {
    "task0": 0.5046692524979974,
    "task1": 0.37589063619882795,
    "task2": 0.27574939921581854
  },
  "layer_14": {
    "task0": 0.5007588852818415,
    "task1": 0.3283232851300645,
    "task2": 0.2558813609342721
  },
  "layer_15": {
    "task0": 0.5011383279227624,
    "task1": 0.3433639698132299,
    "task2": 0.2555967789535815
  },
  "layer_16": {
    "task0": 0.5009591466756609,
    "task1": 0.23919642480711667,
    "task2": 0.24636367469117584
  },
  "layer_17": {
    "task0": 0.5000105400733589,
    "task1": 0.21507019688857035,
    "task2": 0.2534676841350816
  },
  "layer_18": {
    "task0": 0.5016864117374257,
    "task1": 0.2206037354019984,
    "task2": 0.24440322104641848
  },
  "layer_19": {
    "task0": 0.5023188161389603,
    "task1": 0.2134470255912981,
    "task2": 0.22999494076478771
  },
  "layer_2": {
    "task0": 0.5,
    "task1": 0.12662844133395168,
    "task2": 0.17354230785446267
  },
  "layer_20": {
    "task0": 0.5026139381930098,
    "task1": 0.20354989670728107,
    "task2": 0.21347864581137485
  },
  "layer_21": {
    "task0": 0.5019288334246806,
    "task1": 0.19484379611282093,
    "task2": 0.2053838694717315
  },
  "layer_22": {
    "task0": 0.5021396348918589,
    "task1": 0.1821430077153337,
    "task2": 0.18066739744508623
  },
  "layer_23": {
    "task0": 0.5033412032547746,
    "task1": 0.19656182807032338,
    "task2": 0.17060162738732662
  },
  "layer_3": {
    "task0": 0.5015599308571188,
    "task1": 0.12718706522197396,
    "task2": 0.17355284792782158
  },
  "layer_4": {
    "task0": 0.5012015683629159,
    "task1": 0.17612462582739577,
    "task2": 0.17363716851469285
  },
  "layer_5": {
    "task0": 0.5003372823474851,
    "task1": 0.2331569627724609,
    "task2": 0.17391121042202454
  },
  "layer_6": {
    "task0": 0.5030355411273663,
    "task1": 0.3509106623382099,
    "task2": 0.17561870230616805
  },
  "layer_7": {
    "task0": 0.5013491293899406,
    "task1": 0.19265146085416754,
    "task2": 0.17522871959188835
  },
  "layer_8": {
    "task0": 0.499293815084953,
    "task1": 0.185052067962393,
    "task2": 0.1827227117500738
  },
  "layer_9": {
    "task0": 0.49905139339769805,
    "task1": 0.19490703655297442,
    "task2": 0.20342341582697415
  }
}