{
  "layer_0": {
    "task0": 0.5,
    "task1": 0.21755765420127324,
    "task2": 0.18179518529448965
  },
  "layer_1": {
    "task0": 0.5,
    "task1": 0.1668072009781188,
    "task2": 0.18179518529448965
  },
  "layer_10": {
    "task0": 0.5,
    "task1": 0.11781694000590244,
    "task2": 0.17355284792782158
  },
  "layer_11": {
    "task0": 0.5280049749146254,
    "task1": 0.11781694000590244,
    "task2": 0.17355284792782158
  },
  "layer_12": {
    "task0": 0.5014650701968886,
    "task1": 0.11781694000590244,
    "task2": 0.17355284792782158
  },
  "layer_13": {
    "task0": 0.5000737805135124,
    "task1": 0.11781694000590244,
    "task2": 0.17361608836797504
  },
  "layer_14": {
    "task0": 0.6397192124457186,
    "task1": 0.11781694000590244,
    "task2": 0.17355284792782158
  },
  "layer_15": {
    "task0": 0.5,
    "task1": 0.1452738311058645,
    "task2": 0.17375310932164087
  },
  "layer_16": {
    "task0": 0.5,
    "task1": 0.14120536278932502,
    "task2": 0.17400607108225474
  },
  "layer_17": {
    "task0": 0.5,
    "task1": 0.1471710443104684,
    "task2": 0.1824486698427421
  },
  "layer_18": {
    "task0": 0.5,
    "task1": 0.21230869766853577,
    "task2": 0.31590707871326784
  },
  "layer_19": {
    "task0": 0.5,
    "task1": 0.2077448459041275,
    "task2": 0.26123571820059865
  },
  "layer_2": {
    "task0": 0.5007588852818415,
    "task1": 0.1668072009781188,
    "task2": 0.17355284792782158
  },
  "layer_20": {
    "task0": 0.5,
    "task1": 0.20611113453349636,
    "task2": 0.31160672878283235
  },
  "layer_21": {
    "task0": 0.5,
    "task1": 0.1962772460896328,
    "task2": 0.32009148783675534
  },
  "layer_22": {
    "task0": 0.5,
    "task1": 0.2001876133057886,
    "task2": 0.18378725915932376
  },
  "layer_23": {
    "task0": 0.5,
    "task1": 0.19625616594291495,
    "task2": 0.25623972342847506
  },
  "layer_24": {
    "task0": 0.5,
    "task1": 0.169378978877693,
    "task2": 0.22316497322821366
  },
  "layer_25": {
    "task0": 0.5,
    "task1": 0.21488047556810996,
    "task2": 0.192008516379274
  },
  "layer_26": {
    "task0": 0.5,
    "task1": 0.16724988405919305,
    "task2": 0.2231860533749315
  },
  "layer_27": {
    "task0": 0.5,
    "task1": 0.13298410556937476,
    "task2": 0.175270879885324
  },
  "layer_28": {
    "task0": 0.5,
    "task1": 0.1998714111050213,
    "task2": 0.23109110839411443
  },
  "layer_29": {
    "task0": 0.5,
    "task1": 0.13472321767359502,
    "task2": 0.18777140688899194
  },
  "layer_3": {
    "task0": 0.5,
    "task1": 0.1668072009781188,
    "task2": 0.17355284792782158
  },
  "layer_30": {
    "task0": 0.5,
    "task1": 0.13728445549981028,
    "task2": 0.22642185589611705
  },
  "layer_31": {
    "task0": 0.5,
    "task1": 0.1630233146422699,
    "task2": 0.1889202748851132
  },
  "layer_4": {
    "task0": 0.5,
    "task1": 0.1668072009781188,
    "task2": 0.17355284792782158
  },
  "layer_5": {
    "task0": 0.5,
    "task1": 0.11784856022597917,
    "task2": 0.17355284792782158
  },
  "layer_6": {
    "task0": 0.5,
    "task1": 0.11781694000590244,
    "task2": 0.17355284792782158
  },
  "layer_7": {
    "task0": 0.5,
    "task1": 0.12010413592478604,
    "task2": 0.17355284792782158
  },
  "layer_8": {
    "task0": 0.5,
    "task1": 0.11781694000590244,
    "task2": 0.17355284792782158
  },
  "layer_9": {
    "task0": 0.5,
    "task1": 0.11781694000590244,
    "task2": 0.17355284792782158
  }
}