{
  "layer_0": {
    "task0": 0.5,
    "task1": 0.12648088030692695,
    "task2": 0.17344744719423247
  },
  "layer_1": {
    "task0": 0.5005375437413044,
    "task1": 0.13664151102491673,
    "task2": 0.17499683797799231
  },
  "layer_10": {
    "task0": 0.5084425987604874,
    "task1": 0.7086512922129938,
    "task2": 0.2438235170116784
  },
  "layer_11": {
    "task0": 0.5103608921118091,
    "task1": 0.7337155866604832,
    "task2": 0.18128926177326193
  },
  "layer_12": {
    "task0": 0.50106454740925,
    "task1": 0.7169568700198153,
    "task2": 0.24149416079935918
  },
  "layer_13": {
    "task0": 0.4976179434208862,
    "task1": 0.7198448501201569,
    "task2": 0.23277752013154013
  },
  "layer_14": {
    "task0": 0.4977760445212699,
    "task1": 0.6854420506766727,
    "task2": 0.2303743834057085
  },
  "layer_15": {
    "task0": 0.49605801256376747,
    "task1": 0.663961381171213,
    "task2": 0.19900712508959062
  },
  "layer_16": {
    "task0": 0.49733336144019563,
    "task1": 0.6416585859437581,
    "task2": 0.19346304650280366
  },
  "layer_17": {
    "task0": 0.4976074033475273,
    "task1": 0.656646570260129,
    "task2": 0.20470930477676125
  },
  "layer_18": {
    "task0": 0.4968063577722501,
    "task1": 0.619756313503942,
    "task2": 0.20531008895821914
  },
  "layer_19": {
    "task0": 0.49685905813904463,
    "task1": 0.6341751338589317,
    "task2": 0.2116341329735655
  },
  "layer_2": {
    "task0": 0.4999789198532822,
    "task1": 0.12911589864665457,
    "task2": 0.1735844681478983
  },
  "layer_20": {
    "task0": 0.49643745520468824,
    "task1": 0.6443252245035626,
    "task2": 0.21598718327079555
  },
  "layer_21": {
    "task0": 0.4967536574054555,
    "task1": 0.6333740882836545,
    "task2": 0.19492811669969223
  },
  "layer_22": {
    "task0": 0.495636409629411,
    "task1": 0.6066866225388928,
    "task2": 0.19515999831358827
  },
  "layer_23": {
    "task0": 0.4962898941776635,
    "task1": 0.6099329651334373,
    "task2": 0.19534971963404865
  },
  "layer_3": {
    "task0": 0.5005164635945866,
    "task1": 0.13176145705974113,
    "task2": 0.17355284792782158
  },
  "layer_4": {
    "task0": 0.493043551583119,
    "task1": 0.2202032126143598,
    "task2": 0.17356338800118049
  },
  "layer_5": {
    "task0": 0.5000737805135124,
    "task1": 0.44454867405877146,
    "task2": 0.17353176778110377
  },
  "layer_6": {
    "task0": 0.500126480880307,
    "task1": 0.6081200725157047,
    "task2": 0.17183481597031916
  },
  "layer_7": {
    "task0": 0.5008959062355074,
    "task1": 0.5237467852776255,
    "task2": 0.15197731776213164
  },
  "layer_8": {
    "task0": 0.5030039209072895,
    "task1": 0.4993043551583119,
    "task2": 0.17713647286985118
  },
  "layer_9": {
    "task0": 0.5017285720308613,
    "task1": 0.6201989965850162,
    "task2": 0.1932100847421898
  }
}