{
  "layer_0": {
    "task0": 0.500000000031726,
    "task1": 0.21786331592613858,
    "task2": 0.19584510295092997
  },
  "layer_1": {
    "task0": 0.500000000031726,
    "task1": 0.2780998353725632,
    "task2": 0.18569501222494236
  },
  "layer_10": {
    "task0": 0.6197984730529164,
    "task1": 0.7870588979085695,
    "task2": 0.543572663455464
  },
  "layer_11": {
    "task0": 0.7115919723364841,
    "task1": 0.8421413206785002,
    "task2": 0.6576057154368156
  },
  "layer_12": {
    "task0": 0.8544310467716082,
    "task1": 0.889360849372909,
    "task2": 0.7168620092948768
  },
  "layer_13": {
    "task0": 0.8687866264389188,
    "task1": 0.9214975324737879,
    "task2": 0.772966819263549
  },
  "layer_14": {
    "task0": 0.8729815761396116,
    "task1": 0.9415763727533732,
    "task2": 0.8525127533342179
  },
  "layer_15": {
    "task0": 0.8875268772813008,
    "task1": 0.94388464905582,
    "task2": 0.8560015169205586
  },
  "layer_16": {
    "task0": 0.8950419487217495,
    "task1": 0.9467620886241894,
    "task2": 0.8676272186892114
  },
  "layer_17": {
    "task0": 0.8853872414119047,
    "task1": 0.9406488462525558,
    "task2": 0.8782199922760761
  },
  "layer_18": {
    "task0": 0.8916269651224583,
    "task1": 0.951937264451802,
    "task2": 0.8885281838822503
  },
  "layer_19": {
    "task0": 0.9012078912384096,
    "task1": 0.95224292733498,
    "task2": 0.8986571934780145
  },
  "layer_2": {
    "task0": 0.5026982582926831,
    "task1": 0.2691618533649288,
    "task2": 0.1981217588085482
  },
  "layer_20": {
    "task0": 0.899026097008036,
    "task1": 0.955078206594836,
    "task2": 0.9001222639117485
  },
  "layer_21": {
    "task0": 0.9022302790647604,
    "task1": 0.9569437996019797,
    "task2": 0.9066254895015081
  },
  "layer_22": {
    "task0": 0.9019246171666586,
    "task1": 0.9628567810610237,
    "task2": 0.9081537996648591
  },
  "layer_23": {
    "task0": 0.9064357669063541,
    "task1": 0.9619924945643632,
    "task2": 0.9129073722986534
  },
  "layer_24": {
    "task0": 0.9054344604109485,
    "task1": 0.9651439767581395,
    "task2": 0.9172498836432998
  },
  "layer_25": {
    "task0": 0.9055714821505393,
    "task1": 0.9692546061465007,
    "task2": 0.9285593819591086
  },
  "layer_26": {
    "task0": 0.908227580155755,
    "task1": 0.9729014713219937,
    "task2": 0.9396053782342543
  },
  "layer_27": {
    "task0": 0.9097348101271551,
    "task1": 0.9739027773437082,
    "task2": 0.943831947719027
  },
  "layer_28": {
    "task0": 0.9156794123025833,
    "task1": 0.9765588765783844,
    "task2": 0.9475631342371609
  },
  "layer_29": {
    "task0": 0.9141827211675427,
    "task1": 0.9796260372077521,
    "task2": 0.9502297728421982
  },
  "layer_3": {
    "task0": 0.4996310969436695,
    "task1": 0.2808086346149963,
    "task2": 0.21853788067231023
  },
  "layer_30": {
    "task0": 0.9169969207468329,
    "task1": 0.9809435464077713,
    "task2": 0.9508516376817591
  },
  "layer_31": {
    "task0": 0.906699269465941,
    "task1": 0.9825034775394298,
    "task2": 0.9518318647032891
  },
  "layer_4": {
    "task0": 0.5095914666947272,
    "task1": 0.2718706520521571,
    "task2": 0.259075003140819
  },
  "layer_5": {
    "task0": 0.5134280536191385,
    "task1": 0.3997322818612016,
    "task2": 0.27781525377195615
  },
  "layer_6": {
    "task0": 0.4988932924028583,
    "task1": 0.5227454783264338,
    "task2": 0.34683165378779685
  },
  "layer_7": {
    "task0": 0.517169779032372,
    "task1": 0.5765525525337407,
    "task2": 0.3294299921715303
  },
  "layer_8": {
    "task0": 0.5582971454264769,
    "task1": 0.6901113028536409,
    "task2": 0.3805177283437071
  },
  "layer_9": {
    "task0": 0.5764471513054148,
    "task1": 0.7087988520243793,
    "task2": 0.4632046038091793
  }
}