{
  "layer_0": {
    "task0": 0.5,
    "task1": 0.2601079303511952,
    "task2": 0.18179518529448965
  },
  "layer_1": {
    "task0": 0.5037417260424133,
    "task1": 0.16736582486614107,
    "task2": 0.1972785530587293
  },
  "layer_10": {
    "task0": 0.5,
    "task1": 0.13578776508284499,
    "task2": 0.12209620978962013
  },
  "layer_11": {
    "task0": 0.5001791812471015,
    "task1": 0.2747164720266453,
    "task2": 0.18777140688899194
  },
  "layer_12": {
    "task0": 0.5089063619882794,
    "task1": 0.27766769256714025,
    "task2": 0.12316075719887011
  },
  "layer_13": {
    "task0": 0.5012121084362747,
    "task1": 0.1800560731902694,
    "task2": 0.12185378810236519
  },
  "layer_14": {
    "task0": 0.503067161347443,
    "task1": 0.19915468611661538,
    "task2": 0.11933471056958557
  },
  "layer_15": {
    "task0": 0.5,
    "task1": 0.1457692145537333,
    "task2": 0.12381424174712256
  },
  "layer_16": {
    "task0": 0.5,
    "task1": 0.23332560394620347,
    "task2": 0.1902272439816181
  },
  "layer_17": {
    "task0": 0.5007799654285594,
    "task1": 0.13922382899784982,
    "task2": 0.20005059235212277
  },
  "layer_18": {
    "task0": 0.5025928580462921,
    "task1": 0.16158986466545808,
    "task2": 0.1907226274294869
  },
  "layer_19": {
    "task0": 0.5029723006872128,
    "task1": 0.13873898562333994,
    "task2": 0.18180572536784856
  },
  "layer_2": {
    "task0": 0.5,
    "task1": 0.1668072009781188,
    "task2": 0.1762405666343438
  },
  "layer_20": {
    "task0": 0.500242421687255,
    "task1": 0.13768497828744888,
    "task2": 0.18185842573464311
  },
  "layer_21": {
    "task0": 0.5001581011003836,
    "task1": 0.15796407942999283,
    "task2": 0.18356591761878663
  },
  "layer_22": {
    "task0": 0.5004110628609975,
    "task1": 0.20742864370336017,
    "task2": 0.1847464058349846
  },
  "layer_23": {
    "task0": 0.5000316202200767,
    "task1": 0.17573464311311607,
    "task2": 0.18330241578481385
  },
  "layer_24": {
    "task0": 0.4999789198532822,
    "task1": 0.2059424933597538,
    "task2": 0.18934187781946962
  },
  "layer_25": {
    "task0": 0.5,
    "task1": 0.20968421940216703,
    "task2": 0.18428264260719254
  },
  "layer_26": {
    "task0": 0.49996837977992326,
    "task1": 0.21987647034023358,
    "task2": 0.18348159703191536
  },
  "layer_27": {
    "task0": 0.5001054007335891,
    "task1": 0.25850583920064085,
    "task2": 0.18331295585817278
  },
  "layer_28": {
    "task0": 0.5001475610270247,
    "task1": 0.2596547071967621,
    "task2": 0.18581095324423458
  },
  "layer_29": {
    "task0": 0.5010329271891732,
    "task1": 0.27642396391078883,
    "task2": 0.18239596947594755
  },
  "layer_3": {
    "task0": 0.5,
    "task1": 0.1668072009781188,
    "task2": 0.17355284792782158
  },
  "layer_30": {
    "task0": 0.5,
    "task1": 0.27130148825835826,
    "task2": 0.1821324676419748
  },
  "layer_31": {
    "task0": 0.5000105400733589,
    "task1": 0.26293267001138326,
    "task2": 0.2039714996416375
  },
  "layer_4": {
    "task0": 0.5,
    "task1": 0.16681774105147773,
    "task2": 0.17355284792782158
  },
  "layer_5": {
    "task0": 0.5,
    "task1": 0.17672541000885367,
    "task2": 0.17355284792782158
  },
  "layer_6": {
    "task0": 0.5,
    "task1": 0.1565517095998988,
    "task2": 0.17355284792782158
  },
  "layer_7": {
    "task0": 0.5,
    "task1": 0.13735823601332264,
    "task2": 0.1735739280745394
  },
  "layer_8": {
    "task0": 0.5002108014671782,
    "task1": 0.12586955605211012,
    "task2": 0.14700240313672583
  },
  "layer_9": {
    "task0": 0.5,
    "task1": 0.12532147223744677,
    "task2": 0.14684430203634216
  }
}