{
  "layer_0": {
    "task0": 0.49763832719903567,
    "task1": 0.30293733157046576,
    "task2": 0.17790570199067296
  },
  "layer_1": {
    "task0": 0.499873482444991,
    "task1": 0.2596364717493173,
    "task2": 0.22367366758274485
  },
  "layer_10": {
    "task0": 0.6386112527326051,
    "task1": 0.7871752711322144,
    "task2": 0.598831816180515
  },
  "layer_11": {
    "task0": 0.7277538808371856,
    "task1": 0.8371710538783698,
    "task2": 0.726182947073549
  },
  "layer_12": {
    "task0": 0.8825278346516021,
    "task1": 0.8920377874784624,
    "task2": 0.7618083685596302
  },
  "layer_13": {
    "task0": 0.8771718969912986,
    "task1": 0.913092527815044,
    "task2": 0.8215882267988968
  },
  "layer_14": {
    "task0": 0.8950004224714481,
    "task1": 0.9303306360275319,
    "task2": 0.908885797226799
  },
  "layer_15": {
    "task0": 0.9006304828382214,
    "task1": 0.9333565298885147,
    "task2": 0.9145158581164202
  },
  "layer_16": {
    "task0": 0.8995656219088597,
    "task1": 0.9416540163530189,
    "task2": 0.9156018066623433
  },
  "layer_17": {
    "task0": 0.8894863365351269,
    "task1": 0.9418121633822458,
    "task2": 0.9287913305114316
  },
  "layer_18": {
    "task0": 0.8951585704659322,
    "task1": 0.9503943162006244,
    "task2": 0.9405680679478626
  },
  "layer_19": {
    "task0": 0.8971196028143771,
    "task1": 0.9539473693259815,
    "task2": 0.9548329971982079
  },
  "layer_2": {
    "task0": 0.5001265190431141,
    "task1": 0.3091050946278128,
    "task2": 0.18193319863696328
  },
  "layer_20": {
    "task0": 0.892332996635141,
    "task1": 0.9554339582942598,
    "task2": 0.9593454806508646
  },
  "layer_21": {
    "task0": 0.8954854089761713,
    "task1": 0.9583017048243729,
    "task2": 0.9606106627767708
  },
  "layer_22": {
    "task0": 0.9003247302754527,
    "task1": 0.9631199404979364,
    "task2": 0.958459853080281
  },
  "layer_23": {
    "task0": 0.9027391209414131,
    "task1": 0.9656292184000878,
    "task2": 0.9643113201687694
  },
  "layer_24": {
    "task0": 0.9014423084966888,
    "task1": 0.9649755411986236,
    "task2": 0.9686023966785062
  },
  "layer_25": {
    "task0": 0.8979841443168329,
    "task1": 0.97238739942893,
    "task2": 0.9688659770446911
  },
  "layer_26": {
    "task0": 0.899797571855679,
    "task1": 0.9750231963339765,
    "task2": 0.9728513001671687
  },
  "layer_27": {
    "task0": 0.9005566810668721,
    "task1": 0.973589322807496,
    "task2": 0.9749810233933401
  },
  "layer_28": {
    "task0": 0.8986589090343108,
    "task1": 0.9770158585186108,
    "task2": 0.9748545054562501
  },
  "layer_29": {
    "task0": 0.8913630238468991,
    "task1": 0.9775851899996781,
    "task2": 0.9770685743424896
  },
  "layer_3": {
    "task0": 0.500231950640598,
    "task1": 0.2762841604368487,
    "task2": 0.21878162985127142
  },
  "layer_30": {
    "task0": 0.8870403185667779,
    "task1": 0.9799257778687033,
    "task2": 0.9753394922425069
  },
  "layer_31": {
    "task0": 0.8626750175930389,
    "task1": 0.9753394918403162,
    "task2": 0.9715439449598593
  },
  "layer_4": {
    "task0": 0.500231950640598,
    "task1": 0.3683156211044786,
    "task2": 0.2711496291061242
  },
  "layer_5": {
    "task0": 0.5153508776655564,
    "task1": 0.4740110495292384,
    "task2": 0.2769905537588072
  },
  "layer_6": {
    "task0": 0.517796896971189,
    "task1": 0.5495424263993738,
    "task2": 0.34365511167789436
  },
  "layer_7": {
    "task0": 0.5144230776671295,
    "task1": 0.55426577381116,
    "task2": 0.3916898619247834
  },
  "layer_8": {
    "task0": 0.5542763165335263,
    "task1": 0.6388959184027554,
    "task2": 0.4483700238982676
  },
  "layer_9": {
    "task0": 0.602564103871222,
    "task1": 0.7233362865311254,
    "task2": 0.5202956316281265
  }
}