{
  "layer_0": {
    "task0": 0.5,
    "task1": 0.12532147223744677,
    "task2": 0.17355284792782158
  },
  "layer_1": {
    "task0": 0.5,
    "task1": 0.12532147223744677,
    "task2": 0.18179518529448965
  },
  "layer_10": {
    "task0": 0.4997364981660272,
    "task1": 0.15072304903242126,
    "task2": 0.17849614233315064
  },
  "layer_11": {
    "task0": 0.4979763059150892,
    "task1": 0.11574054555419706,
    "task2": 0.16634343775032676
  },
  "layer_12": {
    "task0": 0.5,
    "task1": 0.12680762258105316,
    "task2": 0.08906361988279439
  },
  "layer_13": {
    "task0": 0.49833466840929214,
    "task1": 0.11812260213331084,
    "task2": 0.15776381803617354
  },
  "layer_14": {
    "task0": 0.49778658459462877,
    "task1": 0.15386399089337663,
    "task2": 0.10146928622623214
  },
  "layer_15": {
    "task0": 0.5010013069690965,
    "task1": 0.16567941312871537,
    "task2": 0.17164509464985878
  },
  "layer_16": {
    "task0": 0.4977338842278342,
    "task1": 0.14524221088578776,
    "task2": 0.15116573211349552
  },
  "layer_17": {
    "task0": 0.5002635018339727,
    "task1": 0.09560900543867785,
    "task2": 0.18296513343732873
  },
  "layer_18": {
    "task0": 0.49976811838610397,
    "task1": 0.1252476917239344,
    "task2": 0.13562966398246132
  },
  "layer_19": {
    "task0": 0.4995046165521312,
    "task1": 0.1729626038197226,
    "task2": 0.16800876934103462
  },
  "layer_2": {
    "task0": 0.5,
    "task1": 0.08611239934229942,
    "task2": 0.1720666975842152
  },
  "layer_20": {
    "task0": 0.49597369197689617,
    "task1": 0.10603313799064042,
    "task2": 0.11998819511783802
  },
  "layer_21": {
    "task0": 0.4962161136641511,
    "task1": 0.11952443189004595,
    "task2": 0.12986424385513723
  },
  "layer_22": {
    "task0": 0.4977128040811164,
    "task1": 0.10162738732661579,
    "task2": 0.16745014545301234
  },
  "layer_23": {
    "task0": 0.5000105400733589,
    "task1": 0.1459800160209115,
    "task2": 0.17317340528690078
  },
  "layer_24": {
    "task0": 0.4981449470888317,
    "task1": 0.1300434251022387,
    "task2": 0.14575867448037438
  },
  "layer_25": {
    "task0": 0.500126480880307,
    "task1": 0.13058096884354314,
    "task2": 0.1804671360512669
  },
  "layer_26": {
    "task0": 0.4993992158185421,
    "task1": 0.11883932712171677,
    "task2": 0.15309456553817616
  },
  "layer_27": {
    "task0": 0.500242421687255,
    "task1": 0.16063071798979722,
    "task2": 0.14034107677389435
  },
  "layer_28": {
    "task0": 0.5006113242548168,
    "task1": 0.12995910451536744,
    "task2": 0.15505501918293352
  },
  "layer_29": {
    "task0": 0.5008748260887895,
    "task1": 0.1243623255617859,
    "task2": 0.1170791348707787
  },
  "layer_3": {
    "task0": 0.5006534845482524,
    "task1": 0.12532147223744677,
    "task2": 0.11958767233019942
  },
  "layer_30": {
    "task0": 0.5015072304903242,
    "task1": 0.14049917787427801,
    "task2": 0.1316455162527931
  },
  "layer_31": {
    "task0": 0.5,
    "task1": 0.10218601121463805,
    "task2": 0.10016231712972723
  },
  "layer_4": {
    "task0": 0.5,
    "task1": 0.12532147223744677,
    "task2": 0.18166870441418273
  },
  "layer_5": {
    "task0": 0.5,
    "task1": 0.12539525275095914,
    "task2": 0.11964037269699397
  },
  "layer_6": {
    "task0": 0.5,
    "task1": 0.13707365403263208,
    "task2": 0.15642522871959189
  },
  "layer_7": {
    "task0": 0.4997997386061807,
    "task1": 0.16338167713647286,
    "task2": 0.1411948227159661
  },
  "layer_8": {
    "task0": 0.5,
    "task1": 0.16731312449934652,
    "task2": 0.17343690712087356
  },
  "layer_9": {
    "task0": 0.49992621948648763,
    "task1": 0.16802984948775243,
    "task2": 0.08750368902567562
  }
}