{
  "layer_0": {
    "task0": 0.5000210863697706,
    "task1": 0.11593286099865047,
    "task2": 0.17354082321187583
  },
  "layer_1": {
    "task0": 0.4985344973009447,
    "task1": 0.1253162955465587,
    "task2": 0.07360197368421052
  },
  "layer_10": {
    "task0": 0.5061255904183536,
    "task1": 0.08612727732793522,
    "task2": 0.17758940620782726
  },
  "layer_11": {
    "task0": 0.514823717948718,
    "task1": 0.15831646423751686,
    "task2": 0.16817434210526316
  },
  "layer_12": {
    "task0": 0.5050607287449392,
    "task1": 0.10679191970310391,
    "task2": 0.1836622807017544
  },
  "layer_13": {
    "task0": 0.47223979419703105,
    "task1": 0.12052968960863698,
    "task2": 0.13970774291497975
  },
  "layer_14": {
    "task0": 0.49841852226720645,
    "task1": 0.1106612685560054,
    "task2": 0.10226889338731444
  },
  "layer_15": {
    "task0": 0.4978386470985155,
    "task1": 0.12611757759784076,
    "task2": 0.1424278846153846
  },
  "layer_16": {
    "task0": 0.46678896761133604,
    "task1": 0.12605431848852902,
    "task2": 0.13242240215924425
  },
  "layer_17": {
    "task0": 0.47630946356275305,
    "task1": 0.08880524628879892,
    "task2": 0.13894863360323886
  },
  "layer_18": {
    "task0": 0.4702155026990553,
    "task1": 0.09099822874493928,
    "task2": 0.12117282388663968
  },
  "layer_19": {
    "task0": 0.48109606950067474,
    "task1": 0.11497343117408906,
    "task2": 0.1383687584345479
  },
  "layer_2": {
    "task0": 0.5000210863697706,
    "task1": 0.12454664304993253,
    "task2": 0.11959134615384616
  },
  "layer_20": {
    "task0": 0.4873481781376518,
    "task1": 0.10126729082321187,
    "task2": 0.14476847165991902
  },
  "layer_21": {
    "task0": 0.47628837719298245,
    "task1": 0.11517375168690958,
    "task2": 0.12229040148448043
  },
  "layer_22": {
    "task0": 0.49835526315789475,
    "task1": 0.11759868421052631,
    "task2": 0.1157957995951417
  },
  "layer_23": {
    "task0": 0.5005060728744939,
    "task1": 0.11908527327935223,
    "task2": 0.12831056005398112
  },
  "layer_3": {
    "task0": 0.49994728407557354,
    "task1": 0.08611673414304993,
    "task2": 0.1818277665317139
  },
  "layer_4": {
    "task0": 0.5027834008097166,
    "task1": 0.08611673414304993,
    "task2": 0.11959134615384616
  },
  "layer_5": {
    "task0": 0.49820765856950067,
    "task1": 0.1253162955465587,
    "task2": 0.1818277665317139
  },
  "layer_6": {
    "task0": 0.5,
    "task1": 0.1253162955465587,
    "task2": 0.12834218960863697
  },
  "layer_7": {
    "task0": 0.5003057523616734,
    "task1": 0.08611673414304993,
    "task2": 0.11959134615384616
  },
  "layer_8": {
    "task0": 0.5001054318488529,
    "task1": 0.08611673414304993,
    "task2": 0.19287702429149797
  },
  "layer_9": {
    "task0": 0.5066211201079622,
    "task1": 0.16232287449392713,
    "task2": 0.11884278002699056
  }
}