{
  "layer_0": {
    "task0": 0.5000210863697706,
    "task1": 0.1972629892037787,
    "task2": 0.19068404183535761
  },
  "layer_1": {
    "task0": 0.5018134278002699,
    "task1": 0.25110703441295545,
    "task2": 0.19440578609986506
  },
  "layer_10": {
    "task0": 0.7997427462887989,
    "task1": 0.5546664136302294,
    "task2": 0.8943889170040485
  },
  "layer_11": {
    "task0": 0.8373292004048583,
    "task1": 0.6316632928475033,
    "task2": 0.8997553981106613
  },
  "layer_12": {
    "task0": 0.928780786099865,
    "task1": 0.7292615553306343,
    "task2": 0.967368842780027
  },
  "layer_13": {
    "task0": 0.9468939777327935,
    "task1": 0.7386449898785425,
    "task2": 0.9592189608636977
  },
  "layer_14": {
    "task0": 0.7414389338731444,
    "task1": 0.6308620107962213,
    "task2": 0.8611989709851552
  },
  "layer_15": {
    "task0": 0.7258982793522267,
    "task1": 0.6778213562753036,
    "task2": 0.8790485829959515
  },
  "layer_16": {
    "task0": 0.6732139844804319,
    "task1": 0.47170209176788125,
    "task2": 0.8079664304993253
  },
  "layer_17": {
    "task0": 0.6507042847503374,
    "task1": 0.42810602226720645,
    "task2": 0.7765371963562753
  },
  "layer_18": {
    "task0": 0.7119074730094467,
    "task1": 0.4200510290148448,
    "task2": 0.7097672064777328
  },
  "layer_19": {
    "task0": 0.6716641363022942,
    "task1": 0.3700868758434548,
    "task2": 0.6285952260458839
  },
  "layer_2": {
    "task0": 0.5000316295546559,
    "task1": 0.31168817476383265,
    "task2": 0.2223979419703104
  },
  "layer_20": {
    "task0": 0.6788018724696356,
    "task1": 0.31015941295546556,
    "task2": 0.5751939946018894
  },
  "layer_21": {
    "task0": 0.6791287112010796,
    "task1": 0.3160319669365722,
    "task2": 0.5276547739541161
  },
  "layer_22": {
    "task0": 0.6499557186234818,
    "task1": 0.27522984143049933,
    "task2": 0.4723452260458839
  },
  "layer_23": {
    "task0": 0.6275936234817814,
    "task1": 0.287681342780027,
    "task2": 0.42574434885290147
  },
  "layer_3": {
    "task0": 0.500147604588394,
    "task1": 0.31491438933873145,
    "task2": 0.23381621120107962
  },
  "layer_4": {
    "task0": 0.5509024966261808,
    "task1": 0.45736336032388664,
    "task2": 0.3449202935222672
  },
  "layer_5": {
    "task0": 0.5308388157894737,
    "task1": 0.43274502361673417,
    "task2": 0.5065894905533064
  },
  "layer_6": {
    "task0": 0.5440388832658569,
    "task1": 0.5816253373819164,
    "task2": 0.6946377361673415
  },
  "layer_7": {
    "task0": 0.6599822874493927,
    "task1": 0.4387757253711201,
    "task2": 0.7723410087719298
  },
  "layer_8": {
    "task0": 0.6425333164642375,
    "task1": 0.44258181511470984,
    "task2": 0.8027897267206477
  },
  "layer_9": {
    "task0": 0.7083965924426451,
    "task1": 0.400872975708502,
    "task2": 0.793385205802969
  }
}