{
  "layer_0": {
    "task0": 0.4999789136302294,
    "task1": 0.1253162955465587,
    "task2": 0.1818277665317139
  },
  "layer_1": {
    "task0": 0.49964153171390013,
    "task1": 0.11829453441295547,
    "task2": 0.11959134615384616
  },
  "layer_10": {
    "task0": 0.49766995614035087,
    "task1": 0.12320765856950068,
    "task2": 0.13818952429149797
  },
  "layer_11": {
    "task0": 0.46824392712550605,
    "task1": 0.10599063765182186,
    "task2": 0.1815220141700405
  },
  "layer_12": {
    "task0": 0.5072642543859649,
    "task1": 0.15300269905533062,
    "task2": 0.1201817645074224
  },
  "layer_13": {
    "task0": 0.4959197874493927,
    "task1": 0.13084092442645073,
    "task2": 0.1344150641025641
  },
  "layer_14": {
    "task0": 0.45256621120107965,
    "task1": 0.12846870782726047,
    "task2": 0.17052547233468285
  },
  "layer_15": {
    "task0": 0.5036373987854251,
    "task1": 0.12479967948717949,
    "task2": 0.14560138326585695
  },
  "layer_16": {
    "task0": 0.4965418353576248,
    "task1": 0.13041919703103913,
    "task2": 0.12763579622132254
  },
  "layer_17": {
    "task0": 0.4836158906882591,
    "task1": 0.14967105263157895,
    "task2": 0.10527370107962213
  },
  "layer_18": {
    "task0": 0.4807586875843455,
    "task1": 0.10706604251012146,
    "task2": 0.12175269905533063
  },
  "layer_19": {
    "task0": 0.49833417678812414,
    "task1": 0.11411943319838057,
    "task2": 0.09896887651821862
  },
  "layer_2": {
    "task0": 0.5000210863697706,
    "task1": 0.1253373819163293,
    "task2": 0.13941253373819162
  },
  "layer_20": {
    "task0": 0.4923140182186235,
    "task1": 0.12930161943319837,
    "task2": 0.1700615721997301
  },
  "layer_21": {
    "task0": 0.5025303643724697,
    "task1": 0.12686614372469635,
    "task2": 0.13264380904183537
  },
  "layer_22": {
    "task0": 0.49535045546558704,
    "task1": 0.11883223684210527,
    "task2": 0.14935475708502025
  },
  "layer_23": {
    "task0": 0.48058999662618085,
    "task1": 0.11909581646423752,
    "task2": 0.12222714237516868
  },
  "layer_3": {
    "task0": 0.5000210863697706,
    "task1": 0.0955739709851552,
    "task2": 0.16710948043184884
  },
  "layer_4": {
    "task0": 0.5002846659919028,
    "task1": 0.12529520917678813,
    "task2": 0.17354082321187583
  },
  "layer_5": {
    "task0": 0.5000105431848852,
    "task1": 0.1253057523616734,
    "task2": 0.22584556342780027
  },
  "layer_6": {
    "task0": 0.5000210863697706,
    "task1": 0.1950805499325236,
    "task2": 0.18353576248313092
  },
  "layer_7": {
    "task0": 0.5000210863697706,
    "task1": 0.12807860998650472,
    "task2": 0.17354082321187583
  },
  "layer_8": {
    "task0": 0.5001054318488529,
    "task1": 0.1150472334682861,
    "task2": 0.1814165823211876
  },
  "layer_9": {
    "task0": 0.49789136302294196,
    "task1": 0.17259193657219973,
    "task2": 0.20906081309041835
  }
}