{
  "layer_0": {
    "task0": 0.5,
    "task1": 0.18171086470761835,
    "task2": 0.18179518529448965
  },
  "layer_1": {
    "task0": 0.5,
    "task1": 0.21576584173025845,
    "task2": 0.20871453265314727
  },
  "layer_10": {
    "task0": 0.5,
    "task1": 0.2530777014208019,
    "task2": 0.14248071166575318
  },
  "layer_11": {
    "task0": 0.5,
    "task1": 0.26040305240524475,
    "task2": 0.16611155613643072
  },
  "layer_12": {
    "task0": 0.500115940806948,
    "task1": 0.33120072515704707,
    "task2": 0.09262616467810617
  },
  "layer_13": {
    "task0": 0.518508368818247,
    "task1": 0.30441839875205534,
    "task2": 0.21784223618196383
  },
  "layer_14": {
    "task0": 0.7129200219233526,
    "task1": 0.1878346473291454,
    "task2": 0.2020848265103925
  },
  "layer_15": {
    "task0": 0.5006113242548168,
    "task1": 0.3162232809140352,
    "task2": 0.17933934820186348
  },
  "layer_16": {
    "task0": 0.5014966904169653,
    "task1": 0.26770732324296975,
    "task2": 0.31076352291411946
  },
  "layer_17": {
    "task0": 0.6277246089632784,
    "task1": 0.13768497828744888,
    "task2": 0.25541759770648004
  },
  "layer_18": {
    "task0": 0.6789704456343016,
    "task1": 0.16741852523293563,
    "task2": 0.24694337872591593
  },
  "layer_19": {
    "task0": 0.6938530292170834,
    "task1": 0.14475736751127788,
    "task2": 0.19283064210126902
  },
  "layer_2": {
    "task0": 0.5,
    "task1": 0.1668072009781188,
    "task2": 0.18179518529448965
  },
  "layer_20": {
    "task0": 0.6180699017665163,
    "task1": 0.14117374256924828,
    "task2": 0.22764450440575065
  },
  "layer_21": {
    "task0": 0.6555293224840845,
    "task1": 0.1607361187233863,
    "task2": 0.2131413634638897
  },
  "layer_22": {
    "task0": 0.5484737973776298,
    "task1": 0.1326362831485307,
    "task2": 0.28389687592225643
  },
  "layer_23": {
    "task0": 0.6452105906657111,
    "task1": 0.1950229773599224,
    "task2": 0.367869640372697
  },
  "layer_24": {
    "task0": 0.5080315358994899,
    "task1": 0.16176904591255956,
    "task2": 0.4721531261857583
  },
  "layer_25": {
    "task0": 0.5030039209072895,
    "task1": 0.17813777983894769,
    "task2": 0.4264829883215987
  },
  "layer_26": {
    "task0": 0.5027614992200345,
    "task1": 0.22504110628609975,
    "task2": 0.3917850668240651
  },
  "layer_27": {
    "task0": 0.5045427716176905,
    "task1": 0.2108436274716472,
    "task2": 0.3248977612884186
  },
  "layer_28": {
    "task0": 0.5017496521775792,
    "task1": 0.21470129432100848,
    "task2": 0.38787469960790927
  },
  "layer_29": {
    "task0": 0.5016653315907079,
    "task1": 0.17225641890467558,
    "task2": 0.32246300434251024
  },
  "layer_3": {
    "task0": 0.5,
    "task1": 0.1668072009781188,
    "task2": 0.17355284792782158
  },
  "layer_30": {
    "task0": 0.5036784856022598,
    "task1": 0.17272018213246765,
    "task2": 0.38484969855390194
  },
  "layer_31": {
    "task0": 0.5030039209072895,
    "task1": 0.29102196551287995,
    "task2": 0.39648593954213923
  },
  "layer_4": {
    "task0": 0.5,
    "task1": 0.1668072009781188,
    "task2": 0.17355284792782158
  },
  "layer_5": {
    "task0": 0.5358784097137316,
    "task1": 0.28640541338167713,
    "task2": 0.17355284792782158
  },
  "layer_6": {
    "task0": 0.5,
    "task1": 0.20783970656435768,
    "task2": 0.17355284792782158
  },
  "layer_7": {
    "task0": 0.500695644841688,
    "task1": 0.18958429950672456,
    "task2": 0.08745098865888107
  },
  "layer_8": {
    "task0": 0.501180488216198,
    "task1": 0.2517918124710148,
    "task2": 0.09710569585564316
  },
  "layer_9": {
    "task0": 0.500242421687255,
    "task1": 0.23328344365276782,
    "task2": 0.10015177705636831
  }
}