{
  "layer_0": {
    "task0": 0.4999789136302294,
    "task1": 0.08611673414304993,
    "task2": 0.1818277665317139
  },
  "layer_1": {
    "task0": 0.5000210863697706,
    "task1": 0.1178200910931174,
    "task2": 0.1818277665317139
  },
  "layer_10": {
    "task0": 0.49995782726045884,
    "task1": 0.10351298920377867,
    "task2": 0.17545968286099864
  },
  "layer_11": {
    "task0": 0.498945681511471,
    "task1": 0.10759320175438597,
    "task2": 0.18382042847503374
  },
  "layer_12": {
    "task0": 0.4950868758434548,
    "task1": 0.12393513832658569,
    "task2": 0.2085652834008097
  },
  "layer_13": {
    "task0": 0.49765941295546556,
    "task1": 0.1045567645074224,
    "task2": 0.11511049257759784
  },
  "layer_14": {
    "task0": 0.49994728407557354,
    "task1": 0.1286373987854251,
    "task2": 0.0710610661268556
  },
  "layer_15": {
    "task0": 0.498692645074224,
    "task1": 0.11411943319838057,
    "task2": 0.10400851889338732
  },
  "layer_16": {
    "task0": 0.5057987516869096,
    "task1": 0.1506831983805668,
    "task2": 0.18849105937921729
  },
  "layer_17": {
    "task0": 0.499673161268556,
    "task1": 0.1147309379217274,
    "task2": 0.1419007253711201
  },
  "layer_18": {
    "task0": 0.49612010796221323,
    "task1": 0.12506325910931174,
    "task2": 0.11978112348178138
  },
  "layer_19": {
    "task0": 0.5007591093117408,
    "task1": 0.10411395074224021,
    "task2": 0.08608510458839407
  },
  "layer_2": {
    "task0": 0.4999789136302294,
    "task1": 0.08611673414304993,
    "task2": 0.1818277665317139
  },
  "layer_20": {
    "task0": 0.4968792172739541,
    "task1": 0.13459429824561403,
    "task2": 0.10706604251012146
  },
  "layer_21": {
    "task0": 0.504870951417004,
    "task1": 0.08822537112010796,
    "task2": 0.14416751012145748
  },
  "layer_22": {
    "task0": 0.5117661943319838,
    "task1": 0.11877952091767881,
    "task2": 0.07685981781376518
  },
  "layer_23": {
    "task0": 0.49993674089068824,
    "task1": 0.0789684547908232,
    "task2": 0.18023574561403508
  },
  "layer_24": {
    "task0": 0.5000421727395412,
    "task1": 0.10011808367071524,
    "task2": 0.11077724358974358
  },
  "layer_25": {
    "task0": 0.49749072199730093,
    "task1": 0.13307607962213225,
    "task2": 0.1535720310391363
  },
  "layer_26": {
    "task0": 0.5094888663967612,
    "task1": 0.1201923076923077,
    "task2": 0.10703441295546559
  },
  "layer_27": {
    "task0": 0.48654689608636975,
    "task1": 0.1200763326585695,
    "task2": 0.08434547908232119
  },
  "layer_28": {
    "task0": 0.49875590418353577,
    "task1": 0.08950109649122807,
    "task2": 0.10667594466936572
  },
  "layer_29": {
    "task0": 0.4998629385964912,
    "task1": 0.09946440620782726,
    "task2": 0.1335821524966262
  },
  "layer_3": {
    "task0": 0.5000210863697706,
    "task1": 0.1253162955465587,
    "task2": 0.11959134615384616
  },
  "layer_30": {
    "task0": 0.5000738022941971,
    "task1": 0.12235366059379217,
    "task2": 0.11537407219973009
  },
  "layer_31": {
    "task0": 0.500147604588394,
    "task1": 0.09601678475033738,
    "task2": 0.14691928137651822
  },
  "layer_4": {
    "task0": 0.5000210863697706,
    "task1": 0.1253162955465587,
    "task2": 0.11874789136302294
  },
  "layer_5": {
    "task0": 0.5004639001349528,
    "task1": 0.1253057523616734,
    "task2": 0.11941211201079623
  },
  "layer_6": {
    "task0": 0.5000210863697706,
    "task1": 0.1253057523616734,
    "task2": 0.13922275641025642
  },
  "layer_7": {
    "task0": 0.4999789136302294,
    "task1": 0.1253162955465587,
    "task2": 0.18346196018893388
  },
  "layer_8": {
    "task0": 0.5000210863697706,
    "task1": 0.11785172064777327,
    "task2": 0.17331941632928474
  },
  "layer_9": {
    "task0": 0.49939903846153844,
    "task1": 0.0868969298245614,
    "task2": 0.12945976720647773
  }
}