{
  "layer_0": {
    "task0": 0.5000210863697706,
    "task1": 0.12592780026990552,
    "task2": 0.17363571187584345
  },
  "layer_1": {
    "task0": 0.4992514338731444,
    "task1": 0.12710863697705804,
    "task2": 0.17377277327935223
  },
  "layer_10": {
    "task0": 0.5112390350877193,
    "task1": 0.3679571524966262,
    "task2": 0.5645559210526315
  },
  "layer_11": {
    "task0": 0.5544239203778677,
    "task1": 0.3601341093117409,
    "task2": 0.6986968623481782
  },
  "layer_12": {
    "task0": 0.76072241902834,
    "task1": 0.4470732118758435,
    "task2": 0.7698422739541161
  },
  "layer_13": {
    "task0": 0.7537639170040485,
    "task1": 0.4635416666666667,
    "task2": 0.7341114203778677
  },
  "layer_14": {
    "task0": 0.527433367071525,
    "task1": 0.4428559379217274,
    "task2": 0.6672676282051282
  },
  "layer_15": {
    "task0": 0.5387989203778677,
    "task1": 0.48402707489878544,
    "task2": 0.7174953609986505
  },
  "layer_16": {
    "task0": 0.5318615047233468,
    "task1": 0.325689524291498,
    "task2": 0.6736989709851552
  },
  "layer_17": {
    "task0": 0.5323781207827261,
    "task1": 0.3035066632928475,
    "task2": 0.6326859817813765
  },
  "layer_18": {
    "task0": 0.5665591261808367,
    "task1": 0.2994053643724696,
    "task2": 0.5669386808367072
  },
  "layer_19": {
    "task0": 0.5585252192982456,
    "task1": 0.26903044871794873,
    "task2": 0.5164051956815114
  },
  "layer_2": {
    "task0": 0.5000210863697706,
    "task1": 0.12770959851551958,
    "task2": 0.17353028002699056
  },
  "layer_20": {
    "task0": 0.5628479251012146,
    "task1": 0.2390878036437247,
    "task2": 0.476636302294197
  },
  "layer_21": {
    "task0": 0.5798962550607287,
    "task1": 0.2403740721997301,
    "task2": 0.443931342780027
  },
  "layer_22": {
    "task0": 0.5661057692307693,
    "task1": 0.21340460526315788,
    "task2": 0.3938406713900135
  },
  "layer_23": {
    "task0": 0.5564482118758435,
    "task1": 0.2279752867746289,
    "task2": 0.35512609649122806
  },
  "layer_3": {
    "task0": 0.5379132928475033,
    "task1": 0.1284476214574899,
    "task2": 0.17357245276653172
  },
  "layer_4": {
    "task0": 0.5370065789473685,
    "task1": 0.2291244939271255,
    "task2": 0.17415232793522267
  },
  "layer_5": {
    "task0": 0.534444585020243,
    "task1": 0.21095858636977058,
    "task2": 0.17642965587044535
  },
  "layer_6": {
    "task0": 0.5483721322537112,
    "task1": 0.39947073211875844,
    "task2": 0.2661627024291498
  },
  "layer_7": {
    "task0": 0.5064840587044535,
    "task1": 0.2120023616734143,
    "task2": 0.4263980263157895
  },
  "layer_8": {
    "task0": 0.5000210863697706,
    "task1": 0.1971259278002699,
    "task2": 0.38008181511470984
  },
  "layer_9": {
    "task0": 0.5012124662618084,
    "task1": 0.2207742914979757,
    "task2": 0.34027074898785425
  }
}