{
  "layer_0": {
    "task0": 0.4999789136302294,
    "task1": 0.08611673414304993,
    "task2": 0.17354082321187583
  },
  "layer_1": {
    "task0": 0.5000210863697706,
    "task1": 0.1459914811066127,
    "task2": 0.11959134615384616
  },
  "layer_10": {
    "task0": 0.5002108636977058,
    "task1": 0.08619053643724696,
    "task2": 0.20572916666666666
  },
  "layer_11": {
    "task0": 0.48257211538461536,
    "task1": 0.13178981106612686,
    "task2": 0.1797929318488529
  },
  "layer_12": {
    "task0": 0.49374789136302294,
    "task1": 0.11881115047233469,
    "task2": 0.11458333333333333
  },
  "layer_13": {
    "task0": 0.4913545883940621,
    "task1": 0.10560053981106612,
    "task2": 0.18778466599190283
  },
  "layer_14": {
    "task0": 0.4826880904183536,
    "task1": 0.12740384615384615,
    "task2": 0.11989709851551957
  },
  "layer_15": {
    "task0": 0.4362137314439946,
    "task1": 0.08806722334682861,
    "task2": 0.15830592105263158
  },
  "layer_16": {
    "task0": 0.4329875168690958,
    "task1": 0.09242155870445344,
    "task2": 0.11093539136302294
  },
  "layer_17": {
    "task0": 0.4953820850202429,
    "task1": 0.11386639676113361,
    "task2": 0.16131072874493926
  },
  "layer_18": {
    "task0": 0.5252192982456141,
    "task1": 0.12099358974358974,
    "task2": 0.12047697368421052
  },
  "layer_19": {
    "task0": 0.4949603576248313,
    "task1": 0.11988655533063428,
    "task2": 0.1347419028340081
  },
  "layer_2": {
    "task0": 0.5000210863697706,
    "task1": 0.16376729082321187,
    "task2": 0.17354082321187583
  },
  "layer_20": {
    "task0": 0.4877382759784076,
    "task1": 0.11176830296896087,
    "task2": 0.13666076248313092
  },
  "layer_21": {
    "task0": 0.4868421052631579,
    "task1": 0.1050944669365722,
    "task2": 0.12175269905533063
  },
  "layer_22": {
    "task0": 0.4906903677462888,
    "task1": 0.10203694331983805,
    "task2": 0.13264380904183537
  },
  "layer_23": {
    "task0": 0.5037955465587044,
    "task1": 0.1089532726045884,
    "task2": 0.14092020917678813
  },
  "layer_3": {
    "task0": 0.4999789136302294,
    "task1": 0.08611673414304993,
    "task2": 0.18166961875843454
  },
  "layer_4": {
    "task0": 0.49995782726045884,
    "task1": 0.1253162955465587,
    "task2": 0.11959134615384616
  },
  "layer_5": {
    "task0": 0.4899418016194332,
    "task1": 0.13700868758434548,
    "task2": 0.11797823886639676
  },
  "layer_6": {
    "task0": 0.4997047908232119,
    "task1": 0.1253162955465587,
    "task2": 0.123618842780027
  },
  "layer_7": {
    "task0": 0.48257211538461536,
    "task1": 0.13760964912280702,
    "task2": 0.11980220985155196
  },
  "layer_8": {
    "task0": 0.5002319500674763,
    "task1": 0.1207089237516869,
    "task2": 0.17354082321187583
  },
  "layer_9": {
    "task0": 0.5006747638326585,
    "task1": 0.11771465924426451,
    "task2": 0.1457700742240216
  }
}