{
  "layer_0": {
    "task0": 0.5,
    "task1": 0.08073696192925503,
    "task2": 0.17355284792782158
  },
  "layer_1": {
    "task0": 0.5,
    "task1": 0.08611239934229942,
    "task2": 0.17342636704751466
  },
  "layer_10": {
    "task0": 0.5,
    "task1": 0.1729836839664404,
    "task2": 0.11314768750790505
  },
  "layer_11": {
    "task0": 0.49286437033601754,
    "task1": 0.12104220245372908,
    "task2": 0.1769467515493908
  },
  "layer_12": {
    "task0": 0.523346262489987,
    "task1": 0.11636240988237279,
    "task2": 0.12390910240735276
  },
  "layer_13": {
    "task0": 0.4512521607150386,
    "task1": 0.1336059698975505,
    "task2": 0.12560605421813736
  },
  "layer_14": {
    "task0": 0.5127429486909229,
    "task1": 0.09163539778236857,
    "task2": 0.11285256545385555
  },
  "layer_15": {
    "task0": 0.49913571398456935,
    "task1": 0.15447531514819343,
    "task2": 0.10497913065474936
  },
  "layer_16": {
    "task0": 0.46344702559129813,
    "task1": 0.13554534339559005,
    "task2": 0.15277836333740882
  },
  "layer_17": {
    "task0": 0.47316497322821366,
    "task1": 0.13068636957713226,
    "task2": 0.17601922509380666
  },
  "layer_18": {
    "task0": 0.48968126818162655,
    "task1": 0.1514503140941861,
    "task2": 0.1278510898435853
  },
  "layer_19": {
    "task0": 0.5000316202200767,
    "task1": 0.10374594207175682,
    "task2": 0.16867279396264598
  },
  "layer_2": {
    "task0": 0.5,
    "task1": 0.08052616046207682,
    "task2": 0.11958767233019942
  },
  "layer_20": {
    "task0": 0.5073253509844429,
    "task1": 0.14668620093595852,
    "task2": 0.16263333192799023
  },
  "layer_21": {
    "task0": 0.4852438972975252,
    "task1": 0.13398541253847127,
    "task2": 0.134607276866647
  },
  "layer_22": {
    "task0": 0.5,
    "task1": 0.11901850836881825,
    "task2": 0.15716303385471564
  },
  "layer_23": {
    "task0": 0.49549938867574517,
    "task1": 0.16017749483536406,
    "task2": 0.16853577300898015
  },
  "layer_3": {
    "task0": 0.5,
    "task1": 0.08611239934229942,
    "task2": 0.18118386103967285
  },
  "layer_4": {
    "task0": 0.5,
    "task1": 0.08611239934229942,
    "task2": 0.11939795100973903
  },
  "layer_5": {
    "task0": 0.5,
    "task1": 0.08733504785193305,
    "task2": 0.11939795100973903
  },
  "layer_6": {
    "task0": 0.5,
    "task1": 0.09022302795227455,
    "task2": 0.11981955394409545
  },
  "layer_7": {
    "task0": 0.5,
    "task1": 0.12532147223744677,
    "task2": 0.1420801888781146
  },
  "layer_8": {
    "task0": 0.49865087061005947,
    "task1": 0.11835448374720688,
    "task2": 0.17552384164593784
  },
  "layer_9": {
    "task0": 0.49992621948648763,
    "task1": 0.08612293941565834,
    "task2": 0.09056031029975968
  }
}