{
  "layer_0": {
    "task0": 0.5,
    "task1": 0.1716767148699355,
    "task2": 0.18092035920570007
  },
  "layer_1": {
    "task0": 0.5,
    "task1": 0.1840296808465787,
    "task2": 0.17522871959188835
  },
  "layer_10": {
    "task0": 0.7156182807032337,
    "task1": 0.8577090096547072,
    "task2": 0.751306969096505
  },
  "layer_11": {
    "task0": 0.7221531261857582,
    "task1": 0.8050718833003078,
    "task2": 0.7689721320460391
  },
  "layer_12": {
    "task0": 0.7887663898140731,
    "task1": 0.7478498250347823,
    "task2": 0.8065264134238375
  },
  "layer_13": {
    "task0": 0.8172456680298494,
    "task1": 0.7856254479531177,
    "task2": 0.791612209620979
  },
  "layer_14": {
    "task0": 0.7927294573970235,
    "task1": 0.7810721362620684,
    "task2": 0.7670327585479995
  },
  "layer_15": {
    "task0": 0.7633648130190986,
    "task1": 0.7721130739069944,
    "task2": 0.7581685568531557
  },
  "layer_16": {
    "task0": 0.7662844133395168,
    "task1": 0.7702053206290316,
    "task2": 0.7460053121969729
  },
  "layer_17": {
    "task0": 0.7552384164593785,
    "task1": 0.67008516379274,
    "task2": 0.7027066908385682
  },
  "layer_18": {
    "task0": 0.7428643703360175,
    "task1": 0.5554513259412286,
    "task2": 0.6092900206585438
  },
  "layer_19": {
    "task0": 0.7131519035372487,
    "task1": 0.5350668240650955,
    "task2": 0.5912981154348834
  },
  "layer_2": {
    "task0": 0.5029933808339306,
    "task1": 0.21204519583456302,
    "task2": 0.1439879421560774
  },
  "layer_20": {
    "task0": 0.670559467093891,
    "task1": 0.48567604030524053,
    "task2": 0.5765630928791264
  },
  "layer_21": {
    "task0": 0.6858952738311058,
    "task1": 0.45414014081538007,
    "task2": 0.47606349340191406
  },
  "layer_22": {
    "task0": 0.6829651334373287,
    "task1": 0.44385302921708336,
    "task2": 0.4825667186643619
  },
  "layer_23": {
    "task0": 0.6891837767190859,
    "task1": 0.45123108056832073,
    "task2": 0.4942029596525992
  },
  "layer_3": {
    "task0": 0.5071040094439058,
    "task1": 0.23337830431299803,
    "task2": 0.1451895105189932
  },
  "layer_4": {
    "task0": 0.5419389518951052,
    "task1": 0.2704582823896454,
    "task2": 0.3918588473375775
  },
  "layer_5": {
    "task0": 0.559519794257768,
    "task1": 0.4993992158185421,
    "task2": 0.6192925502761499
  },
  "layer_6": {
    "task0": 0.5844997681183861,
    "task1": 0.6780850794721531,
    "task2": 0.7444137611197774
  },
  "layer_7": {
    "task0": 0.6189552679286647,
    "task1": 0.8088873898562334,
    "task2": 0.7684767485981703
  },
  "layer_8": {
    "task0": 0.5664551625279312,
    "task1": 0.7655466082043931,
    "task2": 0.7766242253046082
  },
  "layer_9": {
    "task0": 0.6062123192377419,
    "task1": 0.7528668999536237,
    "task2": 0.7766874657447616
  }
}