{
  "layer_0": {
    "task0": 0.5,
    "task1": 0.07209410177494835,
    "task2": 0.17355284792782158
  },
  "layer_1": {
    "task0": 0.5011067077026856,
    "task1": 0.11586702643450399,
    "task2": 0.11424385513723176
  },
  "layer_10": {
    "task0": 0.5049116741852523,
    "task1": 0.08612293941565834,
    "task2": 0.13906572789746616
  },
  "layer_11": {
    "task0": 0.4861819638264682,
    "task1": 0.12140056494793204,
    "task2": 0.1559509254184409
  },
  "layer_12": {
    "task0": 0.5,
    "task1": 0.10789873097516758,
    "task2": 0.14662296049580506
  },
  "layer_13": {
    "task0": 0.4944137611197774,
    "task1": 0.09202538049664825,
    "task2": 0.18485180656857372
  },
  "layer_14": {
    "task0": 0.49580505080315357,
    "task1": 0.10615961887094734,
    "task2": 0.09174079851595768
  },
  "layer_15": {
    "task0": 0.43217462793541045,
    "task1": 0.12888401703275854,
    "task2": 0.13495509928749105
  },
  "layer_16": {
    "task0": 0.5,
    "task1": 0.12350857961971415,
    "task2": 0.15957671065390616
  },
  "layer_17": {
    "task0": 0.4988827522239555,
    "task1": 0.13448079598634005,
    "task2": 0.15480205742231967
  },
  "layer_18": {
    "task0": 0.4868776086681563,
    "task1": 0.12370884101353345,
    "task2": 0.17732619419031156
  },
  "layer_19": {
    "task0": 0.4592731565411695,
    "task1": 0.12579577553859775,
    "task2": 0.13757957755385977
  },
  "layer_2": {
    "task0": 0.5,
    "task1": 0.12532147223744677,
    "task2": 0.11958767233019942
  },
  "layer_20": {
    "task0": 0.4777709852860576,
    "task1": 0.13845440364264935,
    "task2": 0.12417260424132552
  },
  "layer_21": {
    "task0": 0.4780555672667482,
    "task1": 0.10828871368944727,
    "task2": 0.09275264555841309
  },
  "layer_22": {
    "task0": 0.48861672077237656,
    "task1": 0.11845988448079599,
    "task2": 0.1238458619671993
  },
  "layer_23": {
    "task0": 0.4554787301319617,
    "task1": 0.1441671234031789,
    "task2": 0.12479446856950124
  },
  "layer_3": {
    "task0": 0.49998945992664107,
    "task1": 0.08611239934229942,
    "task2": 0.181753025001054
  },
  "layer_4": {
    "task0": 0.4997997386061807,
    "task1": 0.09120325477465323,
    "task2": 0.11958767233019942
  },
  "layer_5": {
    "task0": 0.4970066191660694,
    "task1": 0.12710274463510265,
    "task2": 0.18179518529448965
  },
  "layer_6": {
    "task0": 0.5001581011003836,
    "task1": 0.12532147223744677,
    "task2": 0.11959821240355833
  },
  "layer_7": {
    "task0": 0.5,
    "task1": 0.1251317509169864,
    "task2": 0.14355579914836208
  },
  "layer_8": {
    "task0": 0.49737552173363125,
    "task1": 0.08611239934229942,
    "task2": 0.1841350815801678
  },
  "layer_9": {
    "task0": 0.5,
    "task1": 0.11770099919895442,
    "task2": 0.12768244866984274
  }
}