{
  "layer_0": {
    "task0": 0.5,
    "task1": 0.21240355832876598,
    "task2": 0.18179518529448965
  },
  "layer_1": {
    "task0": 0.5,
    "task1": 0.19557106117458578,
    "task2": 0.18560015177705635
  },
  "layer_10": {
    "task0": 0.5047430330115098,
    "task1": 0.29047388169821664,
    "task2": 0.1988911842826426
  },
  "layer_11": {
    "task0": 0.5061870230616805,
    "task1": 0.25374172604241324,
    "task2": 0.19256714026729627
  },
  "layer_12": {
    "task0": 0.5240735275517517,
    "task1": 0.2646823221889624,
    "task2": 0.19234579872675914
  },
  "layer_13": {
    "task0": 0.5373856402040558,
    "task1": 0.275580758042076,
    "task2": 0.19267254100088538
  },
  "layer_14": {
    "task0": 0.5362051519878578,
    "task1": 0.2496100172857203,
    "task2": 0.1902061638349003
  },
  "layer_15": {
    "task0": 0.5317256208103208,
    "task1": 0.27513807496100173,
    "task2": 0.20268561069185043
  },
  "layer_16": {
    "task0": 0.5177494835364054,
    "task1": 0.25515409587250726,
    "task2": 0.20991610101606306
  },
  "layer_17": {
    "task0": 0.5164846747333361,
    "task1": 0.28113537670222183,
    "task2": 0.22224798684598845
  },
  "layer_18": {
    "task0": 0.5194148151271133,
    "task1": 0.2966503646865382,
    "task2": 0.21162359290020658
  },
  "layer_19": {
    "task0": 0.5151144651966778,
    "task1": 0.299032421265652,
    "task2": 0.23014250179181248
  },
  "layer_2": {
    "task0": 0.4995046165521312,
    "task1": 0.1827332518234327,
    "task2": 0.18195328639487332
  },
  "layer_20": {
    "task0": 0.5047114127914331,
    "task1": 0.2985054175977065,
    "task2": 0.24166280197310172
  },
  "layer_21": {
    "task0": 0.5072937307643661,
    "task1": 0.29326700113832793,
    "task2": 0.23970234832834436
  },
  "layer_22": {
    "task0": 0.5106981744592942,
    "task1": 0.27458999114633836,
    "task2": 0.25143344997681183
  },
  "layer_23": {
    "task0": 0.5138180361735317,
    "task1": 0.2999915679413129,
    "task2": 0.2625743075171803
  },
  "layer_24": {
    "task0": 0.5199945191618534,
    "task1": 0.2878915637252835,
    "task2": 0.25445845103081915
  },
  "layer_25": {
    "task0": 0.5219655128799696,
    "task1": 0.278879801003415,
    "task2": 0.24966271765251485
  },
  "layer_26": {
    "task0": 0.5275939120536279,
    "task1": 0.27838441755554616,
    "task2": 0.2638391163202496
  },
  "layer_27": {
    "task0": 0.526402883764071,
    "task1": 0.2746216113664151,
    "task2": 0.2637337155866605
  },
  "layer_28": {
    "task0": 0.5260866815633036,
    "task1": 0.2728403389687592,
    "task2": 0.24827142796913867
  },
  "layer_29": {
    "task0": 0.5130064505248957,
    "task1": 0.28790210379864245,
    "task2": 0.2657257894514946
  },
  "layer_3": {
    "task0": 0.5,
    "task1": 0.25441629073738353,
    "task2": 0.18179518529448965
  },
  "layer_30": {
    "task0": 0.5136915552932249,
    "task1": 0.24347569459083435,
    "task2": 0.27848981828913527
  },
  "layer_31": {
    "task0": 0.5105295332855516,
    "task1": 0.24270626923563388,
    "task2": 0.25564947932037607
  },
  "layer_4": {
    "task0": 0.5000105400733589,
    "task1": 0.24366541591129473,
    "task2": 0.18181626544120746
  },
  "layer_5": {
    "task0": 0.49885113200387876,
    "task1": 0.2528563598802648,
    "task2": 0.19764745562629116
  },
  "layer_6": {
    "task0": 0.5007694253552005,
    "task1": 0.32609932965133437,
    "task2": 0.19376870863021206
  },
  "layer_7": {
    "task0": 0.5008537459420718,
    "task1": 0.3417407985159577,
    "task2": 0.19779501665331592
  },
  "layer_8": {
    "task0": 0.5028668999536237,
    "task1": 0.4320481470551035,
    "task2": 0.1998924912517391
  },
  "layer_9": {
    "task0": 0.5027509591466757,
    "task1": 0.38157173573928077,
    "task2": 0.1923984990935537
  }
}