{
  "layer_0": {
    "task0": 0.5,
    "task1": 0.08611239934229942,
    "task2": 0.18179518529448965
  },
  "layer_1": {
    "task0": 0.5,
    "task1": 0.11781694000590244,
    "task2": 0.18179518529448965
  },
  "layer_10": {
    "task0": 0.5,
    "task1": 0.06577005775960201,
    "task2": 0.17355284792782158
  },
  "layer_11": {
    "task0": 0.5,
    "task1": 0.1252582317972933,
    "task2": 0.17355284792782158
  },
  "layer_12": {
    "task0": 0.5,
    "task1": 0.08611239934229942,
    "task2": 0.11974577343058308
  },
  "layer_13": {
    "task0": 0.5,
    "task1": 0.12532147223744677,
    "task2": 0.117279396264598
  },
  "layer_14": {
    "task0": 0.5,
    "task1": 0.08611239934229942,
    "task2": 0.1470761836502382
  },
  "layer_15": {
    "task0": 0.5,
    "task1": 0.12183270795564737,
    "task2": 0.17722079345672245
  },
  "layer_16": {
    "task0": 0.5030039209072895,
    "task1": 0.13834900290906024,
    "task2": 0.10218601121463805
  },
  "layer_17": {
    "task0": 0.5,
    "task1": 0.08614401956237615,
    "task2": 0.1824486698427421
  },
  "layer_18": {
    "task0": 0.5,
    "task1": 0.08608077912222269,
    "task2": 0.17691513132931405
  },
  "layer_19": {
    "task0": 0.5036047050887474,
    "task1": 0.12532147223744677,
    "task2": 0.11958767233019942
  },
  "layer_2": {
    "task0": 0.5,
    "task1": 0.08611239934229942,
    "task2": 0.18179518529448965
  },
  "layer_20": {
    "task0": 0.4734179349888275,
    "task1": 0.11781694000590244,
    "task2": 0.11939795100973903
  },
  "layer_21": {
    "task0": 0.49933597537838864,
    "task1": 0.08632320080947764,
    "task2": 0.18118386103967285
  },
  "layer_22": {
    "task0": 0.5,
    "task1": 0.11778531978582571,
    "task2": 0.15778489818289135
  },
  "layer_23": {
    "task0": 0.5,
    "task1": 0.13009612546903326,
    "task2": 0.07527720392933934
  },
  "layer_24": {
    "task0": 0.5,
    "task1": 0.12159028626839243,
    "task2": 0.17054892702053207
  },
  "layer_25": {
    "task0": 0.4989565327374679,
    "task1": 0.11381171212951642,
    "task2": 0.11926093005607319
  },
  "layer_26": {
    "task0": 0.5,
    "task1": 0.12328723807917703,
    "task2": 0.1474872465112357
  },
  "layer_27": {
    "task0": 0.49674311733209664,
    "task1": 0.1471499641637506,
    "task2": 0.14295501496690416
  },
  "layer_28": {
    "task0": 0.48024790252540156,
    "task1": 0.09643113116067288,
    "task2": 0.17964501032927188
  },
  "layer_29": {
    "task0": 0.47445086217800075,
    "task1": 0.14809857076605254,
    "task2": 0.15884944559214131
  },
  "layer_3": {
    "task0": 0.5,
    "task1": 0.12532147223744677,
    "task2": 0.11958767233019942
  },
  "layer_30": {
    "task0": 0.49945191618533663,
    "task1": 0.10069986087103167,
    "task2": 0.18179518529448965
  },
  "layer_31": {
    "task0": 0.49998945992664107,
    "task1": 0.15498123866942115,
    "task2": 0.14824613179307727
  },
  "layer_4": {
    "task0": 0.5,
    "task1": 0.12532147223744677,
    "task2": 0.11958767233019942
  },
  "layer_5": {
    "task0": 0.5,
    "task1": 0.11781694000590244,
    "task2": 0.11939795100973903
  },
  "layer_6": {
    "task0": 0.5,
    "task1": 0.12532147223744677,
    "task2": 0.1411948227159661
  },
  "layer_7": {
    "task0": 0.5,
    "task1": 0.08611239934229942,
    "task2": 0.18182680551456637
  },
  "layer_8": {
    "task0": 0.5,
    "task1": 0.08611239934229942,
    "task2": 0.18179518529448965
  },
  "layer_9": {
    "task0": 0.502476917239344,
    "task1": 0.12250727265061764,
    "task2": 0.10375648214511574
  }
}