{
  "layer_0": {
    "task0": 0.5,
    "task1": 0.12532147223744677,
    "task2": 0.18179518529448965
  },
  "layer_1": {
    "task0": 0.5001054007335891,
    "task1": 0.16598507525612377,
    "task2": 0.08114802479025254
  },
  "layer_10": {
    "task0": 0.4999367595598465,
    "task1": 0.1253530924575235,
    "task2": 0.1278300096968675
  },
  "layer_11": {
    "task0": 0.49913571398456935,
    "task1": 0.12063113959273157,
    "task2": 0.1660061554028416
  },
  "layer_12": {
    "task0": 0.5002213415405371,
    "task1": 0.15805894009022303,
    "task2": 0.14661242042244613
  },
  "layer_13": {
    "task0": 0.4996943378725916,
    "task1": 0.1251528310637042,
    "task2": 0.1103018677009992
  },
  "layer_14": {
    "task0": 0.5013491293899406,
    "task1": 0.1406678190480206,
    "task2": 0.17747375521733633
  },
  "layer_15": {
    "task0": 0.5014439900501707,
    "task1": 0.12374046123361018,
    "task2": 0.14176398667734727
  },
  "layer_16": {
    "task0": 0.49855600994982924,
    "task1": 0.13743201652683504,
    "task2": 0.10783549053501412
  },
  "layer_17": {
    "task0": 0.500126480880307,
    "task1": 0.16363463889708674,
    "task2": 0.1352186011214638
  },
  "layer_18": {
    "task0": 0.5009275264555841,
    "task1": 0.10637042033812555,
    "task2": 0.11307390699439268
  },
  "layer_19": {
    "task0": 0.5004637632277921,
    "task1": 0.11839664404064253,
    "task2": 0.1053164130022345
  },
  "layer_2": {
    "task0": 0.5,
    "task1": 0.14767696783169612,
    "task2": 0.1419747881445255
  },
  "layer_20": {
    "task0": 0.5008853661621485,
    "task1": 0.13608288713689448,
    "task2": 0.16403516168472532
  },
  "layer_21": {
    "task0": 0.5014545301235297,
    "task1": 0.13415405371221384,
    "task2": 0.12589063619882795
  },
  "layer_22": {
    "task0": 0.5024347569459083,
    "task1": 0.12154812597495679,
    "task2": 0.1341224334921371
  },
  "layer_23": {
    "task0": 0.4997048779459505,
    "task1": 0.11825962308697668,
    "task2": 0.12163244656182808
  },
  "layer_3": {
    "task0": 0.5,
    "task1": 0.1069185041527889,
    "task2": 0.14438846494371602
  },
  "layer_4": {
    "task0": 0.49946245625869556,
    "task1": 0.11196719929170706,
    "task2": 0.17355284792782158
  },
  "layer_5": {
    "task0": 0.5,
    "task1": 0.12532147223744677,
    "task2": 0.16495214806695055
  },
  "layer_6": {
    "task0": 0.5001370209536659,
    "task1": 0.15558202285087905,
    "task2": 0.1801509338504996
  },
  "layer_7": {
    "task0": 0.49998945992664107,
    "task1": 0.13311058644968168,
    "task2": 0.17355284792782158
  },
  "layer_8": {
    "task0": 0.5000843205868712,
    "task1": 0.1257325350984443,
    "task2": 0.17073864834099245
  },
  "layer_9": {
    "task0": 0.5000105400733589,
    "task1": 0.16065179813651503,
    "task2": 0.15575066402462162
  }
}