{
  "layer_0": {
    "task0": 0.4991040936256521,
    "task1": 0.2606033135304926,
    "task2": 0.1821851679382497
  },
  "layer_1": {
    "task0": 0.49682743749804886,
    "task1": 0.3860196463867059,
    "task2": 0.1854947508537396
  },
  "layer_10": {
    "task0": 0.5288587206770213,
    "task1": 0.9199903019533082,
    "task2": 0.5036679443958749
  },
  "layer_11": {
    "task0": 0.53876638885287,
    "task1": 0.9323432682949574,
    "task2": 0.5161157712529454
  },
  "layer_12": {
    "task0": 0.544110206496912,
    "task1": 0.9349782867553067,
    "task2": 0.5241578468124141
  },
  "layer_13": {
    "task0": 0.5445318095518901,
    "task1": 0.9363906563108609,
    "task2": 0.5312618568883265
  },
  "layer_14": {
    "task0": 0.5409060245080373,
    "task1": 0.9311311601709167,
    "task2": 0.5249061928294381
  },
  "layer_15": {
    "task0": 0.5456701366208778,
    "task1": 0.9346410051258968,
    "task2": 0.5227033166436512
  },
  "layer_16": {
    "task0": 0.5390193503540218,
    "task1": 0.9299822918324061,
    "task2": 0.5303554107786115
  },
  "layer_17": {
    "task0": 0.5421919135966647,
    "task1": 0.925639781296301,
    "task2": 0.527973353665496
  },
  "layer_18": {
    "task0": 0.5390931312356813,
    "task1": 0.9270837713766271,
    "task2": 0.5290379017777436
  },
  "layer_19": {
    "task0": 0.5355305871735224,
    "task1": 0.9295712282533334,
    "task2": 0.5235149025819048
  },
  "layer_2": {
    "task0": 0.4972174203888633,
    "task1": 0.4818710732676261,
    "task2": 0.18595851435607136
  },
  "layer_20": {
    "task0": 0.54142248710247,
    "task1": 0.9262827258239664,
    "task2": 0.5324107248090593
  },
  "layer_21": {
    "task0": 0.5433197010477657,
    "task1": 0.9305936161776889,
    "task2": 0.5253067152219155
  },
  "layer_22": {
    "task0": 0.5382183056281216,
    "task1": 0.9287807235222622,
    "task2": 0.5336017528768484
  },
  "layer_23": {
    "task0": 0.5381023648814843,
    "task1": 0.9278004957223462,
    "task2": 0.5332012307695908
  },
  "layer_3": {
    "task0": 0.5016864117616128,
    "task1": 0.5440785863161002,
    "task2": 0.19324170479060068
  },
  "layer_4": {
    "task0": 0.5011067072230264,
    "task1": 0.6921033759099335,
    "task2": 0.21864328162012825
  },
  "layer_5": {
    "task0": 0.5113200385324056,
    "task1": 0.7565032254132248,
    "task2": 0.22955225735043358
  },
  "layer_6": {
    "task0": 0.5013069691266603,
    "task1": 0.8383047344118534,
    "task2": 0.24356001470103056
  },
  "layer_7": {
    "task0": 0.5225135954243371,
    "task1": 0.8858299240343657,
    "task2": 0.2654833674171385
  },
  "layer_8": {
    "task0": 0.5175703012181593,
    "task1": 0.882688983869023,
    "task2": 0.28564652783409117
  },
  "layer_9": {
    "task0": 0.5119208220124365,
    "task1": 0.8931974361810964,
    "task2": 0.4515789025142174
  }
}