{
  "layer_0": {
    "task0": 0.5,
    "task1": 0.11336902904844218,
    "task2": 0.17355284792782158
  },
  "layer_1": {
    "task0": 0.5001370209536659,
    "task1": 0.12532147223744677,
    "task2": 0.07359079219191365
  },
  "layer_10": {
    "task0": 0.5291854631308234,
    "task1": 0.08611239934229942,
    "task2": 0.11006998608710317
  },
  "layer_11": {
    "task0": 0.504131708756693,
    "task1": 0.12662844133395168,
    "task2": 0.14372444032210463
  },
  "layer_12": {
    "task0": 0.47264850963362703,
    "task1": 0.10983810447320713,
    "task2": 0.18070955773852185
  },
  "layer_13": {
    "task0": 0.40869134449175765,
    "task1": 0.10458914794046967,
    "task2": 0.13443863569290443
  },
  "layer_14": {
    "task0": 0.5059551414477845,
    "task1": 0.11183017833804124,
    "task2": 0.06862641763986678
  },
  "layer_15": {
    "task0": 0.5242421687254943,
    "task1": 0.1381276613685231,
    "task2": 0.11227286141911548
  },
  "layer_16": {
    "task0": 0.5038998271427969,
    "task1": 0.1365150301446098,
    "task2": 0.09358531135376702
  },
  "layer_17": {
    "task0": 0.4835258653400228,
    "task1": 0.1093005607319027,
    "task2": 0.12252835279733547
  },
  "layer_18": {
    "task0": 0.4650280365951347,
    "task1": 0.08460516885197521,
    "task2": 0.1031240777435811
  },
  "layer_19": {
    "task0": 0.4883426788650449,
    "task1": 0.11344280956195456,
    "task2": 0.08221257219950251
  },
  "layer_2": {
    "task0": 0.5,
    "task1": 0.12532147223744677,
    "task2": 0.11958767233019942
  },
  "layer_20": {
    "task0": 0.5473354694548674,
    "task1": 0.1287259159323749,
    "task2": 0.1303174670095704
  },
  "layer_21": {
    "task0": 0.4755259496606096,
    "task1": 0.11633078966229606,
    "task2": 0.09229942240397992
  },
  "layer_22": {
    "task0": 0.4698132299000801,
    "task1": 0.12286563514482061,
    "task2": 0.14440954509043383
  },
  "layer_23": {
    "task0": 0.5011067077026856,
    "task1": 0.11034402799443484,
    "task2": 0.14614865719465409
  },
  "layer_3": {
    "task0": 0.5001897213204604,
    "task1": 0.08611239934229942,
    "task2": 0.1760613853872423
  },
  "layer_4": {
    "task0": 0.4993465154517475,
    "task1": 0.08711370631139592,
    "task2": 0.11958767233019942
  },
  "layer_5": {
    "task0": 0.49537290779543824,
    "task1": 0.1253530924575235,
    "task2": 0.18179518529448965
  },
  "layer_6": {
    "task0": 0.5,
    "task1": 0.12532147223744677,
    "task2": 0.11958767233019942
  },
  "layer_7": {
    "task0": 0.4997786584594629,
    "task1": 0.08611239934229942,
    "task2": 0.11958767233019942
  },
  "layer_8": {
    "task0": 0.5015599308571188,
    "task1": 0.08611239934229942,
    "task2": 0.1594396897002403
  },
  "layer_9": {
    "task0": 0.5114781398878536,
    "task1": 0.16677558075804208,
    "task2": 0.11952443189004595
  }
}