{
  "layer_0": {
    "task0": 0.5000210863697706,
    "task1": 0.22091135290148448,
    "task2": 0.1818277665317139
  },
  "layer_1": {
    "task0": 0.4999789136302294,
    "task1": 0.22170209176788125,
    "task2": 0.23731654858299595
  },
  "layer_10": {
    "task0": 0.5443235492577598,
    "task1": 0.44827513495276655,
    "task2": 0.5884046052631579
  },
  "layer_11": {
    "task0": 0.5671073717948718,
    "task1": 0.4056068657219973,
    "task2": 0.5653044871794872
  },
  "layer_12": {
    "task0": 0.7204896255060729,
    "task1": 0.382411858974359,
    "task2": 0.5832279014844804
  },
  "layer_13": {
    "task0": 0.7746077935222672,
    "task1": 0.40107329622132254,
    "task2": 0.6091852226720648
  },
  "layer_14": {
    "task0": 0.7831372300944669,
    "task1": 0.3993863866396761,
    "task2": 0.6051260964912281
  },
  "layer_15": {
    "task0": 0.8137124662618084,
    "task1": 0.4117113697705803,
    "task2": 0.6306406039136302
  },
  "layer_16": {
    "task0": 0.7595626686909581,
    "task1": 0.37343960863697706,
    "task2": 0.6956815114709851
  },
  "layer_17": {
    "task0": 0.7369159075573549,
    "task1": 0.3958544197031039,
    "task2": 0.6831351214574899
  },
  "layer_18": {
    "task0": 0.7395833333333334,
    "task1": 0.4267037786774629,
    "task2": 0.6802462887989204
  },
  "layer_19": {
    "task0": 0.727469213900135,
    "task1": 0.4550333164642375,
    "task2": 0.7307481443994602
  },
  "layer_2": {
    "task0": 0.5352880398110661,
    "task1": 0.2112748819163293,
    "task2": 0.19633518893387314
  },
  "layer_20": {
    "task0": 0.6288798920377868,
    "task1": 0.42439482118758437,
    "task2": 0.7446546052631579
  },
  "layer_21": {
    "task0": 0.660572705802969,
    "task1": 0.4252382759784076,
    "task2": 0.7539536943319838
  },
  "layer_22": {
    "task0": 0.6728028002699056,
    "task1": 0.3869876012145749,
    "task2": 0.8028108130904184
  },
  "layer_23": {
    "task0": 0.689861673414305,
    "task1": 0.4124704790823212,
    "task2": 0.7830001686909581
  },
  "layer_24": {
    "task0": 0.7107793522267206,
    "task1": 0.41787913292847506,
    "task2": 0.7667742071524967
  },
  "layer_25": {
    "task0": 0.7115384615384616,
    "task1": 0.3835821524966262,
    "task2": 0.7884615384615384
  },
  "layer_26": {
    "task0": 0.7460673920377868,
    "task1": 0.37465207489878544,
    "task2": 0.7712023448043185
  },
  "layer_27": {
    "task0": 0.7420188090418354,
    "task1": 0.3565283400809717,
    "task2": 0.7846238191632928
  },
  "layer_28": {
    "task0": 0.7356296390013495,
    "task1": 0.3355579453441296,
    "task2": 0.7606591599190283
  },
  "layer_29": {
    "task0": 0.6518324055330634,
    "task1": 0.36340249662618085,
    "task2": 0.7464258603238867
  },
  "layer_3": {
    "task0": 0.5000210863697706,
    "task1": 0.37643387314439947,
    "task2": 0.182376012145749
  },
  "layer_30": {
    "task0": 0.6807207321187584,
    "task1": 0.3097482287449393,
    "task2": 0.7355136639676113
  },
  "layer_31": {
    "task0": 0.6458649628879892,
    "task1": 0.3190367746288799,
    "task2": 0.6610366059379217
  },
  "layer_4": {
    "task0": 0.5061572199730094,
    "task1": 0.31788756747638325,
    "task2": 0.2330992746288799
  },
  "layer_5": {
    "task0": 0.5032473009446694,
    "task1": 0.5001054318488529,
    "task2": 0.3650366902834008
  },
  "layer_6": {
    "task0": 0.5000421727395412,
    "task1": 0.6461707152496626,
    "task2": 0.4385016025641026
  },
  "layer_7": {
    "task0": 0.5371752699055331,
    "task1": 0.594329875168691,
    "task2": 0.4878331646423752
  },
  "layer_8": {
    "task0": 0.5250189777327935,
    "task1": 0.5826585695006747,
    "task2": 0.4707742914979757
  },
  "layer_9": {
    "task0": 0.5398216093117408,
    "task1": 0.5426893556005398,
    "task2": 0.5371120107962213
  }
}