{
  "layer_0": {
    "task0": 0.5,
    "task1": 0.20281209157215735,
    "task2": 0.18538935030987816
  },
  "layer_1": {
    "task0": 0.502118554745141,
    "task1": 0.22881445254858973,
    "task2": 0.18289135292381634
  },
  "layer_10": {
    "task0": 0.5138707365403263,
    "task1": 0.7701737004089548,
    "task2": 0.2934251022387116
  },
  "layer_11": {
    "task0": 0.5152304060036258,
    "task1": 0.7532147223744677,
    "task2": 0.22355495594249336
  },
  "layer_12": {
    "task0": 0.49854546987647036,
    "task1": 0.8106370420338126,
    "task2": 0.26001306969096505
  },
  "layer_13": {
    "task0": 0.4992832750115941,
    "task1": 0.805166743960538,
    "task2": 0.2522661157721658
  },
  "layer_14": {
    "task0": 0.49786036510814113,
    "task1": 0.8172562081032084,
    "task2": 0.25723049032421264
  },
  "layer_15": {
    "task0": 0.4964163750579704,
    "task1": 0.8074644799527805,
    "task2": 0.19246173953370715
  },
  "layer_16": {
    "task0": 0.4971225599730174,
    "task1": 0.8110902651882457,
    "task2": 0.19556052110122688
  },
  "layer_17": {
    "task0": 0.49813440701547285,
    "task1": 0.7645663813820144,
    "task2": 0.19920738648340994
  },
  "layer_18": {
    "task0": 0.49576289050971795,
    "task1": 0.7493570555251065,
    "task2": 0.20233778827100637
  },
  "layer_19": {
    "task0": 0.4959315316834605,
    "task1": 0.7616362409882372,
    "task2": 0.20424554154896918
  },
  "layer_2": {
    "task0": 0.5,
    "task1": 0.26121463805388084,
    "task2": 0.19416923141785067
  },
  "layer_20": {
    "task0": 0.4950356254479531,
    "task1": 0.770869345250643,
    "task2": 0.20877777309330073
  },
  "layer_21": {
    "task0": 0.49260086850204476,
    "task1": 0.7490092331042624,
    "task2": 0.20204266621695688
  },
  "layer_22": {
    "task0": 0.4929170707028121,
    "task1": 0.7370040895484633,
    "task2": 0.20521522829798897
  },
  "layer_23": {
    "task0": 0.4928222100425819,
    "task1": 0.7459104515367427,
    "task2": 0.20689109996205574
  },
  "layer_3": {
    "task0": 0.5,
    "task1": 0.3723702516969518,
    "task2": 0.18542097052995488
  },
  "layer_4": {
    "task0": 0.506492685189089,
    "task1": 0.5105084531388339,
    "task2": 0.17700999198954426
  },
  "layer_5": {
    "task0": 0.5114992200345715,
    "task1": 0.7358763016990598,
    "task2": 0.1470656435768793
  },
  "layer_6": {
    "task0": 0.505069775285636,
    "task1": 0.7239343985834141,
    "task2": 0.16409840212487878
  },
  "layer_7": {
    "task0": 0.5147666427758337,
    "task1": 0.6014060457860787,
    "task2": 0.15701547282769088
  },
  "layer_8": {
    "task0": 0.5097811880770691,
    "task1": 0.5959779080062397,
    "task2": 0.17070702812091573
  },
  "layer_9": {
    "task0": 0.5100868502044774,
    "task1": 0.6903431847885662,
    "task2": 0.21767359500822125
  }
}