{
  "layer_0": {
    "task0": 0.4999789136302294,
    "task1": 0.17291877530364372,
    "task2": 0.1818277665317139
  },
  "layer_1": {
    "task0": 0.4999789136302294,
    "task1": 0.16679318488529016,
    "task2": 0.1818277665317139
  },
  "layer_10": {
    "task0": 0.5000210863697706,
    "task1": 0.11786226383265858,
    "task2": 0.22856570512820512
  },
  "layer_11": {
    "task0": 0.5000210863697706,
    "task1": 0.1178200910931174,
    "task2": 0.24629934210526316
  },
  "layer_12": {
    "task0": 0.5008750843454791,
    "task1": 0.21552378542510123,
    "task2": 0.2800480769230769
  },
  "layer_13": {
    "task0": 0.560064524291498,
    "task1": 0.2483868927125506,
    "task2": 0.2243378879892038
  },
  "layer_14": {
    "task0": 0.6225118083670715,
    "task1": 0.28075447031039136,
    "task2": 0.3059210526315789
  },
  "layer_15": {
    "task0": 0.5000316295546559,
    "task1": 0.21724232456140352,
    "task2": 0.18831182523616735
  },
  "layer_16": {
    "task0": 0.5002424932523617,
    "task1": 0.29746541835357626,
    "task2": 0.2144589237516869
  },
  "layer_17": {
    "task0": 0.4999789136302294,
    "task1": 0.2119074730094467,
    "task2": 0.3285045546558704
  },
  "layer_18": {
    "task0": 0.725002108636977,
    "task1": 0.11866354588394062,
    "task2": 0.26491860661268557
  },
  "layer_19": {
    "task0": 0.4999789136302294,
    "task1": 0.15278129217273953,
    "task2": 0.2829896255060729
  },
  "layer_2": {
    "task0": 0.4999894568151147,
    "task1": 0.16679318488529016,
    "task2": 0.17354082321187583
  },
  "layer_20": {
    "task0": 0.5,
    "task1": 0.22264043522267207,
    "task2": 0.3337128879892038
  },
  "layer_21": {
    "task0": 0.5022773279352226,
    "task1": 0.14109944331983806,
    "task2": 0.34494137989203777
  },
  "layer_22": {
    "task0": 0.5341388326585695,
    "task1": 0.13590165317139002,
    "task2": 0.3448254048582996
  },
  "layer_23": {
    "task0": 0.5026041666666666,
    "task1": 0.1326227226720648,
    "task2": 0.3481043353576248
  },
  "layer_24": {
    "task0": 0.5056195175438597,
    "task1": 0.12609649122807018,
    "task2": 0.3651315789473684
  },
  "layer_25": {
    "task0": 0.5043437921727395,
    "task1": 0.13092526990553308,
    "task2": 0.4054065452091768
  },
  "layer_26": {
    "task0": 0.5324097503373819,
    "task1": 0.13926492914979757,
    "task2": 0.4053011133603239
  },
  "layer_27": {
    "task0": 0.5135690789473685,
    "task1": 0.1206140350877193,
    "task2": 0.40912828947368424
  },
  "layer_28": {
    "task0": 0.5159096659919028,
    "task1": 0.12293353576248313,
    "task2": 0.3987537955465587
  },
  "layer_29": {
    "task0": 0.5464849021592443,
    "task1": 0.13009235829959515,
    "task2": 0.4029499831309042
  },
  "layer_3": {
    "task0": 0.4999789136302294,
    "task1": 0.16679318488529016,
    "task2": 0.17354082321187583
  },
  "layer_30": {
    "task0": 0.5495318825910931,
    "task1": 0.11791497975708502,
    "task2": 0.41335610661268557
  },
  "layer_31": {
    "task0": 0.541171136977058,
    "task1": 0.11821018893387314,
    "task2": 0.4486019736842105
  },
  "layer_4": {
    "task0": 0.4999789136302294,
    "task1": 0.17480600539811067,
    "task2": 0.17354082321187583
  },
  "layer_5": {
    "task0": 0.5000948886639676,
    "task1": 0.1178200910931174,
    "task2": 0.17354082321187583
  },
  "layer_6": {
    "task0": 0.5000210863697706,
    "task1": 0.1178200910931174,
    "task2": 0.17354082321187583
  },
  "layer_7": {
    "task0": 0.4999894568151147,
    "task1": 0.1178200910931174,
    "task2": 0.1763663967611336
  },
  "layer_8": {
    "task0": 0.5425944669365722,
    "task1": 0.1178200910931174,
    "task2": 0.18597123819163291
  },
  "layer_9": {
    "task0": 0.5000210863697706,
    "task1": 0.11807312753036438,
    "task2": 0.1735619095816464
  }
}