{
  "layer_0": {
    "task0": 0.500474303301151,
    "task1": 0.1471921244571862,
    "task2": 0.1733631266073612
  },
  "layer_1": {
    "task0": 0.5,
    "task1": 0.17300476411315824,
    "task2": 0.181753025001054
  },
  "layer_10": {
    "task0": 0.5084215186137695,
    "task1": 0.45883047346009526,
    "task2": 0.1370104135924786
  },
  "layer_11": {
    "task0": 0.5083582781736161,
    "task1": 0.5437202242927611,
    "task2": 0.08483705046587124
  },
  "layer_12": {
    "task0": 0.4983030481892154,
    "task1": 0.49351785488426997,
    "task2": 0.15143977402082717
  },
  "layer_13": {
    "task0": 0.4997891985328218,
    "task1": 0.5349403431847886,
    "task2": 0.11672077237657574
  },
  "layer_14": {
    "task0": 0.4987984316370842,
    "task1": 0.526750706184915,
    "task2": 0.12293941565833298
  },
  "layer_15": {
    "task0": 0.49968379779923267,
    "task1": 0.4504827353598381,
    "task2": 0.09692651460854168
  },
  "layer_16": {
    "task0": 0.4994729963320545,
    "task1": 0.39085754036848097,
    "task2": 0.09677895358151693
  },
  "layer_17": {
    "task0": 0.4985981702432649,
    "task1": 0.2521080146717821,
    "task2": 0.09342721025338337
  },
  "layer_18": {
    "task0": 0.4979025254015768,
    "task1": 0.23628736456005733,
    "task2": 0.08550107508748261
  },
  "layer_19": {
    "task0": 0.49937813567182426,
    "task1": 0.19414815127113286,
    "task2": 0.08233905307980943
  },
  "layer_2": {
    "task0": 0.5034044436949281,
    "task1": 0.17062270753404443,
    "task2": 0.1748808971710443
  },
  "layer_20": {
    "task0": 0.4996100172857203,
    "task1": 0.17191913655719043,
    "task2": 0.08525865340022766
  },
  "layer_21": {
    "task0": 0.49964163750579704,
    "task1": 0.1716872549432944,
    "task2": 0.07157763818036174
  },
  "layer_22": {
    "task0": 0.5007799654285594,
    "task1": 0.1504595471984485,
    "task2": 0.07055525106454741
  },
  "layer_23": {
    "task0": 0.49914625405792823,
    "task1": 0.14999578397065644,
    "task2": 0.07191492052784687
  },
  "layer_3": {
    "task0": 0.5,
    "task1": 0.26011847042455416,
    "task2": 0.17371094902820525
  },
  "layer_4": {
    "task0": 0.49606855263712635,
    "task1": 0.32777520131540117,
    "task2": 0.17354230785446267
  },
  "layer_5": {
    "task0": 0.5011699481428391,
    "task1": 0.41300223449555207,
    "task2": 0.15716303385471564
  },
  "layer_6": {
    "task0": 0.5007694253552005,
    "task1": 0.5166954762005144,
    "task2": 0.14981660272355496
  },
  "layer_7": {
    "task0": 0.5013912896833762,
    "task1": 0.2642290990345293,
    "task2": 0.09553522492516547
  },
  "layer_8": {
    "task0": 0.5032674227412622,
    "task1": 0.34610438888654665,
    "task2": 0.09471309920317045
  },
  "layer_9": {
    "task0": 0.49992621948648763,
    "task1": 0.2888717905476622,
    "task2": 0.11440195623761541
  }
}