{
  "layer_0": {
    "task0": 0.4999789136302294,
    "task1": 0.12498945681511471,
    "task2": 0.1818277665317139
  },
  "layer_1": {
    "task0": 0.49996837044534415,
    "task1": 0.1253162955465587,
    "task2": 0.17978238866396762
  },
  "layer_10": {
    "task0": 0.5162365047233468,
    "task1": 0.12884826248313092,
    "task2": 0.1403930499325236
  },
  "layer_11": {
    "task0": 0.5059779858299596,
    "task1": 0.13199013157894737,
    "task2": 0.18702555668016194
  },
  "layer_12": {
    "task0": 0.49995782726045884,
    "task1": 0.13930710188933873,
    "task2": 0.08613782051282051
  },
  "layer_13": {
    "task0": 0.5000210863697706,
    "task1": 0.11703989541160593,
    "task2": 0.15222250337381915
  },
  "layer_14": {
    "task0": 0.514570681511471,
    "task1": 0.11404563090418354,
    "task2": 0.1200763326585695
  },
  "layer_15": {
    "task0": 0.48979419703103916,
    "task1": 0.10323886639676114,
    "task2": 0.10618041497975708
  },
  "layer_16": {
    "task0": 0.48885585357624833,
    "task1": 0.12679234143049933,
    "task2": 0.10366059379217274
  },
  "layer_17": {
    "task0": 0.4924089068825911,
    "task1": 0.12372427462887989,
    "task2": 0.10080339068825911
  },
  "layer_18": {
    "task0": 0.5022351551956815,
    "task1": 0.1366502192982456,
    "task2": 0.17107371794871795
  },
  "layer_19": {
    "task0": 0.4745382085020243,
    "task1": 0.10645453778677463,
    "task2": 0.10169956140350878
  },
  "layer_2": {
    "task0": 0.4999789136302294,
    "task1": 0.1253057523616734,
    "task2": 0.16538039811066127
  },
  "layer_20": {
    "task0": 0.4888242240215924,
    "task1": 0.12046643049932523,
    "task2": 0.1113044028340081
  },
  "layer_21": {
    "task0": 0.4806427125506073,
    "task1": 0.11705043859649122,
    "task2": 0.11649164979757085
  },
  "layer_22": {
    "task0": 0.49909328609986503,
    "task1": 0.12026610998650472,
    "task2": 0.1475835020242915
  },
  "layer_23": {
    "task0": 0.4713014507422402,
    "task1": 0.1178306342780027,
    "task2": 0.11786226383265858
  },
  "layer_3": {
    "task0": 0.4984817813765182,
    "task1": 0.12622300944669365,
    "task2": 0.13857962213225372
  },
  "layer_4": {
    "task0": 0.4982814608636977,
    "task1": 0.1253162955465587,
    "task2": 0.17354082321187583
  },
  "layer_5": {
    "task0": 0.5,
    "task1": 0.12529520917678813,
    "task2": 0.07360197368421052
  },
  "layer_6": {
    "task0": 0.5000210863697706,
    "task1": 0.12526357962213225,
    "task2": 0.1818277665317139
  },
  "layer_7": {
    "task0": 0.5000210863697706,
    "task1": 0.12525303643724697,
    "task2": 0.17354082321187583
  },
  "layer_8": {
    "task0": 0.5167320344129555,
    "task1": 0.12192139001349528,
    "task2": 0.18024628879892038
  },
  "layer_9": {
    "task0": 0.5043648785425101,
    "task1": 0.08671769568151147,
    "task2": 0.15354040148448042
  }
}