{
  "layer_0": {
    "task0": 0.5,
    "task1": 0.08611239934229942,
    "task2": 0.18179518529448965
  },
  "layer_1": {
    "task0": 0.5,
    "task1": 0.11781694000590244,
    "task2": 0.18179518529448965
  },
  "layer_10": {
    "task0": 0.49992621948648763,
    "task1": 0.12532147223744677,
    "task2": 0.17819048020574224
  },
  "layer_11": {
    "task0": 0.49998945992664107,
    "task1": 0.1207576204730385,
    "task2": 0.10041527889034108
  },
  "layer_12": {
    "task0": 0.4999367595598465,
    "task1": 0.11816476242674649,
    "task2": 0.18179518529448965
  },
  "layer_13": {
    "task0": 0.5003056621274085,
    "task1": 0.12995910451536744,
    "task2": 0.17963447025591298
  },
  "layer_14": {
    "task0": 0.49992621948648763,
    "task1": 0.1287469960790927,
    "task2": 0.17093890973481177
  },
  "layer_15": {
    "task0": 0.49966271765251485,
    "task1": 0.11725831611788018,
    "task2": 0.11957713225684051
  },
  "layer_16": {
    "task0": 0.5009802268223786,
    "task1": 0.10779333024157849,
    "task2": 0.11640457017580842
  },
  "layer_17": {
    "task0": 0.4991251739112104,
    "task1": 0.12466798768919432,
    "task2": 0.11681563303680594
  },
  "layer_18": {
    "task0": 0.4999578397065644,
    "task1": 0.12617521817951852,
    "task2": 0.16255955141447784
  },
  "layer_19": {
    "task0": 0.5008959062355074,
    "task1": 0.12532147223744677,
    "task2": 0.11957713225684051
  },
  "layer_2": {
    "task0": 0.5,
    "task1": 0.08611239934229942,
    "task2": 0.18179518529448965
  },
  "layer_20": {
    "task0": 0.49694337872591593,
    "task1": 0.09929803111429655,
    "task2": 0.13688393271217167
  },
  "layer_21": {
    "task0": 0.50106454740925,
    "task1": 0.11775369956574898,
    "task2": 0.1167734727433703
  },
  "layer_22": {
    "task0": 0.4976284834942451,
    "task1": 0.13235170116784012,
    "task2": 0.1536531894261984
  },
  "layer_23": {
    "task0": 0.5,
    "task1": 0.11721615582444454,
    "task2": 0.12991694422193178
  },
  "layer_24": {
    "task0": 0.5017918124710148,
    "task1": 0.11526624225304608,
    "task2": 0.16275981280829716
  },
  "layer_25": {
    "task0": 0.5001581011003836,
    "task1": 0.11718453560436781,
    "task2": 0.17863316328681647
  },
  "layer_26": {
    "task0": 0.5000421602934356,
    "task1": 0.08603861882878705,
    "task2": 0.1254584931911126
  },
  "layer_27": {
    "task0": 0.5,
    "task1": 0.13369029048442177,
    "task2": 0.10765630928791264
  },
  "layer_28": {
    "task0": 0.4999156794131287,
    "task1": 0.09613600910662339,
    "task2": 0.11555082423373667
  },
  "layer_29": {
    "task0": 0.4985243897297525,
    "task1": 0.12395126270078839,
    "task2": 0.16575319364222774
  },
  "layer_3": {
    "task0": 0.5,
    "task1": 0.12532147223744677,
    "task2": 0.11958767233019942
  },
  "layer_30": {
    "task0": 0.5000105400733589,
    "task1": 0.1251422909903453,
    "task2": 0.13298410556937476
  },
  "layer_31": {
    "task0": 0.5000421602934356,
    "task1": 0.10004637632277921,
    "task2": 0.18240650954930646
  },
  "layer_4": {
    "task0": 0.5,
    "task1": 0.08611239934229942,
    "task2": 0.18179518529448965
  },
  "layer_5": {
    "task0": 0.5,
    "task1": 0.11781694000590244,
    "task2": 0.1814684430203634
  },
  "layer_6": {
    "task0": 0.5,
    "task1": 0.12159028626839243,
    "task2": 0.11983009401745436
  },
  "layer_7": {
    "task0": 0.5,
    "task1": 0.12532147223744677,
    "task2": 0.07359079219191365
  },
  "layer_8": {
    "task0": 0.5033517433281336,
    "task1": 0.12532147223744677,
    "task2": 0.11958767233019942
  },
  "layer_9": {
    "task0": 0.499061933471057,
    "task1": 0.12035709768539989,
    "task2": 0.15199839790884945
  }
}