{
  "layer_0": {
    "task0": 0.5,
    "task1": 0.08611239934229942,
    "task2": 0.18179518529448965
  },
  "layer_1": {
    "task0": 0.5,
    "task1": 0.11781694000590244,
    "task2": 0.18179518529448965
  },
  "layer_10": {
    "task0": 0.49996837977992326,
    "task1": 0.1204730384923479,
    "task2": 0.1639930013912897
  },
  "layer_11": {
    "task0": 0.49733336144019563,
    "task1": 0.11781694000590244,
    "task2": 0.15182975673510687
  },
  "layer_12": {
    "task0": 0.5000948606602302,
    "task1": 0.11782748007926135,
    "task2": 0.18179518529448965
  },
  "layer_13": {
    "task0": 0.49706985960622285,
    "task1": 0.10703444495973692,
    "task2": 0.15185083688182469
  },
  "layer_14": {
    "task0": 0.499293815084953,
    "task1": 0.12691302331464227,
    "task2": 0.17620894641426704
  },
  "layer_15": {
    "task0": 0.49966271765251485,
    "task1": 0.09110839411442304,
    "task2": 0.12234917155023399
  },
  "layer_16": {
    "task0": 0.4995046165521312,
    "task1": 0.1033243391374004,
    "task2": 0.12617521817951852
  },
  "layer_17": {
    "task0": 0.4986087103166238,
    "task1": 0.11755343817192968,
    "task2": 0.16841983220203213
  },
  "layer_18": {
    "task0": 0.49992621948648763,
    "task1": 0.11539272313335301,
    "task2": 0.16915763733715586
  },
  "layer_19": {
    "task0": 0.49776550444791096,
    "task1": 0.12519499135713985,
    "task2": 0.11989333445760783
  },
  "layer_2": {
    "task0": 0.5,
    "task1": 0.08611239934229942,
    "task2": 0.18179518529448965
  },
  "layer_20": {
    "task0": 0.49476158354062144,
    "task1": 0.0885893165816434,
    "task2": 0.1779691386652051
  },
  "layer_21": {
    "task0": 0.49923057464479953,
    "task1": 0.11779585985918462,
    "task2": 0.08557485560099498
  },
  "layer_22": {
    "task0": 0.49674311733209664,
    "task1": 0.10510561153505628,
    "task2": 0.1655845524684852
  },
  "layer_23": {
    "task0": 0.5000105400733589,
    "task1": 0.11803828154643957,
    "task2": 0.1322252202875332
  },
  "layer_24": {
    "task0": 0.4993465154517475,
    "task1": 0.11231502171255112,
    "task2": 0.16601669547620052
  },
  "layer_25": {
    "task0": 0.49839790884944557,
    "task1": 0.1206732998861672,
    "task2": 0.15371642986635187
  },
  "layer_26": {
    "task0": 0.4999578397065644,
    "task1": 0.13538724229520638,
    "task2": 0.14202748851132005
  },
  "layer_27": {
    "task0": 0.49984189889961633,
    "task1": 0.12627007883974872,
    "task2": 0.11131371474345461
  },
  "layer_28": {
    "task0": 0.5003794426409208,
    "task1": 0.1092057000716725,
    "task2": 0.10034149837682871
  },
  "layer_29": {
    "task0": 0.4993675955984654,
    "task1": 0.14224883005185715,
    "task2": 0.16712340317888613
  },
  "layer_3": {
    "task0": 0.5,
    "task1": 0.12532147223744677,
    "task2": 0.11958767233019942
  },
  "layer_30": {
    "task0": 0.5009064463088663,
    "task1": 0.11870230616805093,
    "task2": 0.1264281799401324
  },
  "layer_31": {
    "task0": 0.500948606602302,
    "task1": 0.13497617943420886,
    "task2": 0.15239892069648805
  },
  "layer_4": {
    "task0": 0.5,
    "task1": 0.08611239934229942,
    "task2": 0.18179518529448965
  },
  "layer_5": {
    "task0": 0.5,
    "task1": 0.11781694000590244,
    "task2": 0.1817635650744129
  },
  "layer_6": {
    "task0": 0.5,
    "task1": 0.12159028626839243,
    "task2": 0.17194021670390827
  },
  "layer_7": {
    "task0": 0.5,
    "task1": 0.12532147223744677,
    "task2": 0.07359079219191365
  },
  "layer_8": {
    "task0": 0.4999789198532822,
    "task1": 0.12532147223744677,
    "task2": 0.11958767233019942
  },
  "layer_9": {
    "task0": 0.4992200345714406,
    "task1": 0.12149542560816223,
    "task2": 0.17928664783506892
  }
}