{
  "layer_0": {
    "task0": 0.5,
    "task1": 0.12532147223744677,
    "task2": 0.18179518529448965
  },
  "layer_1": {
    "task0": 0.5000737805135124,
    "task1": 0.12527931194401112,
    "task2": 0.18179518529448965
  },
  "layer_10": {
    "task0": 0.49968379779923267,
    "task1": 0.1549179982292677,
    "task2": 0.14114212234917156
  },
  "layer_11": {
    "task0": 0.500231881613896,
    "task1": 0.13669421139171128,
    "task2": 0.13996163413297358
  },
  "layer_12": {
    "task0": 0.5001791812471015,
    "task1": 0.12878915637252836,
    "task2": 0.1405834984611493
  },
  "layer_13": {
    "task0": 0.5019393734980395,
    "task1": 0.12528985201737003,
    "task2": 0.13120283317171888
  },
  "layer_14": {
    "task0": 0.5000527003667945,
    "task1": 0.1374952569669885,
    "task2": 0.1303069269362115
  },
  "layer_15": {
    "task0": 0.5006113242548168,
    "task1": 0.12094734179349888,
    "task2": 0.09622032969349467
  },
  "layer_16": {
    "task0": 0.5008326657953539,
    "task1": 0.15356886883932713,
    "task2": 0.07843922593701252
  },
  "layer_17": {
    "task0": 0.500695644841688,
    "task1": 0.11337956912180108,
    "task2": 0.12828323285130064
  },
  "layer_18": {
    "task0": 0.502951220540495,
    "task1": 0.11964037269699397,
    "task2": 0.11724777604452127
  },
  "layer_19": {
    "task0": 0.5009802268223786,
    "task1": 0.1123888022260635,
    "task2": 0.09866562671276193
  },
  "layer_2": {
    "task0": 0.5,
    "task1": 0.12532147223744677,
    "task2": 0.1735739280745394
  },
  "layer_20": {
    "task0": 0.5044373708841013,
    "task1": 0.09334288966651208,
    "task2": 0.10051013955057127
  },
  "layer_21": {
    "task0": 0.4988932922973144,
    "task1": 0.09154053712213837,
    "task2": 0.14505248956532737
  },
  "layer_22": {
    "task0": 0.5013280492432227,
    "task1": 0.13016990598254563,
    "task2": 0.15818542097052996
  },
  "layer_23": {
    "task0": 0.50164425144399,
    "task1": 0.11679455289008811,
    "task2": 0.10848897508326658
  },
  "layer_3": {
    "task0": 0.5004005227876386,
    "task1": 0.12532147223744677,
    "task2": 0.18179518529448965
  },
  "layer_4": {
    "task0": 0.500695644841688,
    "task1": 0.12532147223744677,
    "task2": 0.17355284792782158
  },
  "layer_5": {
    "task0": 0.5,
    "task1": 0.12532147223744677,
    "task2": 0.07359079219191365
  },
  "layer_6": {
    "task0": 0.5,
    "task1": 0.12595387663898142,
    "task2": 0.18179518529448965
  },
  "layer_7": {
    "task0": 0.5,
    "task1": 0.12635439942662,
    "task2": 0.17355284792782158
  },
  "layer_8": {
    "task0": 0.5020869345250643,
    "task1": 0.12534255238416458,
    "task2": 0.12452042666216957
  },
  "layer_9": {
    "task0": 0.4994308360386188,
    "task1": 0.10045743918377673,
    "task2": 0.1411948227159661
  }
}