{
  "layer_0": {
    "task0": 0.4999789136302294,
    "task1": 0.1253162955465587,
    "task2": 0.17354082321187583
  },
  "layer_1": {
    "task0": 0.5000210863697706,
    "task1": 0.1253162955465587,
    "task2": 0.1818277665317139
  },
  "layer_10": {
    "task0": 0.49045841767881243,
    "task1": 0.1253162955465587,
    "task2": 0.17354082321187583
  },
  "layer_11": {
    "task0": 0.5000948886639676,
    "task1": 0.11319163292847503,
    "task2": 0.19737896423751686
  },
  "layer_12": {
    "task0": 0.4999789136302294,
    "task1": 0.1253162955465587,
    "task2": 0.10237432523616734
  },
  "layer_13": {
    "task0": 0.4999894568151147,
    "task1": 0.10683409244264508,
    "task2": 0.16732034412955465
  },
  "layer_14": {
    "task0": 0.5207279014844804,
    "task1": 0.1253162955465587,
    "task2": 0.11958080296896087
  },
  "layer_15": {
    "task0": 0.4999789136302294,
    "task1": 0.13229588394062078,
    "task2": 0.17354082321187583
  },
  "layer_16": {
    "task0": 0.5001265182186235,
    "task1": 0.1253162955465587,
    "task2": 0.1816169028340081
  },
  "layer_17": {
    "task0": 0.4999789136302294,
    "task1": 0.11747216599190283,
    "task2": 0.15649249325236167
  },
  "layer_18": {
    "task0": 0.5028572031039136,
    "task1": 0.10736125168690958,
    "task2": 0.16658232118758434
  },
  "layer_19": {
    "task0": 0.5,
    "task1": 0.17398363697705804,
    "task2": 0.18795335695006748
  },
  "layer_2": {
    "task0": 0.5000210863697706,
    "task1": 0.1253162955465587,
    "task2": 0.10372385290148448
  },
  "layer_20": {
    "task0": 0.49988402496626183,
    "task1": 0.1184737685560054,
    "task2": 0.17461622807017543
  },
  "layer_21": {
    "task0": 0.5000210863697706,
    "task1": 0.12469424763832658,
    "task2": 0.15037744601889338
  },
  "layer_22": {
    "task0": 0.5000210863697706,
    "task1": 0.12134151484480432,
    "task2": 0.11959134615384616
  },
  "layer_23": {
    "task0": 0.4999789136302294,
    "task1": 0.1214574898785425,
    "task2": 0.12297570850202429
  },
  "layer_24": {
    "task0": 0.4998945681511471,
    "task1": 0.05569964574898786,
    "task2": 0.17963478407557354
  },
  "layer_25": {
    "task0": 0.5000210863697706,
    "task1": 0.10517881241565452,
    "task2": 0.18271339406207826
  },
  "layer_26": {
    "task0": 0.5000421727395412,
    "task1": 0.166824814439946,
    "task2": 0.15779984817813766
  },
  "layer_27": {
    "task0": 0.5000105431848852,
    "task1": 0.08624325236167342,
    "task2": 0.14156334345479082
  },
  "layer_28": {
    "task0": 0.49995782726045884,
    "task1": 0.10969129554655871,
    "task2": 0.12149966261808368
  },
  "layer_29": {
    "task0": 0.5000210863697706,
    "task1": 0.1253162955465587,
    "task2": 0.1798878205128205
  },
  "layer_3": {
    "task0": 0.4999789136302294,
    "task1": 0.1253162955465587,
    "task2": 0.07360197368421052
  },
  "layer_30": {
    "task0": 0.49737474696356276,
    "task1": 0.166824814439946,
    "task2": 0.11754596828609987
  },
  "layer_31": {
    "task0": 0.5004955296896086,
    "task1": 0.11736673414304993,
    "task2": 0.16477943657219973
  },
  "layer_4": {
    "task0": 0.4999789136302294,
    "task1": 0.08611673414304993,
    "task2": 0.17354082321187583
  },
  "layer_5": {
    "task0": 0.4999789136302294,
    "task1": 0.1253162955465587,
    "task2": 0.11959134615384616
  },
  "layer_6": {
    "task0": 0.4999789136302294,
    "task1": 0.1253162955465587,
    "task2": 0.17354082321187583
  },
  "layer_7": {
    "task0": 0.4999789136302294,
    "task1": 0.08611673414304993,
    "task2": 0.14119433198380565
  },
  "layer_8": {
    "task0": 0.48933029689608637,
    "task1": 0.12050860323886639,
    "task2": 0.11959134615384616
  },
  "layer_9": {
    "task0": 0.4999789136302294,
    "task1": 0.1253162955465587,
    "task2": 0.17641911268556004
  }
}