{
  "layer_0": {
    "task0": 0.4999789136302294,
    "task1": 0.08611673414304993,
    "task2": 0.1818277665317139
  },
  "layer_1": {
    "task0": 0.5000210863697706,
    "task1": 0.1178200910931174,
    "task2": 0.1818277665317139
  },
  "layer_10": {
    "task0": 0.4999789136302294,
    "task1": 0.1253162955465587,
    "task2": 0.11960188933873145
  },
  "layer_11": {
    "task0": 0.4999789136302294,
    "task1": 0.1570934547908232,
    "task2": 0.16881747638326586
  },
  "layer_12": {
    "task0": 0.4999789136302294,
    "task1": 0.11680794534412955,
    "task2": 0.17953989541160595
  },
  "layer_13": {
    "task0": 0.4999789136302294,
    "task1": 0.1249051113360324,
    "task2": 0.11555330634278002
  },
  "layer_14": {
    "task0": 0.4999789136302294,
    "task1": 0.11339195344129555,
    "task2": 0.0871077935222672
  },
  "layer_15": {
    "task0": 0.5001686909581646,
    "task1": 0.127034834682861,
    "task2": 0.13019779014844804
  },
  "layer_16": {
    "task0": 0.5002424932523617,
    "task1": 0.11866354588394062,
    "task2": 0.10875295209176788
  },
  "layer_17": {
    "task0": 0.4999789136302294,
    "task1": 0.1560602226720648,
    "task2": 0.09013368758434548
  },
  "layer_18": {
    "task0": 0.4999789136302294,
    "task1": 0.16810053981106612,
    "task2": 0.07099780701754387
  },
  "layer_19": {
    "task0": 0.4999789136302294,
    "task1": 0.1178200910931174,
    "task2": 0.14610745614035087
  },
  "layer_2": {
    "task0": 0.4999789136302294,
    "task1": 0.08611673414304993,
    "task2": 0.1818277665317139
  },
  "layer_20": {
    "task0": 0.4999789136302294,
    "task1": 0.16666666666666666,
    "task2": 0.0871077935222672
  },
  "layer_21": {
    "task0": 0.4995466430499325,
    "task1": 0.1687647604588394,
    "task2": 0.15570175438596492
  },
  "layer_22": {
    "task0": 0.5127256241565452,
    "task1": 0.07098726383265858,
    "task2": 0.08737137314439947
  },
  "layer_23": {
    "task0": 0.4999789136302294,
    "task1": 0.11443572874493928,
    "task2": 0.18273448043184884
  },
  "layer_24": {
    "task0": 0.5000738022941971,
    "task1": 0.15887525303643724,
    "task2": 0.1253373819163293
  },
  "layer_25": {
    "task0": 0.5008961707152496,
    "task1": 0.15930752361673414,
    "task2": 0.1163229588394062
  },
  "layer_26": {
    "task0": 0.5000421727395412,
    "task1": 0.1670567645074224,
    "task2": 0.18074181848852902
  },
  "layer_27": {
    "task0": 0.4999789136302294,
    "task1": 0.16430499325236167,
    "task2": 0.1271508097165992
  },
  "layer_28": {
    "task0": 0.4999156545209177,
    "task1": 0.15342442645074225,
    "task2": 0.08696018893387314
  },
  "layer_29": {
    "task0": 0.49995782726045884,
    "task1": 0.1251159750337382,
    "task2": 0.1415000843454791
  },
  "layer_3": {
    "task0": 0.5000210863697706,
    "task1": 0.1253162955465587,
    "task2": 0.11959134615384616
  },
  "layer_30": {
    "task0": 0.49994728407557354,
    "task1": 0.11745107962213225,
    "task2": 0.12644441632928474
  },
  "layer_31": {
    "task0": 0.5000210863697706,
    "task1": 0.12535846828609987,
    "task2": 0.13182144062078271
  },
  "layer_4": {
    "task0": 0.5000210863697706,
    "task1": 0.1253162955465587,
    "task2": 0.11959134615384616
  },
  "layer_5": {
    "task0": 0.5000210863697706,
    "task1": 0.1253057523616734,
    "task2": 0.11941211201079623
  },
  "layer_6": {
    "task0": 0.5000210863697706,
    "task1": 0.1253057523616734,
    "task2": 0.14117324561403508
  },
  "layer_7": {
    "task0": 0.4999789136302294,
    "task1": 0.1253162955465587,
    "task2": 0.11959134615384616
  },
  "layer_8": {
    "task0": 0.5000210863697706,
    "task1": 0.1178200910931174,
    "task2": 0.1818277665317139
  },
  "layer_9": {
    "task0": 0.5002214068825911,
    "task1": 0.16691970310391363,
    "task2": 0.11941211201079623
  }
}