{
  "layer_0": {
    "task0": 0.5,
    "task1": 0.08611239934229942,
    "task2": 0.17355284792782158
  },
  "layer_1": {
    "task0": 0.5,
    "task1": 0.12977992326826596,
    "task2": 0.11958767233019942
  },
  "layer_10": {
    "task0": 0.5069248281968043,
    "task1": 0.08751422909903453,
    "task2": 0.1434820186348497
  },
  "layer_11": {
    "task0": 0.49264302879548044,
    "task1": 0.13029638686285255,
    "task2": 0.17230911927147013
  },
  "layer_12": {
    "task0": 0.499884059193052,
    "task1": 0.11205151987857835,
    "task2": 0.1420064083646022
  },
  "layer_13": {
    "task0": 0.486793288081285,
    "task1": 0.0923626628441334,
    "task2": 0.2017686243096252
  },
  "layer_14": {
    "task0": 0.5077258737720814,
    "task1": 0.13372191070449851,
    "task2": 0.1157827058476327
  },
  "layer_15": {
    "task0": 0.49029259243644335,
    "task1": 0.09527172309119271,
    "task2": 0.12606981744592943
  },
  "layer_16": {
    "task0": 0.4851806568573717,
    "task1": 0.09768539989038323,
    "task2": 0.0918778194696235
  },
  "layer_17": {
    "task0": 0.5011383279227624,
    "task1": 0.11975631350394199,
    "task2": 0.13328976769678316
  },
  "layer_18": {
    "task0": 0.5000316202200767,
    "task1": 0.13019098612926347,
    "task2": 0.11829124330705341
  },
  "layer_19": {
    "task0": 0.4503878746996079,
    "task1": 0.09672625321472238,
    "task2": 0.1504490071250896
  },
  "layer_2": {
    "task0": 0.5,
    "task1": 0.15129221299380244,
    "task2": 0.17355284792782158
  },
  "layer_20": {
    "task0": 0.4526539904717737,
    "task1": 0.09199376027657152,
    "task2": 0.1227496943378726
  },
  "layer_21": {
    "task0": 0.4545406636030187,
    "task1": 0.09323748893292297,
    "task2": 0.1495636409629411
  },
  "layer_22": {
    "task0": 0.4308360386188288,
    "task1": 0.08719802689826721,
    "task2": 0.18063577722500948
  },
  "layer_23": {
    "task0": 0.4930224714364012,
    "task1": 0.11405413381677136,
    "task2": 0.17130781230237363
  },
  "layer_3": {
    "task0": 0.5,
    "task1": 0.08611239934229942,
    "task2": 0.17999283275011593
  },
  "layer_4": {
    "task0": 0.4992621948648763,
    "task1": 0.12530039209072896,
    "task2": 0.11958767233019942
  },
  "layer_5": {
    "task0": 0.4955099287491041,
    "task1": 0.14142670432986212,
    "task2": 0.13746363674691175
  },
  "layer_6": {
    "task0": 0.4999051393397698,
    "task1": 0.12532147223744677,
    "task2": 0.12330831822589486
  },
  "layer_7": {
    "task0": 0.4870989502086934,
    "task1": 0.10809899236898689,
    "task2": 0.11958767233019942
  },
  "layer_8": {
    "task0": 0.4997048779459505,
    "task1": 0.12022007673173406,
    "task2": 0.17340528690079682
  },
  "layer_9": {
    "task0": 0.5007272650617648,
    "task1": 0.12140056494793204,
    "task2": 0.13666259117163457
  }
}