{
  "layer_0": {
    "task0": 0.5,
    "task1": 0.12498418988996163,
    "task2": 0.18179518529448965
  },
  "layer_1": {
    "task0": 0.4974493022471436,
    "task1": 0.12181162780892955,
    "task2": 0.11958767233019942
  },
  "layer_10": {
    "task0": 0.4974703823938615,
    "task1": 0.13054934862346643,
    "task2": 0.11756397824528858
  },
  "layer_11": {
    "task0": 0.4975020026139382,
    "task1": 0.1107023904886378,
    "task2": 0.17850668240650955
  },
  "layer_12": {
    "task0": 0.5050908554323538,
    "task1": 0.1773578144103883,
    "task2": 0.12070492010624394
  },
  "layer_13": {
    "task0": 0.49796576584173025,
    "task1": 0.15336860744550782,
    "task2": 0.13050718833003078
  },
  "layer_14": {
    "task0": 0.5028352797335469,
    "task1": 0.11415953455036047,
    "task2": 0.10848897508326658
  },
  "layer_15": {
    "task0": 0.5000527003667945,
    "task1": 0.13059150891690205,
    "task2": 0.12339263881276613
  },
  "layer_16": {
    "task0": 0.518740250432143,
    "task1": 0.16648045870399258,
    "task2": 0.1254584931911126
  },
  "layer_17": {
    "task0": 0.5157047093047767,
    "task1": 0.15181921666174797,
    "task2": 0.09291074665879674
  },
  "layer_18": {
    "task0": 0.5222395547873013,
    "task1": 0.11766937897887769,
    "task2": 0.13259412285509506
  },
  "layer_19": {
    "task0": 0.5892638812766137,
    "task1": 0.09095029301403938,
    "task2": 0.10146928622623214
  },
  "layer_2": {
    "task0": 0.5,
    "task1": 0.12532147223744677,
    "task2": 0.15863864412496312
  },
  "layer_20": {
    "task0": 0.495636409629411,
    "task1": 0.1447784476579957,
    "task2": 0.1442619840634091
  },
  "layer_21": {
    "task0": 0.5203528816560563,
    "task1": 0.10365108141152662,
    "task2": 0.1354926430287955
  },
  "layer_22": {
    "task0": 0.501180488216198,
    "task1": 0.13227792065432775,
    "task2": 0.17534466039883637
  },
  "layer_23": {
    "task0": 0.4969117585058392,
    "task1": 0.10918461992495468,
    "task2": 0.10378810236519247
  },
  "layer_3": {
    "task0": 0.5,
    "task1": 0.11770099919895442,
    "task2": 0.10747712804081117
  },
  "layer_4": {
    "task0": 0.4962055735907922,
    "task1": 0.12531093216408787,
    "task2": 0.17355284792782158
  },
  "layer_5": {
    "task0": 0.5,
    "task1": 0.12532147223744677,
    "task2": 0.23433745098865888
  },
  "layer_6": {
    "task0": 0.5,
    "task1": 0.1271449049285383,
    "task2": 0.18659091867279395
  },
  "layer_7": {
    "task0": 0.5,
    "task1": 0.1278510898435853,
    "task2": 0.17355284792782158
  },
  "layer_8": {
    "task0": 0.49998945992664107,
    "task1": 0.08252877440026983,
    "task2": 0.1916079935916354
  },
  "layer_9": {
    "task0": 0.4993043551583119,
    "task1": 0.17309962477338842,
    "task2": 0.14924743876217378
  }
}