{
  "layer_0": {
    "task0": 0.49919871794871795,
    "task1": 0.1297022604588394,
    "task2": 0.17428938933873145
  },
  "layer_1": {
    "task0": 0.4999789136302294,
    "task1": 0.1562394568151147,
    "task2": 0.17752614709851552
  },
  "layer_10": {
    "task0": 0.5926429655870445,
    "task1": 0.5408337550607287,
    "task2": 0.7611863191632928
  },
  "layer_11": {
    "task0": 0.6904204622132254,
    "task1": 0.6935517881241565,
    "task2": 0.8816316632928475
  },
  "layer_12": {
    "task0": 0.8609248481781376,
    "task1": 0.7056659075573549,
    "task2": 0.88771508097166
  },
  "layer_13": {
    "task0": 0.8877361673414305,
    "task1": 0.737390350877193,
    "task2": 0.8850476551956815
  },
  "layer_14": {
    "task0": 0.8602711707152496,
    "task1": 0.7090397267206477,
    "task2": 0.8660699224021593
  },
  "layer_15": {
    "task0": 0.8608405026990553,
    "task1": 0.7502108636977058,
    "task2": 0.9059442476383266
  },
  "layer_16": {
    "task0": 0.8593539136302294,
    "task1": 0.718897604588394,
    "task2": 0.9090334008097166
  },
  "layer_17": {
    "task0": 0.8458059210526315,
    "task1": 0.693931342780027,
    "task2": 0.8909834682860999
  },
  "layer_18": {
    "task0": 0.8337656039136302,
    "task1": 0.6480052294197031,
    "task2": 0.8753162955465587
  },
  "layer_19": {
    "task0": 0.8300227732793523,
    "task1": 0.6402454453441295,
    "task2": 0.8630123987854251
  },
  "layer_2": {
    "task0": 0.5014338731443995,
    "task1": 0.13471027327935223,
    "task2": 0.17544913967611336
  },
  "layer_20": {
    "task0": 0.8170230263157895,
    "task1": 0.602616818488529,
    "task2": 0.8485155195681512
  },
  "layer_21": {
    "task0": 0.8126897773279352,
    "task1": 0.6120318825910931,
    "task2": 0.8473346828609987
  },
  "layer_22": {
    "task0": 0.7973810728744939,
    "task1": 0.5696166497975709,
    "task2": 0.8289789979757085
  },
  "layer_23": {
    "task0": 0.7875759109311741,
    "task1": 0.5415928643724697,
    "task2": 0.8248776990553306
  },
  "layer_3": {
    "task0": 0.5000210863697706,
    "task1": 0.26627867746288797,
    "task2": 0.17472165991902833
  },
  "layer_4": {
    "task0": 0.5436698717948718,
    "task1": 0.23569289811066127,
    "task2": 0.17630313765182187
  },
  "layer_5": {
    "task0": 0.54524080634278,
    "task1": 0.39902791835357626,
    "task2": 0.26297866059379216
  },
  "layer_6": {
    "task0": 0.5543079453441295,
    "task1": 0.4770264001349528,
    "task2": 0.4423287786774629
  },
  "layer_7": {
    "task0": 0.515772604588394,
    "task1": 0.587171052631579,
    "task2": 0.6225012651821862
  },
  "layer_8": {
    "task0": 0.5107751349527665,
    "task1": 0.46655701754385964,
    "task2": 0.6733088731443995
  },
  "layer_9": {
    "task0": 0.5052610492577598,
    "task1": 0.478997975708502,
    "task2": 0.7000780195681512
  }
}