{
  "layer_0": {
    "task0": 0.5,
    "task1": 0.08611239934229942,
    "task2": 0.18179518529448965
  },
  "layer_1": {
    "task0": 0.5,
    "task1": 0.11781694000590244,
    "task2": 0.18179518529448965
  },
  "layer_10": {
    "task0": 0.5,
    "task1": 0.12532147223744677,
    "task2": 0.11958767233019942
  },
  "layer_11": {
    "task0": 0.5,
    "task1": 0.14628567814831991,
    "task2": 0.1697795016653316
  },
  "layer_12": {
    "task0": 0.5,
    "task1": 0.10890003794426409,
    "task2": 0.09452337788271006
  },
  "layer_13": {
    "task0": 0.5,
    "task1": 0.12533201231080568,
    "task2": 0.10375648214511574
  },
  "layer_14": {
    "task0": 0.5,
    "task1": 0.09887642817994013,
    "task2": 0.08712424638475484
  },
  "layer_15": {
    "task0": 0.5,
    "task1": 0.15042792697837176,
    "task2": 0.11866014587461529
  },
  "layer_16": {
    "task0": 0.5,
    "task1": 0.11810152198659303,
    "task2": 0.10746658796745226
  },
  "layer_17": {
    "task0": 0.5,
    "task1": 0.14114212234917156,
    "task2": 0.08712424638475484
  },
  "layer_18": {
    "task0": 0.4762532147223745,
    "task1": 0.16732366457270542,
    "task2": 0.08498461149289599
  },
  "layer_19": {
    "task0": 0.5,
    "task1": 0.11781694000590244,
    "task2": 0.14172182638391162
  },
  "layer_2": {
    "task0": 0.5,
    "task1": 0.08611239934229942,
    "task2": 0.18179518529448965
  },
  "layer_20": {
    "task0": 0.5,
    "task1": 0.1657953539356634,
    "task2": 0.08712424638475484
  },
  "layer_21": {
    "task0": 0.49998945992664107,
    "task1": 0.17173995531008895,
    "task2": 0.09382773304102196
  },
  "layer_22": {
    "task0": 0.5004532231544332,
    "task1": 0.08512163244656183,
    "task2": 0.08685020447742316
  },
  "layer_23": {
    "task0": 0.5,
    "task1": 0.12896833761962984,
    "task2": 0.1818478856612842
  },
  "layer_24": {
    "task0": 0.5,
    "task1": 0.1511551920401366,
    "task2": 0.120462498418989
  },
  "layer_25": {
    "task0": 0.5001054007335891,
    "task1": 0.1346178169400059,
    "task2": 0.15489691808254985
  },
  "layer_26": {
    "task0": 0.5,
    "task1": 0.1668072009781188,
    "task2": 0.1817424849276951
  },
  "layer_27": {
    "task0": 0.5,
    "task1": 0.1668072009781188,
    "task2": 0.1408997006619166
  },
  "layer_28": {
    "task0": 0.5000105400733589,
    "task1": 0.13082339053079808,
    "task2": 0.13933976980479784
  },
  "layer_29": {
    "task0": 0.5,
    "task1": 0.12472068805598888,
    "task2": 0.14116320249588937
  },
  "layer_3": {
    "task0": 0.5,
    "task1": 0.12532147223744677,
    "task2": 0.11958767233019942
  },
  "layer_30": {
    "task0": 0.5,
    "task1": 0.13413297356549603,
    "task2": 0.11972469328386526
  },
  "layer_31": {
    "task0": 0.5,
    "task1": 0.12559551414477846,
    "task2": 0.14613811712129515
  },
  "layer_4": {
    "task0": 0.5,
    "task1": 0.12532147223744677,
    "task2": 0.11958767233019942
  },
  "layer_5": {
    "task0": 0.5,
    "task1": 0.12532147223744677,
    "task2": 0.11939795100973903
  },
  "layer_6": {
    "task0": 0.5,
    "task1": 0.12532147223744677,
    "task2": 0.1411948227159661
  },
  "layer_7": {
    "task0": 0.5,
    "task1": 0.12532147223744677,
    "task2": 0.11958767233019942
  },
  "layer_8": {
    "task0": 0.5,
    "task1": 0.11781694000590244,
    "task2": 0.18179518529448965
  },
  "layer_9": {
    "task0": 0.5000421602934356,
    "task1": 0.16792444875416332,
    "task2": 0.11939795100973903
  }
}