{
  "layer_0": {
    "task0": 0.5,
    "task1": 0.19424301193136304,
    "task2": 0.18488342678865044
  },
  "layer_1": {
    "task0": 0.5000210801467179,
    "task1": 0.23845861967199292,
    "task2": 0.20090433829419452
  },
  "layer_10": {
    "task0": 0.5093701252160715,
    "task1": 0.7590433829419453,
    "task2": 0.28154643956321934
  },
  "layer_11": {
    "task0": 0.5111092373202918,
    "task1": 0.7691618533664994,
    "task2": 0.28453982039715
  },
  "layer_12": {
    "task0": 0.5155149879843164,
    "task1": 0.7813883384628357,
    "task2": 0.31970150512247564
  },
  "layer_13": {
    "task0": 0.5149669041696531,
    "task1": 0.8149690121843248,
    "task2": 0.33257093469370547
  },
  "layer_14": {
    "task0": 0.5152093258569079,
    "task1": 0.7925186559298453,
    "task2": 0.3192904422614781
  },
  "layer_15": {
    "task0": 0.5142396391078882,
    "task1": 0.7855095071461697,
    "task2": 0.3240334752729879
  },
  "layer_16": {
    "task0": 0.512858889497871,
    "task1": 0.7807875542813778,
    "task2": 0.32329567013786414
  },
  "layer_17": {
    "task0": 0.5124478266368734,
    "task1": 0.7258948522281715,
    "task2": 0.3152746743117332
  },
  "layer_18": {
    "task0": 0.5117838020152621,
    "task1": 0.6916185336649943,
    "task2": 0.31494793203760696
  },
  "layer_19": {
    "task0": 0.5100973902778363,
    "task1": 0.6629495341287576,
    "task2": 0.3043235380918251
  },
  "layer_2": {
    "task0": 0.5001791812471015,
    "task1": 0.28241072557865005,
    "task2": 0.20039841477296683
  },
  "layer_20": {
    "task0": 0.5106665542392175,
    "task1": 0.6288418567393229,
    "task2": 0.305282684767486
  },
  "layer_21": {
    "task0": 0.5099919895442472,
    "task1": 0.6220118892027489,
    "task2": 0.2926240566634344
  },
  "layer_22": {
    "task0": 0.50812639655972,
    "task1": 0.5717568194274633,
    "task2": 0.2921392132889245
  },
  "layer_23": {
    "task0": 0.5070091487836755,
    "task1": 0.5488743201652684,
    "task2": 0.2876913023314642
  },
  "layer_3": {
    "task0": 0.5022239554787301,
    "task1": 0.35906867911800666,
    "task2": 0.1962983262363506
  },
  "layer_4": {
    "task0": 0.5035625447953118,
    "task1": 0.4787512121084363,
    "task2": 0.18542097052995488
  },
  "layer_5": {
    "task0": 0.49848222943631687,
    "task1": 0.5873666680720098,
    "task2": 0.19078586786964039
  },
  "layer_6": {
    "task0": 0.505428137779839,
    "task1": 0.6207049201062439,
    "task2": 0.18644335764576922
  },
  "layer_7": {
    "task0": 0.5053859774864033,
    "task1": 0.6824486698427421,
    "task2": 0.18497828744888065
  },
  "layer_8": {
    "task0": 0.5042792697837177,
    "task1": 0.659945613221468,
    "task2": 0.18519962898941777
  },
  "layer_9": {
    "task0": 0.5046165521312028,
    "task1": 0.6878241072557865,
    "task2": 0.22266958978034487
  }
}