{
  "layer_0": {
    "task0": 0.5,
    "task1": 0.08611239934229942,
    "task2": 0.17355284792782158
  },
  "layer_1": {
    "task0": 0.5,
    "task1": 0.08513217251992074,
    "task2": 0.11958767233019942
  },
  "layer_10": {
    "task0": 0.49915679413128716,
    "task1": 0.09357477128040811,
    "task2": 0.13965597200556515
  },
  "layer_11": {
    "task0": 0.5009591466756609,
    "task1": 0.12266537375100131,
    "task2": 0.16146338378515115
  },
  "layer_12": {
    "task0": 0.499061933471057,
    "task1": 0.12666006155402842,
    "task2": 0.10095282263164551
  },
  "layer_13": {
    "task0": 0.49696445887263374,
    "task1": 0.12847295417176102,
    "task2": 0.14382984105569374
  },
  "layer_14": {
    "task0": 0.500358362494203,
    "task1": 0.12342425903284286,
    "task2": 0.11694211391711286
  },
  "layer_15": {
    "task0": 0.4976179434208862,
    "task1": 0.0970529954888486,
    "task2": 0.12097896201357561
  },
  "layer_16": {
    "task0": 0.4996732577258738,
    "task1": 0.10138496563936085,
    "task2": 0.11325308824149416
  },
  "layer_17": {
    "task0": 0.49905139339769805,
    "task1": 0.1132003878746996,
    "task2": 0.13177199713310003
  },
  "layer_18": {
    "task0": 0.49782874488806445,
    "task1": 0.11821746279354105,
    "task2": 0.11344280956195456
  },
  "layer_19": {
    "task0": 0.5007272650617648,
    "task1": 0.12088410135334542,
    "task2": 0.12409882372781314
  },
  "layer_2": {
    "task0": 0.5,
    "task1": 0.12581685568531556,
    "task2": 0.14377714068889919
  },
  "layer_20": {
    "task0": 0.5013702095366583,
    "task1": 0.11980901387073654,
    "task2": 0.1404043172140478
  },
  "layer_21": {
    "task0": 0.5006113242548168,
    "task1": 0.11113453349635313,
    "task2": 0.11649943083603861
  },
  "layer_22": {
    "task0": 0.500358362494203,
    "task1": 0.10869977655044478,
    "task2": 0.12357182005986761
  },
  "layer_23": {
    "task0": 0.5015599308571188,
    "task1": 0.1152873223997639,
    "task2": 0.1367996121253004
  },
  "layer_3": {
    "task0": 0.5,
    "task1": 0.08611239934229942,
    "task2": 0.18179518529448965
  },
  "layer_4": {
    "task0": 0.5,
    "task1": 0.12532147223744677,
    "task2": 0.11958767233019942
  },
  "layer_5": {
    "task0": 0.5000737805135124,
    "task1": 0.12532147223744677,
    "task2": 0.13517644082802815
  },
  "layer_6": {
    "task0": 0.500695644841688,
    "task1": 0.12532147223744677,
    "task2": 0.11957713225684051
  },
  "layer_7": {
    "task0": 0.5004216029343564,
    "task1": 0.14897339685484212,
    "task2": 0.11974577343058308
  },
  "layer_8": {
    "task0": 0.5,
    "task1": 0.11751127787849404,
    "task2": 0.17355284792782158
  },
  "layer_9": {
    "task0": 0.5006324044015347,
    "task1": 0.1361988279438425,
    "task2": 0.11340064926851891
  }
}